Ticker,Sector,Probability_Top_20,Latest_Date,Return_252d,Volatility_20d,Forward_PE,Revenue_Growth,Earnings_Growth,ROE
DBGI,Consumer Cyclical,0.6072331,2026-09-21,-0.9866989800058581,0.2091103736845329,10.420742,-0.463,0.167,-11.618979
CRDO,Technology,0.52938575,2026-09-21,0.08594972879363905,0.06363460382577543,19.25219,1.147,0.971,0.30674
SEATW,Unknown,0.5237747,2026-09-18,-0.8018018054300368,0.1129568196509274,10.420742,0.098,0.167,0.05251
HKPD,Unknown,0.49555755,2026-09-21,-0.912074077357644,0.1171720676159194,10.420742,0.098,0.167,0.05251
SQFT,Unknown,0.49280977,2026-09-21,-0.8324175833173023,0.08840572546731142,10.420742,0.098,0.167,0.05251
WKSP,Unknown,0.48551738,2026-09-21,-0.8731858474173185,0.07420057465048524,10.420742,0.098,0.167,0.05251
FAMI,Unknown,0.47616097,2026-09-21,-0.9291836773048385,0.10230435636139677,10.420742,0.098,0.167,0.05251
ZBAO,Unknown,0.47584248,2026-09-21,-0.8906046547177934,0.06950965910216364,10.420742,0.098,0.167,0.05251
WALDW,Unknown,0.47381616,2026-09-21,-0.8108695629286968,0.2682217566315867,10.420742,0.098,0.167,0.05251
FNGR,Unknown,0.47188684,2026-09-21,-0.9174999934363931,0.32149121128548364,10.420742,0.098,0.167,0.05251
ASST,Financial Services,0.4637319,2026-09-21,-0.6068062785921291,0.04845684695346332,-27.709677,0.946,0.167,-1.3705701
CDNA,Healthcare,0.4633871,2026-09-21,2.6506429585520372,0.024725256385037735,40.68284,0.522,0.167,0.29487
TCRX,Unknown,0.46338445,2026-09-21,-0.8087209356321134,0.10341589282527897,10.420742,0.098,0.167,0.05251
AYA,Basic Materials,0.4629844,2026-09-21,1.5757847799047902,0.03966799700022998,12.473913,1.507,2.833,0.25743
ALAB,Technology,0.4597378,2026-09-21,0.3457996046333214,0.060910419208375054,52.831165,1.045,1.862,0.25826
AVPT,Technology,0.45879096,2026-09-21,-0.1538220499898627,0.02976222714967334,27.268875,0.22,11.0,0.16246
MOBX,Unknown,0.45823622,2026-09-21,-0.8963181288400244,0.10968330834687132,10.420742,0.098,0.167,0.05251
RIME,Unknown,0.45679337,2026-09-21,-0.906493501751809,0.06515258262934631,10.420742,0.098,0.167,0.05251
MDCX,Unknown,0.4567358,2026-09-21,-0.9303292180292713,0.08408250937232711,10.420742,0.098,0.167,0.05251
VIVS,Unknown,0.45249063,2026-09-21,-0.9362340951908911,0.0422370529407576,10.420742,0.098,0.167,0.05251
CRMT,Consumer Cyclical,0.45238432,2026-09-21,-0.9504979470581689,0.11391491457981082,-0.75884956,-0.576,0.167,-0.42953
ALHC,Healthcare,0.4516386,2026-09-21,-0.5094053238638718,0.05722305739698324,10.797342,0.316,1.429,0.20044
DVLT,Unknown,0.45138186,2026-09-21,-0.6087804766001976,0.08573732214485039,10.420742,0.098,0.167,0.05251
BBLGW,,0.4482847,2026-09-18,-0.6092396719323745,0.1044490188535187,10.420742,0.098,0.167,-0.5496
RAIN,Unknown,0.44727734,2026-09-21,-0.8556701027126923,0.0836812794852214,10.420742,0.098,0.167,0.05251
ABCL,Healthcare,0.4459458,2026-09-21,1.6726695618361345,0.055789131735941,-17.647833,-0.763,0.167,-0.17304
SCAG,Unknown,0.4344008,2026-09-21,-0.9191919217765507,0.053494323029873614,10.420742,0.098,0.167,0.05251
MRNO,Unknown,0.43318608,2026-09-21,-0.8871024707073702,0.1340902338333203,10.420742,0.098,0.167,0.05251
ORBS,Unknown,0.4327472,2026-09-21,-0.9159362604371294,0.09497114333104338,10.420742,0.098,0.167,0.05251
MBRX,Unknown,0.43235767,2026-09-21,-0.9477572821134311,0.09394495623779617,10.420742,0.098,0.167,0.05251
SPWR,Unknown,0.43105146,2026-09-21,-0.809030291658897,0.14524623973746595,10.420742,0.098,0.167,0.05251
RADX,Unknown,0.43031982,2026-09-21,-0.7540500785763034,0.06724975168770005,10.420742,0.098,0.167,0.05251
BWAY,Healthcare,0.4262666,2026-09-21,0.6998746300702714,0.016469145124342555,26.693903,0.354,0.646,0.12817
SBFM,Unknown,0.425964,2026-09-21,-0.937414964039017,0.057991680406646026,10.420742,0.098,0.167,0.05251
ZEO,Unknown,0.42539552,2026-09-21,-0.6895789433727634,0.09824784022494253,10.420742,0.098,0.167,0.05251
GSUN,Unknown,0.42524487,2026-09-21,-0.9206249984314567,0.1277312746614112,10.420742,0.098,0.167,0.05251
NIXX,Unknown,0.42508575,2026-09-21,-0.7786309500959386,0.050358482398603466,10.420742,0.098,0.167,0.05251
FLX,Unknown,0.4246988,2026-09-21,-0.7596562503329478,0.07362354137276576,10.420742,0.098,0.167,0.05251
GNTA,Unknown,0.42051795,2026-09-21,-0.7794407931370584,0.04800592990383747,10.420742,0.098,0.167,0.05251
TAOP,Unknown,0.41982034,2026-09-21,-0.8002970357173854,0.09740388067721581,10.420742,0.098,0.167,0.05251
NXGL,Unknown,0.41932568,2026-09-21,-0.8963320428045132,0.05354005003812903,10.420742,0.098,0.167,0.05251
LX,Unknown,0.41822356,2026-09-21,-0.8545378263541257,0.053947398411653184,10.420742,0.098,0.167,0.05251
ANET,Technology,0.41816965,2026-09-21,0.39758622734617144,0.028911908006531116,39.770206,0.377,0.357,0.31476
SURG,Unknown,0.41732043,2026-09-21,-0.9457986115595257,0.05252726115271723,10.420742,0.098,0.167,0.05251
BRRWW,,0.41715473,2026-09-21,-0.6,0.07623535295755712,10.420742,0.098,0.167,0.05251
TEAD,Unknown,0.4148709,2026-09-21,-0.7310982648364572,0.07306506222209004,10.420742,0.098,0.167,0.05251
HPAI,Unknown,0.4146784,2026-09-21,-0.9247749969363213,0.06230076818598538,10.420742,0.098,0.167,0.05251
ZOOZ,Unknown,0.4133112,2026-09-21,-0.8276824035213095,0.08594555556286834,10.420742,0.098,0.167,0.05251
CLMT,Basic Materials,0.4128022,2026-09-21,2.083423097458227,0.024006578073725943,90.85715,0.408,0.167,0.05251
CORT,Healthcare,0.41201416,2026-09-21,0.4304510922366993,0.020735241470192685,26.089722,0.317,0.241,0.08226
LPSN,Unknown,0.4109219,2026-07-16,-0.8769670813831498,0.03730785246547621,10.420742,0.098,0.167,0.05251
VSTD,Unknown,0.41004488,2026-09-18,-0.9998245613990896,1.749186836954536,10.420742,0.098,0.167,0.05251
FLD,Unknown,0.40922076,2026-09-21,-0.8235294097022615,0.06572991843278934,10.420742,0.098,0.167,0.05251
VSEE,Unknown,0.4090366,2026-09-21,-0.9745839651109944,0.11962722280237967,10.420742,0.098,0.167,0.05251
LHAI,Unknown,0.40868667,2026-09-21,-0.8683914609785771,0.1002891699242869,10.420742,0.098,0.167,0.05251
NMRA,Unknown,0.40830448,2026-09-21,-0.5599363027581763,0.04374377536158125,10.420742,0.098,0.167,0.05251
BRUN,Technology,0.40699464,2026-09-21,0.5104348555855129,0.07887635246061009,34.47017,2.697,0.167,0.05251
DUO,Unknown,0.40675187,2026-09-21,-0.8567002556603843,0.12321986136276059,10.420742,0.098,0.167,0.05251
ASML,Technology,0.40665963,2026-09-21,0.8636717180940887,0.02553716517288032,28.888588,0.213,0.285,0.53942
FBYD,Unknown,0.40642434,2026-09-21,-0.4929473059904693,0.06292682500281728,10.420742,0.098,0.167,0.05251
SCNI,Unknown,0.40641066,2026-09-21,-0.8980769234296133,0.14634712155874754,10.420742,0.098,0.167,0.05251
FMST,Unknown,0.40615985,2026-09-21,-0.7493515503025352,0.04160404261019877,10.420742,0.098,0.167,0.05251
DFDV,Financial Services,0.40599608,2026-09-21,-0.6419718299113528,0.08980843387121946,-10.745764,0.669,0.167,-5.8929305
LTRN,Unknown,0.4056588,2026-09-21,-0.6339066470042619,0.05256085603031456,10.420742,0.098,0.167,0.05251
XCUR,Unknown,0.4047142,2026-09-21,-0.6881443292634217,0.05543227927477724,10.420742,0.098,0.167,0.05251
STEX,Unknown,0.40439522,2026-09-21,-0.8895312489639037,0.05671354840051653,10.420742,0.098,0.167,0.05251
JFIN,Unknown,0.40155402,2026-09-21,-0.8633512547482898,0.03306123937863554,10.420742,0.098,0.167,0.05251
DFTX,Healthcare,0.4008217,2026-09-21,3.143987525778382,0.0325051247309211,-20.751476,0.098,0.167,-0.64087
VTGN,Unknown,0.40081587,2026-09-21,-0.9214144707844693,0.031883667230774834,10.420742,0.098,0.167,0.05251
CCGWW,,0.4001532,2026-09-18,-0.6428571460249067,0.04931475218778584,10.420742,-0.344,0.167,-0.11229
GLGG,Unknown,0.3990255,2026-09-21,-0.7928219335687698,0.11260404769057024,10.420742,0.098,0.167,0.05251
ILLR,Unknown,0.39895773,2026-09-21,-0.9529016401400588,0.08261772001828953,10.420742,0.098,0.167,0.05251
PSNY,Unknown,0.39888728,2026-09-21,-0.7377099990844727,0.07160942684297272,10.420742,0.098,0.167,0.05251
YMAT,Unknown,0.39888722,2026-09-21,-0.7826771628413938,0.18495192610702457,10.420742,0.098,0.167,0.05251
EHGO,Unknown,0.398632,2026-09-21,-0.9088753953712416,0.05233697337733244,10.420742,0.098,0.167,0.05251
MYSZ,Unknown,0.397857,2026-09-21,-0.8251072909222481,0.10746179197679855,10.420742,0.098,0.167,0.05251
CVKD,Unknown,0.39709136,2026-09-21,-0.9194377821882236,0.05688151510582999,10.420742,0.098,0.167,0.05251
GCL,Unknown,0.39696753,2026-09-21,-0.7312083450473013,0.10396144029035186,10.420742,0.098,0.167,0.05251
NVNI,Unknown,0.39623722,2026-09-21,-0.8911666671435038,0.06336013913636039,10.420742,0.098,0.167,0.05251
SOBR,Unknown,0.39618024,2026-09-21,-0.9592307714315561,0.12364317231268165,10.420742,0.098,0.167,0.05251
IBG,Unknown,0.39609554,2026-09-21,-0.8862275515355298,0.04374979526781911,10.420742,0.098,0.167,0.05251
OLB,Unknown,0.39606634,2026-09-21,-0.8375451295387539,0.0853965861017839,10.420742,0.098,0.167,0.05251
PASW,Unknown,0.39391166,2026-09-21,-0.8981343301839249,0.061324855479350675,10.420742,0.098,0.167,0.05251
ESLA,Unknown,0.3935079,2026-09-21,-0.5385714427123264,0.04828297400927925,10.420742,0.098,0.167,0.05251
BWMN,Industrials,0.39282,2026-09-21,-0.021183559225831705,0.0014819465047706108,17.146244,0.197,-0.588,0.02915
SAGT,Unknown,0.39266193,2026-09-21,-0.7320051440797932,0.04372912837921929,10.420742,0.098,0.167,0.05251
SDA,Unknown,0.39209414,2026-09-21,-0.8183895191552804,0.07715439528930566,10.420742,0.098,0.167,0.05251
UCL,Unknown,0.39209265,2026-09-21,-0.8465863462563543,0.04744902725068054,10.420742,0.098,0.167,0.05251
FRGT,Unknown,0.39163688,2026-09-21,-0.9846077519793843,0.11778425403532562,10.420742,0.098,0.167,0.05251
SAFX,Unknown,0.39114696,2026-09-21,-0.6348148207343981,0.04769195996741698,10.420742,0.098,0.167,0.05251
APPS,Technology,0.39094475,2026-09-21,1.2528088743857375,0.05191524557518263,12.605264,0.268,0.167,-0.2039
NNOX,Unknown,0.39093992,2026-09-21,-0.8231249868182031,0.07119629646150273,10.420742,0.098,0.167,0.05251
REFR,Unknown,0.3902663,2026-09-21,-0.4647857029912421,0.15786423622338216,10.420742,0.098,0.167,0.05251
AHG,Healthcare,0.3896067,2026-09-21,-0.5948827443858685,0.05656634936134664,10.420742,-0.129,0.167,-0.09849
MERC,Unknown,0.3895894,2026-09-21,-0.8820846917173928,0.03914025578697161,10.420742,0.098,0.167,0.05251
CDNS,Technology,0.38939413,2026-09-21,-0.191515029455384,0.030176400337951714,30.83835,0.242,1.254,0.23229
SMXT,Unknown,0.38909194,2026-09-21,-0.831790118800887,0.09297454678814181,10.420742,0.098,0.167,0.05251
LUCY,Unknown,0.38889858,2026-09-21,-0.5170833124561851,0.15342541714976254,10.420742,0.098,0.167,0.05251
UPXI,Unknown,0.38880298,2026-09-21,-0.8137829986861809,0.06040993346007309,10.420742,0.098,0.167,0.05251
YOUL,Unknown,0.3875644,2026-09-21,-0.7251428536006382,0.0656857724359714,10.420742,0.098,0.167,0.05251
LUCYW,Unknown,0.3873143,2026-09-18,-0.5624999883584676,0.11785889661632921,10.420742,0.098,0.167,0.05251
ICON,Unknown,0.3858983,2026-09-21,-0.9106106203533169,0.06021384974383943,10.420742,0.098,0.167,0.05251
TGL,Unknown,0.38588098,2026-09-21,-0.8889763789135847,0.12746556367991035,10.420742,0.098,0.167,0.05251
STKE,Unknown,0.38563272,2026-09-21,-0.7558139388746494,0.09472246893097536,10.420742,0.098,0.167,0.05251
LASE,Unknown,0.3853545,2026-09-21,-0.812802553680626,0.10312000840521003,10.420742,0.098,0.167,0.05251
ELTX,Unknown,0.38510704,2026-09-21,-0.8281726993116909,0.03773828104960084,10.420742,0.098,0.167,0.05251
UFG,Unknown,0.3847767,2026-09-21,-0.9359422146450109,0.08919091599968886,10.420742,0.098,0.167,0.05251
JYD,Unknown,0.38465986,2026-09-21,-0.8676115109453685,0.05933267197912825,10.420742,0.098,0.167,0.05251
CAN,Technology,0.38423854,2026-09-21,-0.5037804973164461,0.11055404378291914,-2.4351516,-0.682,0.167,-0.97072
MRLN,Unknown,0.38409793,2026-09-21,-0.819148938377883,0.08441176246455215,10.420742,0.098,0.167,0.05251
MNYWW,Unknown,0.38283595,2026-09-18,-0.7812499941792338,0.06253781060400686,10.420742,0.098,0.167,0.05251
AARD,Healthcare,0.38274226,2026-09-21,-0.5079716698752865,0.05673622883795977,-1.9984043,0.098,0.167,-0.66019994
AUR,Consumer Cyclical,0.3824534,2026-09-21,0.10486577114088735,0.037751087964305395,-14.577778,1.0,0.167,-0.45639
CRWD,Technology,0.381901,2026-09-21,0.9782743115132926,0.06448653285464925,155.64073,0.258,0.167,0.01461
LSTA,Unknown,0.38171372,2026-09-21,-0.33472804870761674,0.08004500689486464,10.420742,0.098,0.167,0.05251
AMPL,Technology,0.38098973,2026-09-21,0.13712377408795118,0.03794421854426487,78.28955,0.212,0.167,-0.47887
NNNN,Unknown,0.38077325,2026-09-21,-0.8669811400114404,0.052661132800944144,10.420742,0.098,0.167,0.05251
IMMP,Unknown,0.38031095,2026-09-21,-0.8286390503661347,0.0474534880858394,10.420742,0.098,0.167,0.05251
RMSG,Unknown,0.38029113,2026-09-21,-0.9053565211918043,0.03950389640390454,10.420742,0.098,0.167,0.05251
BELFA,Technology,0.37994125,2026-09-21,0.5813643608605557,0.026767868509671715,24.637953,0.252,-0.117,0.1041
GLE,Unknown,0.3793835,2026-09-21,-0.43691271673105725,0.07616902593300272,10.420742,0.098,0.167,0.05251
TPST,Unknown,0.37923527,2026-09-21,-0.923436567226035,0.16483043351642787,10.420742,0.098,0.167,0.05251
ENSC,Unknown,0.37907103,2026-09-21,-0.7958095208036114,0.05485939914717794,10.420742,0.098,0.167,0.05251
YSXT,Unknown,0.37835535,2026-09-21,-0.5583596396013701,0.06798937762932244,10.420742,0.098,0.167,0.05251
NXL,Unknown,0.37806195,2026-09-21,-0.831223634125154,0.06101987656013479,10.420742,0.098,0.167,0.05251
TLSA,Unknown,0.3778047,2026-09-21,-0.4907303390727473,0.0725136591237957,10.420742,0.098,0.167,0.05251
OFAL,Unknown,0.37766367,2026-09-21,-0.9544645663053343,0.12769579988816526,10.420742,0.098,0.167,0.05251
LITS,Unknown,0.3775625,2026-09-21,-0.5332103439526668,0.05082747512341967,10.420742,0.098,0.167,0.05251
EHTH,Unknown,0.37663773,2026-09-21,-0.7759595986476128,0.04750134732879079,10.420742,0.098,0.167,0.05251
IVDA,Unknown,0.37631115,2026-09-21,-0.78258063047411,0.05053399594209592,10.420742,0.098,0.167,0.05251
BMGL,Healthcare,0.37602317,2026-09-21,-0.8003613279971219,0.16649117279529052,10.420742,0.671,0.167,-1.47372
AEHR,Technology,0.3755559,2026-09-21,2.176643820078061,0.06056530928835343,70.16041,0.337,0.167,-0.04163
REBN,Unknown,0.37553418,2026-09-21,-0.6682608749735783,0.10208940890322801,10.420742,0.098,0.167,0.05251
ACMR,Technology,0.37552577,2026-09-21,1.0166250615567836,0.040423091405128175,25.200933,0.36,1.806,0.11627
RETO,Unknown,0.3754433,2026-09-21,-0.9927265628859168,1.5565555361136583,10.420742,0.098,0.167,0.05251
SUIG,Unknown,0.37529853,2026-09-21,-0.6858695473021952,0.08363270607262965,10.420742,0.098,0.167,0.05251
OSRH,Unknown,0.37503645,2026-09-21,-0.6255201042494307,0.23193075629054705,10.420742,0.098,0.167,0.05251
AURE,Financial Services,0.3748699,2026-09-21,-0.801194550288458,0.06670203578237996,10.420742,0.098,0.167,0.05251
INTZ,Unknown,0.3745654,2026-09-21,-0.5621910185576721,0.10690010231003344,10.420742,0.098,0.167,0.05251
GRAN,Unknown,0.37427214,2026-09-21,-0.711842094118245,0.062146798308439784,10.420742,0.098,0.167,0.05251
VIOT,Unknown,0.37392026,2026-09-21,-0.5875546708536372,0.21341151333615146,10.420742,0.098,0.167,0.05251
TURB,Unknown,0.37386534,2026-09-21,-0.885791013724156,0.1278562955949769,10.420742,0.098,0.167,0.05251
SUNE,Unknown,0.37361044,2026-09-21,0.7062938088944972,0.21884778481714154,10.420742,0.098,0.167,0.05251
HRTX,Unknown,0.3734375,2026-09-21,-0.7918604587765024,0.04404979887925691,10.420742,0.098,0.167,0.05251
CELH,Consumer Defensive,0.37323716,2026-09-21,-0.4873165287124923,0.03280040578152697,16.32805,0.106,-0.569,0.05113
CUPR,Unknown,0.3731596,2026-09-21,-0.8381935000238419,0.11549464537907991,10.420742,0.098,0.167,0.05251
SMCL,Unknown,0.37311903,2026-09-21,-0.7874355257834881,0.09858578780172174,10.420742,0.098,0.167,0.05251
GP,Unknown,0.3730906,2026-09-21,-0.7939949155570547,0.05506565721869318,10.420742,0.098,0.167,0.05251
SMCX,Unknown,0.37259918,2026-09-21,-0.8026403268509857,0.09832022792298262,10.420742,0.098,0.167,0.05251
ABTC,Financial Services,0.37257847,2026-09-21,-0.9079322619904234,0.08656057259402311,73.428566,1.213,0.167,-0.38529998
FTHM,Unknown,0.37227082,2026-09-21,-0.7687083326296674,0.04122785635247632,10.420742,0.098,0.167,0.05251
VVOS,Unknown,0.37219676,2026-09-21,-0.9522455068982563,0.06475617632046272,10.420742,0.098,0.167,0.05251
RKDA,Unknown,0.372142,2026-09-21,-0.8810368365490676,0.04168645898776543,10.420742,0.098,0.167,0.05251
ELOG,Unknown,0.37177125,2026-09-21,-0.8046250098099308,0.04351471914399223,10.420742,0.098,0.167,0.05251
RDAC,Unknown,0.3717492,2026-09-21,-0.4611036336455564,0.10757816442305351,10.420742,0.098,0.167,0.05251
SHPH,Unknown,0.371664,2026-09-21,-0.9204954988721727,0.05757602330353209,10.420742,0.098,0.167,0.05251
MREO,Unknown,0.371636,2026-09-21,-0.8333898286592066,0.055053136929446286,10.420742,0.098,0.167,0.05251
TLSIW,Unknown,0.37154576,2026-09-18,-0.4569536436911681,0.24207556558882784,10.420742,0.098,0.167,0.05251
HTCR,Unknown,0.37150156,2026-09-21,-0.8819510352716726,0.04954779884988885,10.420742,0.098,0.167,0.05251
FLUX,Unknown,0.37140164,2026-09-21,-0.7953307250773028,0.05672426918589222,10.420742,0.098,0.167,0.05251
SORA,Unknown,0.37128335,2026-09-21,-0.5660377604632914,0.07828155829806198,10.420742,0.098,0.167,0.05251
ALVO,Healthcare,0.37125447,2026-09-21,-0.2525575879942894,0.05145616893054376,25.578136,-0.389,0.167,0.05251
RR,Unknown,0.3711367,2026-09-21,-0.6135857232186361,0.0629212367069369,10.420742,0.098,0.167,0.05251
PCTTU,Unknown,0.37107903,2026-09-18,-0.6955056006401834,0.11342962858045798,10.420742,0.098,0.167,0.05251
MNTK,Unknown,0.36962056,2026-09-21,0.022086993965625634,0.070512474847201,10.420742,0.098,0.167,0.05251
SNES,Unknown,0.36960393,2026-09-21,-0.8260980878423505,0.03135817944945628,10.420742,0.098,0.167,0.05251
SNTI,Unknown,0.36937186,2026-09-21,-0.7710791399607124,0.032062533678658675,10.420742,0.098,0.167,0.05251
PRPL,Unknown,0.3691421,2026-09-21,-0.9036178588867188,0.09890096606019709,10.420742,0.098,0.167,0.05251
YAAS,Unknown,0.36914092,2026-09-21,-0.7763157843140023,0.05115318206604423,10.420742,0.098,0.167,0.05251
CLOV,Healthcare,0.3687316,2026-09-21,0.47231272938566526,0.03410189882286963,30.166666,0.556,0.167,-0.050970003
ORIO,Unknown,0.36856815,2026-09-21,-0.45595855914383765,0.06914818909254845,10.420742,0.098,0.167,0.05251
CWD,Unknown,0.36850584,2026-09-21,-0.9279973628204232,0.045116180759112,10.420742,0.098,0.167,0.05251
SMCI,Technology,0.36836508,2026-09-21,-0.11101433666904847,0.04937741017910768,7.718854,0.932,4.347,0.21465999
TMCWW,Unknown,0.36835918,2026-09-09,0.031088115865008925,0.35538847277756114,10.420742,0.098,0.167,0.05251
LNAI,Unknown,0.36803073,2026-09-21,-0.8256172851997621,0.05286888998438697,10.420742,0.098,0.167,0.05251
BAIG,Unknown,0.36801782,2026-09-21,-0.9170668661109116,0.059876293954988204,10.420742,0.098,0.167,0.05251
MNDR,Unknown,0.3678805,2026-09-21,-0.943294371265653,0.04361190087153073,10.420742,0.098,0.167,0.05251
AMD,Technology,0.3676916,2026-09-21,2.886651699680514,0.03720987751228873,39.366272,0.501,1.595,0.10196
PETZ,Unknown,0.36760324,2026-09-21,0.29906534351046377,0.08248042510913027,10.420742,0.098,0.167,0.05251
RAY,Unknown,0.36722428,2026-09-18,-0.9271653522981862,0.06420805458578953,10.420742,0.098,0.167,0.05251
VSME,Unknown,0.36702046,2026-09-21,-0.9843971636272413,0.08468543967525718,10.420742,0.098,0.167,0.05251
GAME,Unknown,0.3668434,2026-09-21,-0.4528709520177211,0.06435760382620301,10.420742,0.098,0.167,0.05251
QTI,Unknown,0.36676854,2026-09-21,-0.9345911973677341,0.041660822598754074,10.420742,0.098,0.167,0.05251
RDHL,Unknown,0.36639068,2026-09-21,-0.6765294235866371,0.10177567706419069,10.420742,0.098,0.167,0.05251
NAMMW,Unknown,0.3663392,2026-09-21,0.0,0.15780487545646113,10.420742,0.098,0.167,0.05251
OPENZ,Unknown,0.36630148,2026-09-21,0.031088115865008925,0.07201835695598094,10.420742,0.098,0.167,0.05251
GPRO,Unknown,0.36599487,2026-09-21,-0.4842519832859187,0.17437740948440025,10.420742,0.098,0.167,0.05251
NHTC,Unknown,0.36554366,2026-09-21,-0.7165340011137771,0.04508192415522457,10.420742,0.098,0.167,0.05251
AFRM,Financial Services,0.36538544,2026-09-21,-0.20526082837690007,0.030272731187785184,14.470918,0.33,21.869,0.45126
AMCI,Technology,0.36536106,2026-09-21,-0.7796161482879652,0.0856040834735185,10.420742,-0.329,0.167,0.05251
VS,Unknown,0.3651204,2026-09-21,-0.4545946187230161,0.058149486479332074,10.420742,0.098,0.167,0.05251
CORZ,Technology,0.3648507,2026-09-21,0.10298509740117767,0.041531148539248344,132.28572,1.088,0.167,0.05251
RTACW,Unknown,0.36476505,2026-09-21,-0.4690265253329763,0.08667904507473974,10.420742,0.098,0.167,0.05251
MGRX,Unknown,0.3646841,2026-09-21,-0.7984684694118096,0.04746362106501612,10.420742,0.098,0.167,0.05251
ARXS,Industrials,0.3644155,2026-09-21,0.031088115865008925,0.022935020872182972,40.097244,0.25,0.167,0.05251
HSDT,Unknown,0.3641461,2026-09-21,-0.869227450953275,0.07753540427400912,10.420742,0.098,0.167,0.05251
RZLV,Unknown,0.36412057,2026-09-21,-0.6661973730770538,0.06731030368991317,10.420742,0.098,0.167,0.05251
OPENL,Unknown,0.36408693,2026-09-21,0.031088115865008925,0.11321226783782898,10.420742,0.098,0.167,0.05251
DYAI,Unknown,0.36390275,2026-09-21,-0.5894898037133935,0.04157467184642881,10.420742,0.098,0.167,0.05251
NCNA,Unknown,0.3638986,2026-09-21,-0.6541604071830798,0.06412266726465131,10.420742,0.098,0.167,0.05251
PMEC,Unknown,0.36387822,2026-09-21,-0.6342528845564914,0.05788205601517669,10.420742,0.098,0.167,0.05251
BLLN,Healthcare,0.3635814,2026-09-21,0.031088115865008925,0.028653293903253836,70.3569,0.644,0.167,0.106800005
CYN,Unknown,0.3634826,2026-09-21,-0.8623339384684898,0.040248911091637384,10.420742,0.098,0.167,0.05251
GRABW,Unknown,0.3632743,2026-09-21,-0.953909466799661,0.12861486396022534,10.420742,0.098,0.167,0.05251
CTOR,Unknown,0.36218488,2026-09-21,-0.36577142987932476,0.05458439511547192,10.420742,0.098,0.167,0.05251
MVST,Unknown,0.36216593,2026-09-21,-0.8115988349648603,0.03548608461535514,10.420742,0.098,0.167,0.05251
ACGCW,,0.36212248,2026-09-21,0.031088115865008925,0.08253530849837151,10.420742,0.098,0.167,0.05251
DELL,Technology,0.3620809,2026-09-21,3.428671306340223,0.055391364013212555,19.951889,0.577,2.729,0.05251
SDST,Unknown,0.36206532,2026-09-21,-0.9553333338631524,0.20866343266185833,10.420742,0.098,0.167,0.05251
TGHL,Unknown,0.3615823,2026-09-21,-0.564414898295136,0.04953013705536888,10.420742,0.098,0.167,0.05251
INVZ,Unknown,0.36099416,2026-09-21,-0.8283756439570755,0.03414717249526521,10.420742,0.098,0.167,0.05251
SBET,Unknown,0.3605433,2026-09-21,-0.42421600713051566,0.05862889442609044,10.420742,0.098,0.167,0.05251
PFAI,Unknown,0.36052755,2026-09-18,0.5026737623605531,0.06231649026551932,10.420742,0.098,0.167,0.05251
SNGX,Unknown,0.36052322,2026-09-21,-0.8659420267946203,0.02397333123322024,10.420742,0.098,0.167,0.05251
ARM,Technology,0.3602717,2026-09-21,1.192575423185676,0.05432760885154549,105.40926,0.224,1.083,0.13352999
NCEL,Unknown,0.3601286,2026-09-21,-0.8480582496854495,0.03119720684378297,10.420742,0.098,0.167,0.05251
CGNX,Technology,0.35972002,2026-09-21,0.35914590558014114,0.02585623180829029,30.72819,0.169,0.792,0.111490004
BCAX,Healthcare,0.35952932,2026-09-21,0.9963832808309487,0.02260617190455521,-6.3473396,0.098,0.167,-0.41011003
KWM,Unknown,0.35855347,2026-09-18,-0.6963350819651258,4.31841603925141,10.420742,0.098,0.167,0.05251
ABSI,Healthcare,0.35815215,2026-09-21,2.618958903196564,0.0525273462188019,-14.411398,-0.464,0.167,-0.57724
JCSE,Unknown,0.35778365,2026-09-21,0.7174694782418634,0.06215622318850894,10.420742,0.098,0.167,0.05251
BELFB,Technology,0.3576291,2026-09-21,0.6192830084641292,0.025147061334276348,22.923252,0.252,-0.117,0.1041
AIRO,Industrials,0.35746402,2026-09-21,-0.6370035187658563,0.03443802109822454,-11.209303,0.759,0.167,-0.03636
ALM,Basic Materials,0.3574573,2026-09-21,1.905241882376195,0.04455215705605996,11.656323,4.977,0.167,0.38221002
PPCB,Unknown,0.35728654,2026-09-21,-0.9885625567066071,0.2751310561131366,10.420742,0.098,0.167,0.05251
OPENW,Unknown,0.35683963,2026-09-21,0.031088115865008925,0.08776451291312956,10.420742,0.098,0.167,0.05251
SCKT,Unknown,0.35674018,2026-09-21,-0.49980949219338067,0.059399331748830726,10.420742,0.098,0.167,0.05251
MDXH,Unknown,0.35673362,2026-09-21,-0.8472051321615285,0.03425389380962247,10.420742,0.098,0.167,0.05251
VRAX,Unknown,0.35662973,2026-09-21,-0.8558944090637205,0.04111225047782023,10.420742,0.098,0.167,0.05251
LIQT,Unknown,0.35637465,2026-09-21,-0.7478409121388738,0.0511598198719813,10.420742,0.098,0.167,0.05251
NCPL,Unknown,0.35631898,2026-09-21,-0.5315126235619253,0.33862460147105394,10.420742,0.098,0.167,0.05251
SHFS,Unknown,0.35631466,2026-09-21,-0.9476415098583456,0.046974149383688664,10.420742,0.098,0.167,0.05251
TWAV,Unknown,0.35619804,2026-09-21,-0.5247524518754454,0.04564596216253129,10.420742,0.098,0.167,0.05251
NDRA,Unknown,0.3558203,2026-09-21,0.34166662527455394,0.0829296036962721,10.420742,0.098,0.167,0.05251
BTBT,Financial Services,0.3557633,2026-09-21,-0.408653815293452,0.06561326051200193,10.420742,0.256,0.167,-0.5218
VSTL,Unknown,0.35560808,2026-09-21,-0.7033562637835276,0.04154545918619862,10.420742,0.098,0.167,0.05251
XELB,Unknown,0.3554649,2026-09-21,-0.4252702748418463,0.04494478077144655,10.420742,0.098,0.167,0.05251
ATGL,Technology,0.35517004,2026-09-21,-0.8369721653805289,0.051508771174027836,10.420742,-0.314,0.167,-1.8488901
GLXG,Unknown,0.35498297,2026-09-21,-0.8543026338214238,0.04332934510160935,10.420742,0.098,0.167,0.05251
SKYT,Technology,0.3548187,2026-07-30,0.031088115865008925,0.022835687632255523,-249.6923,1.648,0.167,1.028
REVB,Unknown,0.3545699,2026-09-21,-0.8435416607444101,0.03773206843821232,10.420742,0.098,0.167,0.05251
RKTO,Unknown,0.3541394,2026-09-21,-0.5911458105353322,0.06572952119857972,10.420742,0.098,0.167,0.05251
MKDW,Unknown,0.3541006,2026-09-21,-0.6871211989304686,0.22922034807199446,10.420742,0.098,0.167,0.05251
SILO,Unknown,0.3540697,2026-09-21,-0.8312116889091764,0.03433140101281237,10.420742,0.098,0.167,0.05251
PROP,Unknown,0.35395804,2026-09-21,-0.7927722787410649,0.047051318155049725,10.420742,0.098,0.167,0.05251
HWH,Unknown,0.35393503,2026-09-21,-0.03180209066982986,0.06386079829064693,10.420742,0.098,0.167,0.05251
MDIA,Unknown,0.35354796,2026-09-21,-0.10098489446772285,0.045051634188832575,10.420742,0.098,0.167,0.05251
AXON,Industrials,0.35352612,2026-09-21,-0.40972248102460895,0.041017925229572046,42.692505,0.353,-0.182,0.06221
NVD,Unknown,0.35340273,2026-09-21,-0.5817946239528173,0.05782259484961567,10.420742,0.098,0.167,0.05251
INEO,Unknown,0.35337535,2026-09-21,-0.4549079580551504,0.05993481935491278,10.420742,0.098,0.167,0.05251
TRAW,Unknown,0.35330424,2026-09-21,-0.7646116450581498,0.038606994222799465,10.420742,0.098,0.167,0.05251
BTSG,Healthcare,0.35318768,2026-09-21,1.0337614006952407,0.030583147361124965,24.461973,0.23,1.966,0.13036
OXBR,Unknown,0.35311717,2026-09-21,-0.4186992173280295,0.041373778842812785,10.420742,0.098,0.167,0.05251
HTCO,Unknown,0.353032,2026-09-21,-0.6750369196629402,0.05333449988056292,10.420742,0.098,0.167,0.05251
MATH,Unknown,0.3528701,2026-09-21,-0.717033882917349,0.06737093938473757,10.420742,0.098,0.167,0.05251
ITOC,Unknown,0.3524544,2026-09-21,-0.636483530418378,0.05101827132859629,10.420742,0.098,0.167,0.05251
EHLD,Unknown,0.35223538,2026-09-21,0.9068847132872488,0.07895767845672218,10.420742,0.098,0.167,0.05251
DTCX,Unknown,0.35198033,2026-09-21,-0.5463576221679374,0.06371262513720322,10.420742,0.098,0.167,0.05251
VRME,Unknown,0.35179275,2026-09-21,0.4207001601069895,0.15177983254843222,10.420742,0.098,0.167,0.05251
CLBT,Technology,0.35127077,2026-09-21,-0.3575825963571244,0.02750755821403425,17.551783,0.158,-0.679,0.12416001
IRD,Unknown,0.35095212,2026-09-21,2.60402674576403,0.08951745163912522,10.420742,0.098,0.167,0.05251
CYCU,Unknown,0.35091013,2026-09-21,-0.9416332639369601,0.09151772553918731,10.420742,0.098,0.167,0.05251
ATEC,Healthcare,0.35078737,2026-09-21,-0.32463862667893206,0.04793239734781629,17.130817,0.151,0.167,-3.7344298
SMST,Unknown,0.3506881,2026-09-21,-0.5635179993190891,0.14319123807221712,10.420742,0.098,0.167,0.05251
VERI,Unknown,0.35044742,2026-09-21,-0.712918637089833,0.06143196369881958,10.420742,0.098,0.167,0.05251
ZDAI,Unknown,0.3504414,2026-09-21,-0.8475496009989361,0.03161392086478294,10.420742,0.098,0.167,0.05251
AVGO,Technology,0.35027084,2026-09-21,0.05955297769339185,0.021670188059486215,18.707785,0.855,2.153,0.44245
CD,Financial Services,0.34972566,2026-09-21,-0.5965534605762726,0.08705184943984627,10.420742,0.984,0.167,-0.077259995
BTCS,Financial Services,0.3494114,2026-09-21,-0.660192179973291,0.08257584714401214,-5.5166664,-0.119,0.167,-3.54793
OYSER,Unknown,0.3492397,2026-09-21,-0.3333333747254461,0.05307172719824851,10.420742,0.098,0.167,0.05251
HCWB,Unknown,0.34888017,2026-09-21,-0.9280433160348575,0.08012005883820693,10.420742,0.098,0.167,0.05251
BTQ,Technology,0.3486062,2026-09-21,0.031088115865008925,0.06158940304984124,-26.620556,0.098,0.167,-4.89153
EXYNW,Unknown,0.34852096,2026-09-21,0.031088115865008925,0.13751558543548642,10.420742,0.098,0.167,0.05251
PRSO,Unknown,0.34842262,2026-09-21,-0.5634234222623882,0.04583390272511196,10.420742,0.098,0.167,0.05251
GDTC,Unknown,0.3481876,2026-09-21,-0.5319148949661532,0.058706957214453945,10.420742,0.098,0.167,0.05251
FNUC,Unknown,0.3481691,2026-09-21,-0.6109694014088105,0.05768899218431647,10.420742,0.098,0.167,0.05251
PLUR,Unknown,0.34790674,2026-09-21,-0.7455555597941081,0.054161415625061986,10.420742,0.098,0.167,0.05251
LIDR,Unknown,0.34775957,2026-09-21,-0.5535055272639999,0.06993582477625176,10.420742,0.098,0.167,0.05251
AXGN,Healthcare,0.3476559,2026-09-21,1.6911935195234147,0.03569756416135932,67.9854,0.231,0.167,-0.18205999
LCFY,Unknown,0.3474046,2026-09-18,-0.6178862002940884,0.04761993689689681,10.420742,0.098,0.167,0.05251
PMCB,Unknown,0.34722945,2026-09-21,-0.5407910852865244,0.04794414172599125,10.420742,0.098,0.167,0.05251
GIPR,Unknown,0.3471656,2026-09-21,-0.9414285673070496,0.3881242294043765,10.420742,0.098,0.167,0.05251
ATRC,Healthcare,0.34696206,2026-09-21,0.581014711558002,0.023934452596235955,134.17175,0.128,0.167,0.02151
WTF,Unknown,0.3469416,2026-09-21,-0.6026785476703418,0.04124631206767839,10.420742,0.098,0.167,0.05251
DARE,Unknown,0.34633282,2026-09-21,-0.6048557498768935,0.03313902071808243,10.420742,0.098,0.167,0.05251
BULL,Technology,0.3457992,2026-09-21,-0.349686028551243,0.049762667655836645,26.285713,0.519,0.167,0.04723
GAIA,Unknown,0.34578818,2026-09-21,-0.7930463563088319,0.04445750444068495,10.420742,0.098,0.167,0.05251
IQST,Unknown,0.34550357,2026-09-21,-0.8345531336462322,0.03700550161708285,10.420742,0.098,0.167,0.05251
AACPR,,0.34542,2026-09-21,0.031088115865008925,0.09200161592989296,10.420742,0.098,0.167,0.05251
HYFM,Unknown,0.34533414,2026-09-21,-0.7063271617997512,0.05006153439301371,10.420742,0.098,0.167,0.05251
CAI,Healthcare,0.3452776,2026-09-21,-0.09063717197084165,0.04205763808999476,81.36748,0.454,0.167,0.20129
DFDVW,,0.34504253,2026-09-21,0.031088115865008925,0.1737584170933259,10.420742,0.669,0.167,-5.8929305
CRML,Basic Materials,0.34496942,2026-09-21,0.31551973016741375,0.09883802525797879,-45.921055,0.578,0.167,-1.40977
NMTC,Unknown,0.3448788,2026-09-21,-0.7507407532667097,0.03929186074745038,10.420742,0.098,0.167,0.05251
TWG,Unknown,0.3447716,2026-09-21,-0.9512649542452324,0.10099387561958792,10.420742,0.098,0.167,0.05251
HYPR,Unknown,0.34471807,2026-09-21,-0.4382733863543098,0.021592233615690147,10.420742,0.098,0.167,0.05251
MYSE,Unknown,0.34459683,2026-09-21,-0.13425929145312476,0.09047444125283055,10.420742,0.098,0.167,0.05251
AMLX,Healthcare,0.34441242,2026-09-21,1.4271697998046875,0.028422195552355062,-27.825651,0.098,0.167,-0.7473
ARRY,Technology,0.34438747,2026-09-21,-0.4962733251850454,0.027396196746569568,4.5445385,-0.056,-0.732,-0.25976
INV,Unknown,0.34386745,2026-09-21,-0.8461217361947765,0.1315040954369598,10.420742,0.098,0.167,0.05251
KTCC,Unknown,0.34384704,2026-09-21,-0.3565459615577593,0.06629445167601795,10.420742,0.098,0.167,0.05251
TONX,Unknown,0.3438456,2026-09-21,-0.45694891319760667,0.06140497527303743,10.420742,0.098,0.167,0.05251
INTJ,Unknown,0.34357944,2026-09-21,-0.7683566265237011,0.06582610033622419,10.420742,0.098,0.167,0.05251
BILI,Communication Services,0.3435301,2026-09-21,-0.4403618989782795,0.02739004462222737,11.755418,0.082,0.529,0.10139
CHEF,Consumer Defensive,0.34341863,2026-09-21,0.6710151201346453,0.023717424594761713,36.237446,0.129,0.555,0.15252
MAXI,Unknown,0.34336486,2026-09-21,-0.30268124628271387,0.0688332814597369,10.420742,0.098,0.167,0.05251
NTRP,Unknown,0.3431709,2026-09-21,-0.4305948989365248,0.07926573195329611,10.420742,0.098,0.167,0.05251
NSPR,Unknown,0.34251764,2026-09-21,-0.690041325228941,0.034118502537105154,10.420742,0.098,0.167,0.05251
NAMM,Unknown,0.34239393,2026-09-21,-0.5681493206308865,0.0374136256671638,10.420742,0.098,0.167,0.05251
CBRS,Technology,0.34223205,2026-09-21,0.031088115865008925,0.044451878082017234,163.37698,0.743,0.167,0.05251
RYET,Unknown,0.34216017,2026-09-21,-0.39278571763695513,0.058348997757835745,10.420742,0.098,0.167,0.05251
FBGL,Unknown,0.34208348,2026-09-21,-0.4436619399062596,0.04869650339330995,10.420742,0.098,0.167,0.05251
LEDS,Unknown,0.34203684,2026-09-21,0.10045663144386063,0.04019658351952192,10.420742,0.098,0.167,0.05251
BMHL,Financial Services,0.34154826,2026-09-18,0.4363637264391349,0.03220424815670994,10.420742,-0.315,0.167,0.16264
PCSA,Unknown,0.3415033,2026-09-21,-0.6425120858634881,0.05211819413455429,10.420742,0.098,0.167,0.05251
BZAI,Technology,0.34132785,2026-09-21,-0.8272886289006547,0.058243094994432976,-1.7938594,5.047,0.167,-4.26625
GXAI,Unknown,0.34117287,2026-09-21,-0.6161250082235782,0.036209030727843663,10.420742,0.098,0.167,0.05251
INAB,Unknown,0.34066278,2026-09-21,-0.47087375550706423,0.04839494180386172,10.420742,0.098,0.167,0.05251
ORKT,Unknown,0.34056008,2026-09-21,-0.6031746001710937,0.045100346197277916,10.420742,0.098,0.167,0.05251
WBUY,Unknown,0.34037554,2026-09-21,-0.7482698048051061,0.050766532921603935,10.420742,0.098,0.167,0.05251
STFS,Unknown,0.34020048,2026-09-21,-0.4750000242143866,0.04908759002229223,10.420742,0.098,0.167,0.05251
LXEH,Unknown,0.33966938,2026-09-21,-0.9444206383290173,0.06015605620024778,10.420742,0.098,0.167,0.05251
PXS,Unknown,0.33953515,2026-09-21,1.4817265389430165,0.04717184316042947,10.420742,0.098,0.167,0.05251
OPEG,Unknown,0.3394866,2026-09-21,0.031088115865008925,0.06448740059246018,10.420742,0.098,0.167,0.05251
COSM,Healthcare,0.3392189,2026-09-21,-0.6330471947923958,0.0604789714014706,4.8857145,0.288,0.167,-1.03998
GOVX,Unknown,0.33915773,2026-09-21,-0.9782175211790619,0.05707174423531388,10.420742,0.098,0.167,0.05251
ARBE,Technology,0.3387353,2026-09-21,-0.5692356900452273,0.05225550918996908,-4.83,1.566,0.167,-0.8318
PRFX,Unknown,0.33872104,2026-09-21,-0.8647887336004114,0.03932300239368848,10.420742,0.098,0.167,0.05251
PRZO,Unknown,0.33849,2026-09-21,-0.5777777696015577,0.08513843768909439,10.420742,0.098,0.167,0.05251
JRSH,Unknown,0.33800554,2026-09-21,0.7735501870860371,0.03155107207936795,10.420742,0.098,0.167,0.05251
AIRJ,Industrials,0.33789772,2026-09-21,-0.08471080812467435,0.024521607329326414,-15.821428,0.098,0.167,-0.31566998
GVH,Unknown,0.33730885,2026-09-21,-0.7739726142442547,0.08078066286961161,10.420742,0.098,0.167,0.05251
ILAG,Unknown,0.33710986,2026-09-21,-0.5558814108191006,0.05117205155464761,10.420742,0.098,0.167,0.05251
GFAI,Unknown,0.3369447,2026-09-21,-0.7102564110401663,0.03928963729559254,10.420742,0.098,0.167,0.05251
BLDR,Industrials,0.3367997,2026-09-21,-0.5419607255103108,0.022945361346397384,13.30562,-0.088,0.167,0.02506
WVVI,Unknown,0.3367038,2026-09-21,-0.54431816568552,0.04334743135907503,10.420742,0.098,0.167,0.05251
DKI,Unknown,0.33665237,2026-09-21,-0.6645807079438566,0.05291697102666154,10.420742,0.098,0.167,0.05251
GLBS,Unknown,0.3365963,2026-09-21,2.4823008490127836,0.03033078620052483,10.420742,0.098,0.167,0.05251
CLMB,Technology,0.33651018,2026-09-21,-0.14856759926095187,0.02522493241863589,16.459892,0.094,-0.085,0.17843
RCT,Unknown,0.33644447,2026-09-21,-0.7770011385360414,0.039742967135165855,10.420742,0.098,0.167,0.05251
EU,Unknown,0.33642244,2026-09-21,-0.5957854444629476,0.07324603082609374,10.420742,0.098,0.167,0.05251
REKR,Unknown,0.336191,2026-09-21,-0.717668703634077,0.03343544500242355,10.420742,0.098,0.167,0.05251
GURE,Unknown,0.33612773,2026-09-21,-0.5154411788423994,0.07622724665805618,10.420742,0.098,0.167,0.05251
XTIA,Unknown,0.33612052,2026-09-21,-0.319078960783594,0.06113205212936169,10.420742,0.098,0.167,0.05251
FLNA,Unknown,0.3358818,2026-09-21,-0.6772925612569178,0.029528298881584637,10.420742,0.098,0.167,0.05251
COHU,Technology,0.33567688,2026-09-21,1.628276692921466,0.05644217177573504,33.02911,0.384,0.167,-0.04836
FUFU,Unknown,0.3356552,2026-09-21,-0.6167512770219317,0.050861140203245565,10.420742,0.098,0.167,0.05251
CDXS,Healthcare,0.33557168,2026-09-21,-0.43975904595034554,0.038787811586746365,-4.359375,-0.027,0.167,-0.69361
DDOG,Technology,0.33543077,2026-09-21,0.7686207196536241,0.03737346128603734,81.483925,0.356,14.985,0.04696
TCRT,Unknown,0.33540514,2026-09-21,-0.48000001907348633,0.09035766838296257,10.420742,0.098,0.167,0.05251
FVNNU,Unknown,0.33535776,2026-09-18,0.33333333333333326,0.13801098958481667,10.420742,0.098,0.167,0.05251
EMPD,Unknown,0.33530033,2026-09-21,-0.5950840741632911,0.05094891375483482,10.420742,0.098,0.167,0.05251
KSCP,Unknown,0.3350339,2026-09-21,-0.8190630057487764,0.03210661703604855,10.420742,0.098,0.167,0.05251
OBAI,Unknown,0.33498642,2026-09-21,0.031088115865008925,0.06235242201986026,10.420742,0.098,0.167,0.05251
CTNT,Unknown,0.33494788,2026-09-21,-0.999880211078869,0.23501237052537194,10.420742,0.098,0.167,0.05251
ANL,Healthcare,0.3348626,2026-09-21,8.05113658607622,0.041857797474367214,-54.40212,0.098,0.167,-0.20228
FLL,Unknown,0.33481702,2026-09-21,-0.4426933962357601,0.039983786957885036,10.420742,0.098,0.167,0.05251
XGN,Unknown,0.33467433,2026-09-21,-0.1062175812486078,0.031241820480120603,10.420742,0.098,0.167,0.05251
FRMM,Unknown,0.33462307,2026-09-21,-0.8063227124412093,0.046730293372203,10.420742,0.098,0.167,0.05251
RPID,Unknown,0.3345932,2026-09-21,-0.6459627405075161,0.028056711113194452,10.420742,0.098,0.167,0.05251
HOLO,Unknown,0.33453137,2026-09-21,-0.6898217496047394,0.03330299095909249,10.420742,0.098,0.167,0.05251
NXTS,Unknown,0.3344011,2026-09-21,-0.9656483704003861,0.03131666178139261,10.420742,0.098,0.167,0.05251
ARGX,Healthcare,0.33426434,2026-09-21,0.3634748259284095,0.01665932795884589,28.719198,0.593,0.952,0.23635
SGLY,Unknown,0.33419263,2026-09-21,-0.9422082859009497,0.11126785512695117,10.420742,0.098,0.167,0.05251
HYPD,Unknown,0.33413994,2026-09-21,-0.6824104087807001,0.06214036465770671,10.420742,0.098,0.167,0.05251
APH,Technology,0.33410484,2026-09-21,0.33158636436701094,0.025123715725595228,24.619482,0.55,0.593,0.38115
FUSEW,Unknown,0.33389115,2026-09-18,0.031088115865008925,0.09501300638699546,10.420742,0.098,0.167,0.05251
UXIN,Unknown,0.33385816,2026-09-21,-0.6929577329522487,0.03383990539046917,10.420742,0.098,0.167,0.05251
HUDI,Unknown,0.33382058,2026-09-21,-0.49006578784322474,0.04296705558047501,10.420742,0.098,0.167,0.05251
SSM,Unknown,0.3337068,2026-09-21,-0.8682572680813033,0.21029739109535678,10.420742,0.098,0.167,0.05251
LGVN,Unknown,0.33365977,2026-09-21,-0.6818181677438853,0.1407926895446179,10.420742,0.098,0.167,0.05251
PURR,Unknown,0.33347586,2026-09-21,0.031088115865008925,0.071456512921222,10.420742,0.098,0.167,0.05251
GELS,Unknown,0.33346203,2026-09-21,-0.5992465891447044,0.13468941282265326,10.420742,0.098,0.167,0.05251
ZYBT,Unknown,0.33333132,2026-09-21,-0.8574445632760876,0.022019706077324057,10.420742,0.098,0.167,0.05251
HDRN,Unknown,0.3331985,2026-09-21,-0.8583093135963361,0.057080243972786174,10.420742,0.098,0.167,0.05251
ENTX,Unknown,0.33295286,2026-09-21,0.6416666677704563,0.031748295558899776,10.420742,0.098,0.167,0.05251
ZSQR,Unknown,0.33293733,2026-09-21,-0.7872509931700962,0.0863488362245687,10.420742,0.098,0.167,0.05251
ADPT,Healthcare,0.33258396,2026-09-21,1.0152504776682312,0.02709304396880022,-150.8959,0.215,0.167,-0.38759
UPLD,Unknown,0.33257413,2026-09-21,-0.8553784836943351,0.06025829328354531,10.420742,0.098,0.167,0.05251
OMEX,Unknown,0.33246732,2026-09-21,-0.5633714199066162,0.034654337544497316,10.420742,0.098,0.167,0.05251
SNT,Unknown,0.33241242,2026-09-21,-0.6155660181081171,0.03242201153863128,10.420742,0.098,0.167,0.05251
SOLZ,Unknown,0.33226797,2026-09-21,-0.5460155219830864,0.05250801570773016,10.420742,0.098,0.167,0.05251
CONL,Unknown,0.3322195,2026-09-21,-0.8270408143405367,0.12091986998923815,10.420742,0.098,0.167,0.05251
VGAS,Unknown,0.33214647,2026-09-21,-0.6067073252727985,0.04708210090594562,10.420742,0.098,0.167,0.05251
COIG,Unknown,0.33211923,2026-09-21,-0.8298664552223197,0.12062649152226973,10.420742,0.098,0.167,0.05251
NEON,Unknown,0.33198136,2026-09-21,-0.8056634952097637,0.0242913107037561,10.420742,0.098,0.167,0.05251
KPDD,Unknown,0.3319114,2026-09-21,-0.7150490076622764,0.0277592246635926,10.420742,0.098,0.167,0.05251
MBIO,Unknown,0.33178848,2026-09-21,-0.6640123344821331,0.030860294396442223,10.420742,0.098,0.167,0.05251
JSPR,Unknown,0.33178195,2026-09-21,-0.7592277888922161,0.03776038613488956,10.420742,0.098,0.167,0.05251
CPIX,Healthcare,0.33177388,2026-09-21,1.9025184027045965,0.061407856949332505,53.214283,-0.563,0.167,-0.14387
THH,Unknown,0.33174667,2026-09-21,-0.9757274124950549,0.05650326532560957,10.420742,0.098,0.167,0.05251
SLDE,Financial Services,0.3315649,2026-09-21,0.6517792168016656,0.022961900958672683,6.608651,0.479,0.893,0.53882
KBSX,Unknown,0.33150053,2026-09-21,-0.3101769918839724,0.049804481834584795,10.420742,0.098,0.167,0.05251
ORGO,Unknown,0.33140787,2026-09-21,-0.7050947390104595,0.033470666490848025,10.420742,0.098,0.167,0.05251
HMR,Unknown,0.3313477,2026-09-21,0.34814816319239283,0.07743819056548285,10.420742,0.098,0.167,0.05251
CHA,Consumer Cyclical,0.33129954,2026-09-21,-0.24304031380466506,0.031573684339064045,7.7322984,0.025,5.914,0.16162
AIIO,Consumer Cyclical,0.33129257,2026-09-21,-0.9576923083036374,0.055281453654713986,10.420742,95.278,0.167,-15.52442
ISPR,Unknown,0.3312802,2026-09-21,-0.5791139219017714,0.0469906721535536,10.420742,0.098,0.167,0.05251
IMTE,Unknown,0.33126143,2026-09-21,-0.5561261223527618,0.0447520351546961,10.420742,0.098,0.167,0.05251
NAUT,Unknown,0.33122241,2026-09-21,0.3102881381846665,0.07497565069172353,10.420742,0.098,0.167,0.05251
AXSM,Healthcare,0.33118755,2026-09-21,0.7165556707535774,0.025329307338152886,40.566315,0.455,0.167,-2.45102
ZKIN,Unknown,0.33115748,2026-09-21,-0.5045454501120513,0.04197994314407052,10.420742,0.098,0.167,0.05251
DXST,Unknown,0.33077678,2026-09-21,-0.9306122461954752,0.04713199086958329,10.420742,0.098,0.167,0.05251
ELBM,Unknown,0.3306481,2026-09-21,-0.4665137834916575,0.030071274395760038,10.420742,0.098,0.167,0.05251
DLTH,Unknown,0.3304975,2026-09-21,-0.00240378663737173,0.05680273878146972,10.420742,0.098,0.167,0.05251
CNDT,Technology,0.33035815,2026-09-21,-0.4375000201367041,0.04559810463529477,-27.5,-0.119,0.167,-0.20542
MNY,Unknown,0.33035517,2026-09-21,-0.689144141749509,0.030759055062569856,10.420742,0.098,0.167,0.05251
FEAM,Unknown,0.33026466,2026-09-21,-0.3922305898445756,0.11339584606441223,10.420742,0.098,0.167,0.05251
QSI,Unknown,0.33009934,2026-09-21,-0.5066013119255262,0.03800711507575573,10.420742,0.098,0.167,0.05251
CIEN,Technology,0.33003542,2026-09-21,1.6169589444154036,0.04712676282051813,30.574587,0.37,4.229,0.22396
IMRN,Unknown,0.32985765,2026-09-21,-0.30386738657663837,0.15138616017787915,10.420742,0.098,0.167,0.05251
HPQ,Unknown,0.32977736,2026-09-21,0.21750201892698362,0.038593213266339126,10.420742,0.098,0.167,0.05251
ALDX,Healthcare,0.32967633,2026-09-21,-0.7305389297071629,0.03503881223464394,-4.927273,0.098,0.167,-0.49483
SKYA,Technology,0.32961497,2026-09-21,-0.7824351082992062,0.07872664499669917,10.420742,16.075,0.167,-4.512
ENGS,Unknown,0.32940596,2026-09-21,-0.6066481999033513,0.03614573491716914,10.420742,0.098,0.167,0.05251
CAT,Industrials,0.32938573,2026-09-21,0.7693937626893055,0.016868517909174322,25.280645,0.24,0.682,0.56972003
EXYN,Unknown,0.32929888,2026-09-21,0.031088115865008925,0.11893111971548966,10.420742,0.098,0.167,0.05251
BRLS,Consumer Defensive,0.32927123,2026-09-21,-0.49049430605691946,0.07894152107054983,10.420742,0.076,0.167,0.05251
ICG,Unknown,0.3292704,2026-09-21,-0.5119047506416015,0.028266246518112565,10.420742,0.098,0.167,0.05251
MASK,Unknown,0.3290392,2026-09-21,-0.941818182133446,0.04175471628960366,10.420742,0.098,0.167,0.05251
FWDI,Unknown,0.32889983,2026-09-21,-0.7423906225697029,0.0849861850927896,10.420742,0.098,0.167,0.05251
BIXIW,,0.32878888,2026-09-18,0.031088115865008925,0.12203368844486792,10.420742,0.098,0.167,0.05251
ICCM,Unknown,0.32877663,2026-09-21,-0.935256412450927,0.026077976512232887,10.420742,0.098,0.167,0.05251
MTVA,Unknown,0.328631,2026-09-21,-0.8344403712929185,0.03946322434470555,10.420742,0.098,0.167,0.05251
KMRK,Unknown,0.32861796,2026-09-21,-0.36315789019632205,0.04512030222572214,10.420742,0.098,0.167,0.05251
WRAP,Unknown,0.32837045,2026-09-21,-0.28837213789597715,0.04274781286310531,10.420742,0.098,0.167,0.05251
UK,Unknown,0.32836562,2026-09-21,-0.8086538382183163,0.037424767696772665,10.420742,0.098,0.167,0.05251
EVGN,Unknown,0.32829788,2026-09-21,-0.6057377090828291,0.03298072552696856,10.420742,0.098,0.167,0.05251
IDN,Unknown,0.32827148,2026-09-21,-0.5685557613132671,0.023973053201985495,10.420742,0.098,0.167,0.05251
AVR,Healthcare,0.32811975,2026-09-21,0.5203703505839179,0.02429315222547913,-8.21,0.633,0.167,-0.74651
AGNT,Real Estate,0.32811874,2026-09-21,-0.6542759656215245,0.03319239130134585,12.833332,0.107,0.167,-0.06887
YHGJ,Unknown,0.32808304,2026-09-18,-0.5,0.03324238706032304,10.420742,0.098,0.167,0.05251
TKNO,Unknown,0.3280751,2026-09-21,0.7866379742230458,0.030341342743208717,10.420742,0.098,0.167,0.05251
AIFU,Financial Services,0.32800287,2026-09-21,-0.9168939373709939,0.1028398620897418,20.145555,-0.398,0.167,-1.4684501
KFFB,Unknown,0.3278109,2026-09-21,0.7790764135135251,0.05240358878942511,10.420742,0.098,0.167,0.05251
AXG,Financial Services,0.3277959,2026-09-21,-0.3117871239468336,0.0409476830049296,10.420742,10.784,0.167,-0.89056
RUM,Unknown,0.3275939,2026-09-21,0.1803096648185485,0.055108750792349045,10.420742,0.098,0.167,0.05251
TC,Unknown,0.32757184,2026-09-21,-0.867397264457147,0.03993018237537526,10.420742,0.098,0.167,0.05251
SXTP,Unknown,0.3275654,2026-09-21,-0.8291780834053488,0.048571183926603353,10.420742,0.098,0.167,0.05251
TYGO,Unknown,0.32738644,2026-09-21,-0.44751379468866614,0.022925595315472082,10.420742,0.098,0.167,0.05251
MTEK,Unknown,0.3273239,2026-09-21,-0.6952662909716671,0.032205030517798265,10.420742,0.098,0.167,0.05251
CRSR,Technology,0.3273082,2026-09-21,0.55868823134011,0.03448825568346284,16.316412,-0.018,0.167,0.05845
GMHS,Unknown,0.32726648,2026-09-21,-0.4419707888513732,0.05071795913455373,10.420742,0.098,0.167,0.05251
OIO,Unknown,0.32720792,2026-09-21,-0.8303946257929269,0.07584356563014776,10.420742,0.098,0.167,0.05251
IOVA,Unknown,0.32708445,2026-09-21,3.6159088694852297,0.033751516618211165,10.420742,0.098,0.167,0.05251
GUTS,Unknown,0.32703546,2026-09-21,-0.407793512613411,0.045435977774204966,10.420742,0.098,0.167,0.05251
NAMI,Unknown,0.3268036,2026-09-21,-0.9288888904783461,0.13564839218271896,10.420742,0.098,0.167,0.05251
HXHX,Unknown,0.32672134,2026-09-21,-0.6447368366016024,0.05467076052930888,10.420742,0.098,0.167,0.05251
OPEN,Unknown,0.3262642,2026-09-21,-0.7278671994066879,0.03187844408673305,10.420742,0.098,0.167,0.05251
PONY,Unknown,0.32626024,2026-09-21,-0.6070406387554697,0.03283462777156111,10.420742,0.098,0.167,0.05251
WALD,Unknown,0.32610795,2026-09-21,-0.471153815293452,0.034631777405097874,10.420742,0.098,0.167,0.05251
HIHO,Unknown,0.3260677,2026-09-21,-0.4111637298769245,0.028903453344204234,10.420742,0.098,0.167,0.05251
FOFO,Unknown,0.32592833,2026-09-21,-0.8267419912235022,0.04838712525415808,10.420742,0.098,0.167,0.05251
XAIR,Unknown,0.3256873,2026-09-21,-0.9304585153747711,0.06859256638175594,10.420742,0.098,0.167,0.05251
YIBO,Unknown,0.32548624,2026-09-18,-0.17216118143828407,0.03691194757538221,10.420742,0.098,0.167,0.05251
OTLK,Unknown,0.32539085,2026-09-21,-0.30323230566899173,0.03354161647640334,10.420742,0.098,0.167,0.05251
NCEW,Unknown,0.32510805,2026-09-18,2.4058541378212106,0.04492826310281418,10.420742,0.098,0.167,0.05251
QCLS,Unknown,0.32497966,2026-09-21,-0.802179494217616,0.3237020789891347,10.420742,0.098,0.167,0.05251
FATE,Unknown,0.3249645,2026-09-21,1.5,0.026210760701012876,10.420742,0.098,0.167,0.05251
SINT,Unknown,0.3249311,2026-09-21,-0.5994549592818335,0.03163670666101766,10.420742,0.098,0.167,0.05251
SNAG,Unknown,0.32492712,2026-09-21,0.031088115865008925,0.07749434583052037,10.420742,0.098,0.167,0.05251
BULLW,,0.3247943,2026-09-21,-0.43877552112704843,0.07479052888150572,10.420742,0.519,0.167,0.04723
AAPG,Healthcare,0.3247296,2026-09-21,-0.597941532079424,0.03963958016528435,-15.347218,0.293,0.167,-2.36629
CTXR,Unknown,0.32449326,2026-09-21,-0.5108546684855764,0.03807759618700512,10.420742,0.098,0.167,0.05251
SABR,Unknown,0.32449323,2026-09-21,0.20680633876372223,0.04457356909415835,10.420742,0.098,0.167,0.05251
IMNN,Unknown,0.32447758,2026-09-21,-0.7176470423239735,0.026644009440293572,10.420742,0.098,0.167,0.05251
IRIX,Unknown,0.32431424,2026-09-21,-0.48398437128926153,0.02483365473639007,10.420742,0.098,0.167,0.05251
AMSC,Industrials,0.3243036,2026-09-21,-0.5310900795035227,0.031022462375226212,22.32465,0.3,0.176,0.30163
XRPI,Unknown,0.32423475,2026-09-21,-0.5612559879214036,0.057302913699967074,10.420742,0.098,0.167,0.05251
ETHA,Unknown,0.3241583,2026-09-21,-0.3992225728150808,0.030430638000970404,10.420742,0.098,0.167,0.05251
EVO,Unknown,0.32402554,2026-09-21,-0.5871313796305139,0.025808536033830726,10.420742,0.098,0.167,0.05251
AIFC,Technology,0.32390833,2026-09-21,-0.8701630426719362,0.040676254062486074,10.420742,-0.622,0.167,-2.35115
ASPI,Basic Materials,0.32381335,2026-09-21,-0.6511500654045088,0.046736512407781185,-4.5070543,3.276,0.167,-0.90348
TSDD,Unknown,0.32370928,2026-09-21,-0.31602013945088125,0.05948504321274214,10.420742,0.098,0.167,0.05251
DRMA,Unknown,0.32368788,2026-09-21,-0.8009424149646646,0.051509125729127636,10.420742,0.098,0.167,0.05251
IVVD,Unknown,0.3236812,2026-09-21,-0.20567998886108396,0.09051672638605676,10.420742,0.098,0.167,0.05251
DJT,Unknown,0.32354102,2026-09-21,-0.45776726877144214,0.031732998899345846,10.420742,0.098,0.167,0.05251
NWTG,Unknown,0.32347053,2026-09-21,-0.42676768710620294,0.04884754524959771,10.420742,0.098,0.167,0.05251
TRON,Unknown,0.3234148,2026-09-21,-0.48453609767787686,0.05791928320179251,10.420742,0.098,0.167,0.05251
QTEX,Unknown,0.32338223,2026-09-21,-0.3148799896240234,0.038720379214365545,10.420742,0.098,0.167,0.05251
AMAT,Technology,0.32318857,2026-09-21,1.466826017181524,0.03229931092935659,25.197252,0.248,0.428,0.41068
SLDP,Consumer Cyclical,0.32318464,2026-09-21,-0.3567774808961782,0.02835779615674997,-5.6111116,0.098,0.167,-0.20581
AEIS,Industrials,0.32310966,2026-09-21,0.5537421699885878,0.037537259312520416,17.35021,0.3,0.934,0.16267
KNDI,Unknown,0.3230351,2026-09-21,-0.620362337500677,0.02288918447046877,10.420742,0.098,0.167,0.05251
FTCI,Unknown,0.32261658,2026-09-21,-0.6912073542057852,0.055225573431252825,10.420742,0.098,0.167,0.05251
AVAH,Healthcare,0.32250226,2026-09-21,0.5945626135095068,0.01980877097537592,14.891647,0.137,0.385,1.98567
DGII,Technology,0.32246596,2026-09-21,0.9073734263247939,0.022174171399763576,23.240742,0.29,0.481,0.07459
FEMY,Unknown,0.32231814,2026-09-21,-0.6368749840226434,0.053658879031870846,10.420742,0.098,0.167,0.05251
INMB,Unknown,0.32224584,2026-09-21,0.18020305275017034,0.045661133130391864,10.420742,0.098,0.167,0.05251
XXII,Unknown,0.32215285,2026-09-21,-0.9966098485570966,0.07620159899883938,10.420742,0.098,0.167,0.05251
DCTH,Healthcare,0.32212475,2026-09-21,0.3685106318047706,0.014292669387413833,357.77777,0.206,0.0,0.00471
RMCF,Unknown,0.32185817,2026-09-21,-0.6023364629669676,0.029999080599079443,10.420742,0.098,0.167,0.05251
VFSWW,Unknown,0.32183725,2026-09-21,-0.04304349344371594,0.1024995550663271,10.420742,0.098,0.167,0.05251
NYXH,Unknown,0.32180738,2026-09-21,-0.6945606748821649,0.049041029639582026,10.420742,0.098,0.167,0.05251
ENVX,Unknown,0.32178766,2026-09-21,-0.6992972013967691,0.03338405288623638,10.420742,0.098,0.167,0.05251
ECX,Unknown,0.32176617,2026-09-21,-0.49056598999271694,0.027598504426068777,10.420742,0.098,0.167,0.05251
NVDG,Unknown,0.32167423,2026-09-21,0.28876919231534126,0.057307959032043894,10.420742,0.098,0.167,0.05251
ACRS,Healthcare,0.32152632,2026-09-21,1.8538461134043445,0.03408706008794899,-7.074066,-0.083,0.167,-0.59096
GRDX,Unknown,0.32133904,2026-09-21,-0.26630433261507147,0.058454053510346486,10.420742,0.098,0.167,0.05251
SERV,Unknown,0.32131892,2026-09-21,-0.6561526550322363,0.03100647527808716,10.420742,0.098,0.167,0.05251
GCTK,Unknown,0.32130212,2026-09-21,-0.9773584910622398,0.0687273199996138,10.420742,0.098,0.167,0.05251
SLNHP,Financial Services,0.32127517,2026-09-18,0.8518518464010385,0.026691584871355888,10.420742,1.446,0.167,-0.68363
GTEC,Unknown,0.3211738,2026-09-21,-0.19385712817493728,0.03661325960400772,10.420742,0.098,0.167,0.05251
PULM,Unknown,0.32116222,2026-09-21,-0.6806122394364758,0.03902412041744268,10.420742,0.098,0.167,0.05251
PUBM,Unknown,0.32082683,2026-09-21,1.0578703680708084,0.022183491199895978,10.420742,0.098,0.167,0.05251
NCRA,Unknown,0.32079893,2026-09-21,-0.9539414413059873,0.14585516270449952,10.420742,0.098,0.167,0.05251
RECT,Unknown,0.32052183,2026-09-21,-0.612384266216803,0.03008606766200384,10.420742,0.098,0.167,0.05251
CURX,Unknown,0.3204771,2026-09-21,-0.8207999992370605,0.05643603072404706,10.420742,0.098,0.167,0.05251
AXTI,Technology,0.32040405,2026-09-21,19.101009522052635,0.07580964919326119,35.377777,1.648,0.167,0.01012
TELA,Unknown,0.3203717,2026-09-21,-0.1949685883528628,0.04766671259028829,10.420742,0.098,0.167,0.05251
DNMXW,Unknown,0.3203296,2026-09-21,0.031088115865008925,0.06922277789360184,10.420742,0.098,0.167,0.05251
TOMZ,Unknown,0.32027704,2026-09-21,-0.5053198650117368,0.024902004202217196,10.420742,0.098,0.167,0.05251
LOOP,Unknown,0.32014593,2026-09-21,-0.7249999900658923,0.050073557259267196,10.420742,0.098,0.167,0.05251
BRZE,Technology,0.3201015,2026-09-21,-0.22429760810586086,0.06107657702621585,25.220224,0.262,0.167,-0.18511
MGNX,Unknown,0.31981555,2026-09-21,1.3901735163542739,0.03138297247444727,10.420742,0.098,0.167,0.05251
HUIZ,Unknown,0.3197859,2026-09-21,-0.5638629409592419,0.06269613042314469,10.420742,0.098,0.167,0.05251
NOMA,Unknown,0.3197384,2026-09-21,0.031088115865008925,0.053136065297963476,10.420742,0.098,0.167,0.05251
HIT,Unknown,0.31950435,2026-09-21,-0.7457507122332979,0.030959259141764464,10.420742,0.098,0.167,0.05251
LVLU,Unknown,0.3194541,2026-09-21,1.3826639349509438,0.059125956069801124,10.420742,0.098,0.167,0.05251
PYXS,Unknown,0.31939343,2026-09-21,0.409482790956742,0.055979107723513194,10.420742,0.098,0.167,0.05251
GLMD,Unknown,0.31938878,2026-09-18,1.0118343078398517,1.6159098047065206,10.420742,0.098,0.167,0.05251
SVRE,Unknown,0.31914985,2026-09-21,-0.8777777751286825,0.0537562694902004,10.420742,0.098,0.167,0.05251
ALNY,Healthcare,0.31910327,2026-09-21,-0.4585443648173646,0.028039232060776437,19.585485,0.669,0.167,0.96555
HUMA,Unknown,0.31908458,2026-09-21,-0.6656983187094389,0.035338118008677116,10.420742,0.098,0.167,0.05251
RSSS,Unknown,0.3190233,2026-09-21,-0.4681934150973558,0.024884925024908335,10.420742,0.098,0.167,0.05251
IFRX,Unknown,0.31882733,2026-09-21,0.5291970958528829,0.05474809032776251,10.420742,0.098,0.167,0.05251
CLIK,Consumer Cyclical,0.31877917,2026-09-21,-0.8740856759308938,0.04562425144073531,10.420742,0.572,-0.8,0.05251
CCLD,Healthcare,0.31870276,2026-09-21,-0.38778409571964145,0.03733780311146991,4.7362638,0.164,-0.883,0.21753
GDHG,Unknown,0.3185651,2026-09-21,-0.8495778324064576,0.030248642550623674,10.420742,0.098,0.167,0.05251
FRSX,Unknown,0.31843913,2026-09-21,-0.802900633398715,0.047933777948387414,10.420742,0.098,0.167,0.05251
GIFT,Unknown,0.3181247,2026-09-21,-0.34485986837289684,0.04554249821279564,10.420742,0.098,0.167,0.05251
WKHS,Unknown,0.31805855,2026-09-21,-0.7847222319045879,0.04288768944733275,10.420742,0.098,0.167,0.05251
MAMO,Unknown,0.31804705,2026-09-21,-0.6687719167331869,0.02840605797296699,10.420742,0.098,0.167,0.05251
CAMT,Technology,0.31790385,2026-09-21,0.4921402906471166,0.03929350828754545,31.60295,0.025,-0.1,0.07565
AGYS,Technology,0.31788275,2026-09-21,-0.06522951199581806,0.02381143933286848,31.347128,0.143,0.882,0.13802
GEMI,Unknown,0.3178721,2026-09-21,-0.7577614403910689,0.09221716479347657,10.420742,0.098,0.167,0.05251
DTSS,Unknown,0.3178503,2026-09-21,-0.5625463246728892,0.2525316776141132,10.420742,0.098,0.167,0.05251
TNYA,Unknown,0.317826,2026-09-21,-0.4870454728332425,0.026689475109980394,10.420742,0.098,0.167,0.05251
MIST,Unknown,0.31766203,2026-09-21,-0.528256421743138,0.04080129637621126,10.420742,0.098,0.167,0.05251
SPWH,Unknown,0.3176273,2026-09-21,-0.6069871700233254,0.035584612924784174,10.420742,0.098,0.167,0.05251
LOBO,Unknown,0.31761426,2026-09-21,0.1502940744130674,0.11239618780812692,10.420742,0.098,0.167,0.05251
MIRA,Unknown,0.31758425,2026-09-21,-0.31874016054018517,0.05274917407563359,10.420742,0.098,0.167,0.05251
WYHG,Unknown,0.31757146,2026-09-21,-0.28125005174014095,0.11683859045947305,10.420742,0.098,0.167,0.05251
AKBA,Healthcare,0.3174379,2026-09-21,-0.681587843552308,0.04071396912094406,-2.6008332,-0.214,0.167,-1.09384
AVBP,Healthcare,0.31739646,2026-09-21,0.6011840754661275,0.03152876977106315,-7.803694,0.098,0.167,-0.53253
APPF,Technology,0.3171615,2026-09-21,-0.24588232420746325,0.025420881457254775,25.002964,0.193,0.182,0.3209
SY,Unknown,0.31709415,2026-09-21,-0.27821521225699297,0.055745300694608015,10.420742,0.098,0.167,0.05251
CURR,Unknown,0.31683856,2026-09-21,0.9698795461917693,0.0858752485669282,10.420742,0.098,0.167,0.05251
ADMA,Healthcare,0.31668156,2026-09-21,-0.41181929429516273,0.022375650342480537,10.065407,0.02,0.143,0.41897
ONCY,Unknown,0.31663245,2026-09-21,-0.42852942983687525,0.029015106362392615,10.420742,0.098,0.167,0.05251
ARCB,Industrials,0.31629944,2026-09-21,0.8122349363374517,0.020152815086472632,13.48632,0.159,0.167,0.01269
FROG,Unknown,0.31612083,2026-09-21,0.8483303471496675,0.04217950605271578,10.420742,0.098,0.167,0.05251
MASS,Unknown,0.31577542,2026-09-21,0.590909106799425,0.03907498341276165,10.420742,0.098,0.167,0.05251
TSLG,Unknown,0.31568742,2026-09-21,-0.42341736097929705,0.0597189142908193,10.420742,0.098,0.167,0.05251
CHRN,Technology,0.3155116,2026-09-21,4.07126141582081,0.058291852675931836,-12.566532,0.098,0.167,-0.38489
INM,Unknown,0.31519347,2026-09-21,-0.40677964475023987,0.028638941261725278,10.420742,0.098,0.167,0.05251
APA,Energy,0.31513986,2026-09-21,0.9056461315751396,0.025574490415189614,10.010706,0.092,0.263,0.26659
PAL,Unknown,0.31510425,2026-09-21,-0.4394150150977406,0.03331210893832581,10.420742,0.098,0.167,0.05251
SMID,Unknown,0.31489372,2026-09-21,-0.44091123268620225,0.025008950263983268,10.420742,0.098,0.167,0.05251
ARQQ,Technology,0.3148254,2026-09-21,-0.3871657983640865,0.07285681445288535,-21.679247,8.299,0.167,-2.2021
TRUG,Unknown,0.31475267,2026-09-21,-0.986581538273738,0.22362718353423455,10.420742,0.098,0.167,0.05251
FLYE,Unknown,0.31470105,2026-09-21,-0.8986394538183855,0.15658333184243345,10.420742,0.098,0.167,0.05251
NWGL,Unknown,0.3145498,2026-09-21,-0.11920526402963083,0.17647038819207583,10.420742,0.098,0.167,0.05251
SFIX,Unknown,0.3143349,2026-09-21,-0.5017513118032311,0.026021393263890014,10.420742,0.098,0.167,0.05251
CGEN,Healthcare,0.3142714,2026-09-21,0.8246267704024692,0.03266745062531121,-6.695393,1.07,0.167,0.50638
SCNX,Unknown,0.3138648,2026-09-21,-0.6552306092982576,0.026299957250337427,10.420742,0.098,0.167,0.05251
EVGO,Unknown,0.3137939,2026-09-21,-0.6795698969939468,0.05070243044099246,10.420742,0.098,0.167,0.05251
CECO,Industrials,0.31371784,2026-09-21,0.4039061007262019,0.03754108350270339,22.97256,0.537,0.167,-0.023640001
SLNH,Financial Services,0.313591,2026-09-21,0.49999993069227466,0.049302902226606125,-5.6739125,1.446,0.167,-0.68363
YDDL,Unknown,0.31352076,2026-09-21,0.031088115865008925,0.10181610319177413,10.420742,0.098,0.167,0.05251
USEA,Unknown,0.31349644,2026-09-21,0.9939679710292759,0.023693427766137632,10.420742,0.098,0.167,0.05251
ZENA,Unknown,0.31339523,2026-09-21,-0.7142857142857143,0.04708497530794981,10.420742,0.098,0.167,0.05251
LICN,Unknown,0.31333083,2026-09-21,-0.7711864214147577,0.02760807986916716,10.420742,0.098,0.167,0.05251
UONEK,Unknown,0.31329164,2026-09-21,-0.5334285569612665,0.035462139085376314,10.420742,0.098,0.167,0.05251
AZTA,Healthcare,0.3132648,2026-09-21,0.08692849008421266,0.032898675715293826,57.44681,0.12,0.167,-0.07041
GCLWW,Unknown,0.3132617,2026-09-15,0.031088115865008925,0.1668817099125237,10.420742,0.098,0.167,0.05251
FIVN,Unknown,0.31320253,2026-09-21,0.35571858355324415,0.041091932145721856,10.420742,0.098,0.167,0.05251
EDSA,Unknown,0.3131688,2026-09-21,0.7869566168361459,0.04319709442467161,10.420742,0.098,0.167,0.05251
HAIN,Unknown,0.31316534,2026-09-21,-0.6172483359903403,0.054069897799649755,10.420742,0.098,0.167,0.05251
EBON,Unknown,0.31314734,2026-09-21,-0.5329086985423361,0.03346155684960034,10.420742,0.098,0.167,0.05251
BJRI,Consumer Cyclical,0.31310773,2026-09-21,1.0417914493746938,0.022724770983169072,22.31585,0.064,-0.113,0.104399994
RTB,Unknown,0.3130534,2026-09-21,-0.1770408751616016,0.08484900513978406,10.420742,0.098,0.167,0.05251
CGEM,Healthcare,0.3130158,2026-09-21,2.3690851886861135,0.02122038057377658,-7.984178,0.098,0.167,-0.50298
OM,Unknown,0.31300625,2026-09-21,-0.7776993593220015,0.020755068616624586,10.420742,0.098,0.167,0.05251
NCTY,Unknown,0.31296846,2026-09-21,-0.6094049767887388,0.08010965954616385,10.420742,0.098,0.167,0.05251
ORKA,Unknown,0.31289163,2026-09-21,4.628468041269135,0.027634753849407296,10.420742,0.098,0.167,0.05251
OPTX,Unknown,0.3128041,2026-09-21,3.993630503606081,0.05965102824304242,10.420742,0.098,0.167,0.05251
DCX,Consumer Cyclical,0.3127765,2026-09-21,-0.9989628712861939,0.18874971251498454,10.420742,0.098,0.167,-4.6022
MKZR,Unknown,0.31274304,2026-09-21,-0.7917771118015835,0.027194199886979027,10.420742,0.098,0.167,0.05251
FATN,Unknown,0.31266072,2026-09-21,0.0016638521903247216,0.028259752732863963,10.420742,0.098,0.167,0.05251
FUSE,Unknown,0.31247702,2026-09-21,-0.9576214296477181,0.051404931619328326,10.420742,0.098,0.167,0.05251
VHUB,Unknown,0.31236964,2026-09-21,0.031088115865008925,0.04970472703196347,10.420742,0.098,0.167,0.05251
ENVB,Unknown,0.31232634,2026-09-21,-0.7943121746934572,0.031893984818682754,10.420742,0.098,0.167,0.05251
LGO,Unknown,0.31231022,2026-09-21,-0.6367231561555502,0.029271477810699893,10.420742,0.098,0.167,0.05251
NBP,Unknown,0.31226102,2026-09-21,-0.5575342555233092,0.028083971307101094,10.420742,0.098,0.167,0.05251
BLFS,Healthcare,0.31209844,2026-09-21,0.4105783381376309,0.015934591550471732,112.42423,0.215,0.167,0.12829
RNTX,Unknown,0.31206143,2026-09-21,-0.3128695552840348,0.04927246664456558,10.420742,0.098,0.167,0.05251
HQI,Unknown,0.31177056,2026-09-21,0.7475621123631424,0.02456447735070501,10.420742,0.098,0.167,0.05251
EOSE,Unknown,0.31176922,2026-09-21,-0.5500111050075955,0.06774891002601827,10.420742,0.098,0.167,0.05251
IIIV,Unknown,0.31176627,2026-09-21,-0.5439714092117469,0.025105912101983895,10.420742,0.098,0.167,0.05251
IQ,Unknown,0.3116516,2026-09-21,-0.6225475522662456,0.0486248131646555,10.420742,0.098,0.167,0.05251
BRLT,Consumer Cyclical,0.31164718,2026-09-21,-0.4684015177956864,0.03363773130470235,14.019608,0.057,0.167,-0.10945
BZ,Communication Services,0.31154412,2026-09-21,-0.40260312304718837,0.045265044181551646,9.734269,0.141,1.663,0.23942
LXRX,Unknown,0.3115421,2026-09-21,0.6598361048189669,0.019360388222558866,10.420742,0.098,0.167,0.05251
HURA,Unknown,0.31153357,2026-09-21,-0.16472866855972257,0.03089232616442797,10.420742,0.098,0.167,0.05251
GTM,Unknown,0.3108653,2026-09-21,-0.6775123681107342,0.03856780378538048,10.420742,0.098,0.167,0.05251
ARCLR,,0.31086096,2026-09-18,0.031088115865008925,0.08905570785898127,10.420742,0.098,0.167,0.05251
CONI,Unknown,0.31063655,2026-09-21,-0.4966719259375303,0.12137733711150102,10.420742,0.098,0.167,0.05251
PGEN,Unknown,0.3105664,2026-09-21,1.0250000705844489,0.02668158114386352,10.420742,0.098,0.167,0.05251
IXHL,Unknown,0.3105539,2026-09-21,-0.7802469274616511,0.04061363905675306,10.420742,0.098,0.167,0.05251
LUNG,Unknown,0.31051472,2026-09-21,0.25312505285255527,0.04195727819858084,10.420742,0.098,0.167,0.05251
PTON,Unknown,0.31045803,2026-09-21,-0.3839848253937138,0.025099474843131103,10.420742,0.098,0.167,0.05251
FTEK,Unknown,0.31042773,2026-09-21,-0.4412650432611238,0.04603061495435391,10.420742,0.098,0.167,0.05251
CGON,Healthcare,0.31042242,2026-09-21,0.9951055527331294,0.021061602782028056,-25.560724,0.098,0.167,-0.26405
BLNK,Industrials,0.31033477,2026-09-21,-0.5826760521878138,0.04812638163443813,-2.552381,-0.245,0.167,-0.85481
ONDG,Unknown,0.31032827,2026-09-21,0.031088115865008925,0.08345961767518224,10.420742,0.098,0.167,0.05251
NXXT,Unknown,0.3102703,2026-09-21,-0.45710059881151865,1.5155401202422458,10.420742,0.098,0.167,0.05251
USIO,Unknown,0.31026536,2026-09-21,0.585033930855694,0.030416527591018747,10.420742,0.098,0.167,0.05251
HIND,Unknown,0.31024224,2026-09-21,-0.6969137599258414,0.028178581158042372,10.420742,0.098,0.167,0.05251
SNTG,Unknown,0.31003013,2026-09-21,-0.4506172943980097,0.027547181176513384,10.420742,0.098,0.167,0.05251
NVDL,Unknown,0.3098787,2026-09-21,0.3026268564257528,0.05759946892324675,10.420742,0.098,0.167,0.05251
WHLRP,Unknown,0.30976626,2026-09-18,1.2539237510012313,0.03390117765686639,10.420742,0.098,0.167,0.05251
NCMI,Unknown,0.3096524,2026-09-21,-0.533291986962268,0.028327672029663128,10.420742,0.098,0.167,0.05251
HTOO,Unknown,0.30962512,2026-09-21,-0.5675105376993109,0.045433872824228956,10.420742,0.098,0.167,0.05251
WEST,Unknown,0.30950275,2026-09-21,0.5415020314111298,0.014870662819168393,10.420742,0.098,0.167,0.05251
AHMA,Consumer Cyclical,0.3095001,2026-09-21,0.031088115865008925,0.10497160272453189,10.420742,0.046,0.042,0.12967
BZFD,Communication Services,0.30946076,2026-09-21,-0.41406248690327596,0.04009912155113209,-5.625,-0.218,0.167,-0.90487
COCO,Consumer Defensive,0.30944595,2026-09-21,0.47452882996933576,0.025607587288137987,24.715813,0.281,1.158,0.31370002
INNV,Unknown,0.30933183,2026-09-21,1.0867849241589114,0.018958880072206002,10.420742,0.098,0.167,0.05251
YDES,Unknown,0.30921683,2026-09-21,-0.8606939341471815,0.10576458786520662,10.420742,0.098,0.167,0.05251
CRCT,Technology,0.30899966,2026-09-21,-0.13957259943845024,0.020928745619107705,23.63221,-0.092,0.694,0.25896
SBC,Unknown,0.3089255,2026-09-21,0.11612902167270978,0.033263951004851015,10.420742,0.098,0.167,0.05251
ADBG,Unknown,0.30881503,2026-09-21,-0.6591099920407029,0.05817021145765286,10.420742,0.098,0.167,0.05251
POLA,Unknown,0.30868387,2026-09-21,-0.5278810580254085,0.024972477522737926,10.420742,0.098,0.167,0.05251
MSLE,Unknown,0.30867192,2026-09-21,0.691666657914149,0.04313553828540849,10.420742,0.098,0.167,0.05251
RARE,Unknown,0.3085992,2026-09-21,-0.4958777092736848,0.10555446052076997,10.420742,0.098,0.167,0.05251
EEIQ,Unknown,0.30859414,2026-09-21,-0.5160132249475667,0.054436273254680784,10.420742,0.098,0.167,0.05251
CRDL,Healthcare,0.3085649,2026-09-21,0.6756756669679118,0.05079604274926114,-7.9131465,0.098,0.167,-1.9017999
DH,Healthcare,0.30845734,2026-09-21,-0.7862149587374333,0.0597093597147426,4.944525,-0.091,0.167,-0.78366
AMBR,Financial Services,0.30845302,2026-09-21,-0.6024096534359105,0.12062022093151613,10.420742,-0.336,0.953,0.0074400003
INO,Unknown,0.308435,2026-09-21,-0.448051944700925,0.03659595773230032,10.420742,0.098,0.167,0.05251
LI,Unknown,0.30841136,2026-09-21,-0.5588799334630165,0.024081796423707613,10.420742,0.098,0.167,0.05251
ARQT,Healthcare,0.30818042,2026-09-21,0.44551110699461716,0.03245772196557707,18.738972,0.593,0.167,0.15864
WIMI,Unknown,0.30809352,2026-09-21,-0.7918240306084442,0.029818781948470995,10.420742,0.098,0.167,0.05251
NAII,Unknown,0.3079893,2026-09-21,-0.42461538314819336,0.024936396474808515,10.420742,0.098,0.167,0.05251
SOPH,Unknown,0.3079516,2026-09-21,1.5862068501617732,0.0387805616559696,10.420742,0.098,0.167,0.05251
BVC,Technology,0.30790138,2026-09-21,7.947020075633953,0.06132559143234312,10.420742,0.098,0.167,0.22775
CCC,Technology,0.30787548,2026-09-21,-0.3238341602793544,0.026913849897436854,12.406,0.098,0.813,0.02167
EXFY,Unknown,0.30779463,2026-09-21,0.16582910659526884,0.026375328281524068,10.420742,0.098,0.167,0.05251
APP,Communication Services,0.3077045,2026-09-21,-0.46280893694814795,0.030161170938323927,15.872853,0.528,0.57,2.03686
RDI,Unknown,0.30742854,2026-09-21,0.2922078304094544,0.047526144456897505,10.420742,0.098,0.167,0.05251
SRAD,Unknown,0.3073859,2026-09-21,-0.5695622424440159,0.026421056090743533,10.420742,0.098,0.167,0.05251
HVIIU,Unknown,0.3072847,2026-09-21,0.11904761904761907,0.13384749582347896,10.420742,0.098,0.167,0.05251
RBBN,Unknown,0.30721995,2026-09-21,-0.5428211475716708,0.035700612046566896,10.420742,0.098,0.167,0.05251
GV,Unknown,0.30720443,2026-09-18,0.031088115865008925,0.17521722411422394,10.420742,0.098,0.167,0.05251
ENGN,Unknown,0.307043,2026-09-21,-0.7205459710069307,0.028336837528556105,10.420742,0.098,0.167,0.05251
RNXT,Unknown,0.30694488,2026-09-21,0.3730158985457035,0.09245783377568537,10.420742,0.098,0.167,0.05251
SONM,Unknown,0.30688274,2026-09-21,-0.6793965128462764,0.06242475548522473,10.420742,0.098,0.167,0.05251
DECK,Consumer Cyclical,0.3068488,2026-09-21,-0.30193624554607745,0.02178910431270165,9.670752,0.057,0.011,0.42558
MRM,Unknown,0.30678362,2026-09-21,-0.5828176598359522,0.025132637250124233,10.420742,0.098,0.167,0.05251
BHST,Consumer Defensive,0.3066792,2026-09-21,-0.81447443725546,0.029315372741515758,-4.820895,0.038,0.167,-1.425
GOGO,Unknown,0.30661237,2026-09-21,-0.7225305286912012,0.04041636048703004,10.420742,0.098,0.167,0.05251
DLXY,Unknown,0.30655858,2026-09-21,-0.8970454455839167,1.0333577784128862,10.420742,0.098,0.167,0.05251
BMNG,Unknown,0.3065333,2026-09-21,0.031088115865008925,0.12181028347998722,10.420742,0.098,0.167,0.05251
AAOI,Technology,0.30631584,2026-09-21,2.729682993938257,0.052033074813349116,23.494022,0.864,0.167,-0.05449
FVNNR,Unknown,0.30626222,2026-09-21,0.031088115865008925,0.09952159408497122,10.420742,0.098,0.167,0.05251
OBIO,Unknown,0.306221,2026-09-21,1.505976089940987,0.03845612749079795,10.420742,0.098,0.167,0.05251
KRT,Unknown,0.3061342,2026-09-21,1.2283661029353583,0.018308420040103517,10.420742,0.098,0.167,0.05251
MIMI,Unknown,0.30604446,2026-09-21,-0.9914577320678947,0.1548718129609606,10.420742,0.098,0.167,0.05251
VIVO,Unknown,0.3059827,2026-09-21,-0.2272727015718381,0.028663327567521452,10.420742,0.098,0.167,0.05251
AAPL,Technology,0.30573928,2026-09-21,0.43052129725820887,0.013592229437257226,35.323196,0.164,0.287,1.4875101
CMPS,Healthcare,0.3056921,2026-09-21,1.9645670562589008,0.0427952109843269,-10.506862,0.098,0.167,-3.19066
XTLB,Unknown,0.30568272,2026-09-21,-0.5592943636886969,0.049272541891162425,10.420742,0.098,0.167,0.05251
MB,Unknown,0.30546182,2026-09-21,-0.5610212594304698,0.037628301433888046,10.420742,0.098,0.167,0.05251
SAIH,Unknown,0.3053699,2026-09-21,2.225426054253578,0.04141212960695752,10.420742,0.098,0.167,0.05251
OFS,Unknown,0.30531737,2026-09-21,-0.48645872570182414,0.025754492051653064,10.420742,0.098,0.167,0.05251
CIFR,Technology,0.30529773,2026-09-21,0.6071729504815291,0.06589184457670445,87.2525,-0.43,0.167,-1.67485
AZI,Consumer Cyclical,0.30519527,2026-09-21,-0.9894527272744612,0.027504245892175656,10.420742,-0.63,0.167,0.05251
TLX,Unknown,0.30518347,2026-09-21,0.23307863148982677,0.04765182533518514,10.420742,0.098,0.167,0.05251
NNBR,Unknown,0.30513582,2026-09-21,0.4586956907084856,0.029553561951803083,10.420742,0.098,0.167,0.05251
STIM,Unknown,0.30513576,2026-09-21,-0.02061861836027834,0.032243980941719194,10.420742,0.098,0.167,0.05251
MYPS,Unknown,0.3051241,2026-09-21,-0.5352525346423396,0.022265304488500764,10.420742,0.098,0.167,0.05251
RNAZ,Unknown,0.30509084,2026-09-21,-0.8468388157861215,0.042280358406200154,10.420742,0.098,0.167,0.05251
WVVIP,Unknown,0.3049672,2026-09-21,0.040811763793334954,0.1273271982807722,10.420742,0.098,0.167,0.05251
GENK,Unknown,0.30495337,2026-09-21,-0.44855302532871677,0.023773022887228174,10.420742,0.098,0.167,0.05251
VRTL,Unknown,0.30485535,2026-09-21,0.7297822461817507,0.08200694945732005,10.420742,0.098,0.167,0.05251
CRGO,Technology,0.30481192,2026-09-21,-0.6759090954738545,0.0343520069180173,-8.9125,0.034,0.167,-0.39426
HLP,Unknown,0.3047137,2026-09-21,0.9074072786319454,0.0818327614182623,10.420742,0.098,0.167,0.05251
BTDR,Technology,0.3046946,2026-09-21,-0.21483452792501545,0.06147847932322507,-35.516777,0.471,0.167,-0.25264
SLS,Healthcare,0.30459586,2026-09-21,6.046583954178023,0.05743672517723702,-113.549995,0.098,0.167,-0.39633998
KGEI,Unknown,0.30458376,2026-09-21,0.17539268954547427,0.026614995642232582,10.420742,0.098,0.167,0.05251
BSY,Technology,0.30452964,2026-09-21,-0.3883729849284484,0.02249740476878611,20.389761,0.128,0.148,0.24517
OPRT,Unknown,0.30448163,2026-09-21,0.17348371167345755,0.024977665454183715,10.420742,0.098,0.167,0.05251
IGACR,Unknown,0.30439267,2026-09-18,0.031088115865008925,0.053028795950136216,10.420742,0.098,0.167,0.05251
BLZE,Technology,0.30437958,2026-09-21,0.40277776278804134,0.03435143607363851,50.48148,0.177,0.167,-0.24292
OABI,Unknown,0.3043232,2026-09-21,1.7319276738554419,0.05492509926170546,10.420742,0.098,0.167,0.05251
CYAB,Unknown,0.30418092,2026-09-21,0.031088115865008925,0.12046081613982382,10.420742,0.098,0.167,0.05251
ASMG,Unknown,0.30416825,2026-09-21,1.470290258286906,0.05058312622880609,10.420742,0.098,0.167,0.05251
CMCT,Real Estate,0.30409965,2026-09-21,-0.9965793103185193,0.05427829889411726,-1.0290456,-0.095,0.167,-0.15567
ALGM,Technology,0.30409747,2026-09-21,0.11220654143555109,0.030527967751211867,23.98759,0.275,0.167,0.015269999
PHOE,Unknown,0.3040309,2026-09-21,1.3070588953354778,0.05514442694018318,10.420742,0.098,0.167,0.05251
PPBT,Unknown,0.30397242,2026-09-21,-0.760869574751361,0.06534379054406224,10.420742,0.098,0.167,0.05251
KOPN,Unknown,0.30391857,2026-09-21,0.7968147455000922,0.042671901221698685,10.420742,0.098,0.167,0.05251
TRVG,Unknown,0.30379412,2026-09-21,0.8656716949027814,0.059199903007513884,10.420742,0.098,0.167,0.05251
ACLS,Technology,0.30355108,2026-09-21,0.16677006524371274,0.032728264485945444,21.321184,0.106,-0.235,0.088870004
CSAI,Unknown,0.30348042,2026-09-21,-0.9333333342966408,0.056117403234966806,10.420742,0.098,0.167,0.05251
RANI,Unknown,0.30342254,2026-09-21,0.6921161603033554,0.041700579941484156,10.420742,0.098,0.167,0.05251
KC,Unknown,0.3034048,2026-09-21,-0.37787876707134826,0.031829037588239587,10.420742,0.098,0.167,0.05251
PROK,Unknown,0.30326402,2026-09-21,-0.3394834182080002,0.040571788843533685,10.420742,0.098,0.167,0.05251
QS,Unknown,0.3030481,2026-09-21,-0.576743618145977,0.02698367421648719,10.420742,0.098,0.167,0.05251
ONMD,Unknown,0.30297855,2026-09-21,-0.2068539047271306,0.053805601007503104,10.420742,0.098,0.167,0.05251
FOXX,Unknown,0.3028814,2026-09-21,-0.511281073622107,0.04571056058832463,10.420742,0.098,0.167,0.05251
CYPH,Unknown,0.30283454,2026-09-21,9.763239309949064,0.12968849588664905,10.420742,0.098,0.167,0.05251
WFF,Unknown,0.3024187,2026-09-21,-0.5137293952844635,0.05932491823962027,10.420742,0.098,0.167,0.05251
SIGA,Unknown,0.30240083,2026-09-21,-0.5979118504868589,0.027354907859042498,10.420742,0.098,0.167,0.05251
POM,Unknown,0.30232313,2026-09-21,0.031088115865008925,0.04995496151940682,10.420742,0.098,0.167,0.05251
BTSGU,Healthcare,0.30232176,2026-09-21,1.0066200436852313,0.025094321787307732,10.420742,0.23,1.966,0.13036
PHIO,Unknown,0.30224648,2026-09-21,-0.5165876627305754,0.02425047243805539,10.420742,0.098,0.167,0.05251
HELP,Unknown,0.30204046,2026-09-21,1.3116666475931802,0.05948195302467882,10.420742,0.098,0.167,0.05251
TTEC,Unknown,0.30194354,2026-09-21,-0.679419513032249,0.022701922190878323,10.420742,0.098,0.167,0.05251
TKLF,Unknown,0.30188522,2026-09-21,-0.5392953871756134,0.03232925376227074,10.420742,0.098,0.167,0.05251
PASG,Unknown,0.3018639,2026-09-21,-0.3708609430461923,0.03603255592159028,10.420742,0.098,0.167,0.05251
NVX,Unknown,0.3017923,2026-09-21,-0.7825757631038285,0.05695155199654653,10.420742,0.098,0.167,0.05251
BTF,Unknown,0.30177748,2026-09-21,-0.35867617235654314,0.026598253312324942,10.420742,0.098,0.167,0.05251
TMCI,Unknown,0.3017727,2026-09-21,-0.3866481484957114,0.03249409174429802,10.420742,0.098,0.167,0.05251
DXLG,Unknown,0.30175894,2026-09-21,-0.5684931652253774,0.03415799714710677,10.420742,0.098,0.167,0.05251
CERT,Healthcare,0.3016781,2026-09-21,-0.27523323969960956,0.03148833480140815,21.864286,0.01,0.167,-0.022090001
OKYO,Unknown,0.30155677,2026-09-21,-0.3574878812523403,0.03991482944496845,10.420742,0.098,0.167,0.05251
KBAB,Unknown,0.30143422,2026-09-21,-0.607687023926694,0.03919940376909557,10.420742,0.098,0.167,0.05251
XBIO,Unknown,0.3014196,2026-09-21,-0.07371788111899014,0.12739910728324744,10.420742,0.098,0.167,0.05251
LNZA,Unknown,0.3014162,2026-09-21,-0.7048780394763481,0.035849410162835584,10.420742,0.098,0.167,0.05251
AISP,Technology,0.3013802,2026-09-21,-0.6534391522155014,0.02844141391238231,49.125004,0.921,0.167,0.05251
APGE,Healthcare,0.30094707,2026-09-02,0.031088115865008925,0.022835687632255523,-25.995647,0.098,0.167,-0.32456002
LAES,Unknown,0.30086562,2026-09-21,-0.34349031733249624,0.03170902113670948,10.420742,0.098,0.167,0.05251
MOB,Unknown,0.30072367,2026-09-21,-0.3461538825605752,0.03316482829304779,10.420742,0.098,0.167,0.05251
LVO,Unknown,0.30056152,2026-09-21,-0.3862332645429635,0.04739506758498293,10.420742,0.098,0.167,0.05251
AOUT,Consumer Cyclical,0.30054966,2026-09-21,0.8587443701676136,0.10327089025090452,21.584417,0.254,0.167,-0.02352
INSG,Unknown,0.30048123,2026-09-21,-0.6767637910338671,0.029279209051943506,10.420742,0.098,0.167,0.05251
TASK,Unknown,0.3004005,2026-09-21,-0.2515939608297576,0.0322091909151115,10.420742,0.098,0.167,0.05251
RACC,Unknown,0.30037898,2026-09-21,0.031088115865008925,0.08441762525639457,10.420742,0.098,0.167,0.05251
BVS,Healthcare,0.30025154,2026-09-21,0.8652778695762917,0.023786887569316024,14.581521,0.038,3.273,0.25684
QMCO,Unknown,0.30024743,2026-09-21,2.0863905931820526,0.040575835824900895,10.420742,0.098,0.167,0.05251
TSLQ,Unknown,0.30016515,2026-09-21,-0.3045276696111693,0.05902595436732092,10.420742,0.098,0.167,0.05251
PLCE,Unknown,0.30013734,2026-09-21,-0.6902017179192173,0.06804414012602288,10.420742,0.098,0.167,0.05251
KPLT,Unknown,0.30005938,2026-09-21,-0.5851377740264918,0.07589256087617292,10.420742,0.098,0.167,0.05251
ALNT,Technology,0.2999462,2026-09-21,1.2938346154664155,0.04141277055458046,32.980453,0.102,0.812,0.09514
ETS,Unknown,0.2997879,2026-09-21,1.1359224357213078,0.12665839299338977,10.420742,0.098,0.167,0.05251
KUST,Unknown,0.29974306,2026-09-21,-0.9780862344433259,0.05790502187669156,10.420742,0.098,0.167,0.05251
IONZ,Unknown,0.2996569,2026-09-21,-0.910766153567249,0.0914257149711165,10.420742,0.098,0.167,0.05251
PRHI,Unknown,0.29952377,2026-09-21,-0.39295829397963256,0.07105263735106798,10.420742,0.098,0.167,0.05251
DRTS,Unknown,0.29944232,2026-09-21,3.0551181210763403,0.02094047544206537,10.420742,0.098,0.167,0.05251
VTSI,Unknown,0.29942122,2026-09-21,-0.47933574445706784,0.0202985878212308,10.420742,0.098,0.167,0.05251
SKYX,Industrials,0.2993368,2026-09-21,-0.0076923006385033466,0.054853569127749295,-11.727272,0.096,0.167,-2.71395
FTLF,Unknown,0.2991269,2026-09-21,-0.5164490645774475,0.02117954150390297,10.420742,0.098,0.167,0.05251
SLSN,Consumer Defensive,0.29902562,2026-09-21,-0.7652034985708054,0.034401432308600606,10.420742,-0.247,0.167,-0.1855
CNC,Healthcare,0.2989392,2026-09-21,1.0220704617432208,0.021046176719016374,12.168645,0.046,0.167,-0.20358999
CSTE,Unknown,0.29892159,2026-09-21,0.8076923312049888,0.03542935209989801,10.420742,0.098,0.167,0.05251
FNKO,Unknown,0.2989189,2026-09-21,0.5895953581970375,0.03835918601076061,10.420742,0.098,0.167,0.05251
CPRT,Industrials,0.29883334,2026-09-21,-0.35943683621455147,0.02443388485851025,16.421915,0.024,-0.146,0.1616
PDDL,Unknown,0.29876316,2026-09-21,-0.7213900496038937,0.02779778639455871,10.420742,0.098,0.167,0.05251
MRVI,Unknown,0.29846343,2026-09-21,1.5086804227558606,0.03853686160402089,10.420742,0.098,0.167,0.05251
WW,Unknown,0.29845905,2026-09-21,-0.4440026336325853,0.053731328589369444,10.420742,0.098,0.167,0.05251
YJ,Unknown,0.29837185,2026-09-21,0.07701657997099454,0.0773405160450207,10.420742,0.098,0.167,0.05251
JZXN,Unknown,0.29831943,2026-09-21,-0.971972221200046,0.06523785047655012,10.420742,0.098,0.167,0.05251
NCIQ,Unknown,0.2982546,2026-09-21,-0.3210832832638547,0.030625094723829356,10.420742,0.098,0.167,0.05251
LESL,Unknown,0.29811883,2026-09-21,-0.9229328613684384,0.06423799834652387,10.420742,0.098,0.167,0.05251
AUGO,Basic Materials,0.2979807,2026-09-21,1.959874729703274,0.029585197017113228,10.939734,0.764,22.447,1.00164
VRRM,Unknown,0.29787222,2026-09-21,-0.8560698255345126,0.023115510347704708,10.420742,0.098,0.167,0.05251
MSAI,Unknown,0.29784498,2026-09-21,-0.8321726919603327,0.02841134041413387,10.420742,0.098,0.167,0.05251
RLAY,Unknown,0.29781437,2026-09-21,3.0428570739889844,0.021990681839812887,10.420742,0.098,0.167,0.05251
FABC,Unknown,0.2977037,2026-09-21,-0.6393035030449175,0.031804414898957745,10.420742,0.098,0.167,0.05251
MEHA,Unknown,0.29770002,2026-09-21,0.031088115865008925,0.06529594780896653,10.420742,0.098,0.167,0.05251
CLLS,Healthcare,0.2976788,2026-09-21,-0.5253164685893716,0.10326952765202045,-2.435484,-0.621,0.167,-0.94536
SOWG,Unknown,0.29755583,2026-09-21,-0.7973475274336923,0.08055208205327292,10.420742,0.098,0.167,0.05251
NOWL,Unknown,0.29741773,2026-09-21,-0.680623811778067,0.0797244378734712,10.420742,0.098,0.167,0.05251
ZJYL,Unknown,0.29740676,2026-09-21,-0.8228070132876952,0.05428208033736131,10.420742,0.098,0.167,0.05251
DOMH,Unknown,0.29730123,2026-09-21,-0.496499031914974,0.04858032767665294,10.420742,0.098,0.167,0.05251
QLYS,Unknown,0.29726765,2026-09-21,0.3349168251020005,0.04993064090156913,10.420742,0.098,0.167,0.05251
AGIO,Healthcare,0.296863,2026-09-21,-0.10527006196495603,0.01978633477974857,-8.515026,2.593,0.167,-0.34337002
NRXP,Unknown,0.29683015,2026-09-21,0.12080533315155928,0.02782882581313088,10.420742,0.098,0.167,0.05251
PRLD,Unknown,0.29663712,2026-09-21,3.7326735197451892,0.042932230886790886,10.420742,0.098,0.167,0.05251
STNE,Unknown,0.2965673,2026-09-21,-0.38466090526979124,0.02573647605685185,10.420742,0.098,0.167,0.05251
NUAI,Unknown,0.2965154,2026-09-21,15.125208499846053,0.09527956370376314,10.420742,0.098,0.167,0.05251
JBDI,Unknown,0.29640368,2026-09-21,-0.6604629514821871,0.05339884528091917,10.420742,0.098,0.167,0.05251
CRDF,Healthcare,0.29639614,2026-09-21,-0.3656944597595262,0.05369132937042471,-2.5794392,-0.141,0.167,-0.94085
TDTH,Unknown,0.29639122,2026-09-21,-0.9406072735344838,0.04050714989651492,10.420742,0.098,0.167,0.05251
ANNA,Energy,0.29626694,2026-09-21,-0.31075038421230394,0.04717527499176819,10.420742,1.535,5.709,0.21618
MXCT,Unknown,0.2962661,2026-09-21,-0.24999998160350478,0.026744240524809008,10.420742,0.098,0.167,0.05251
RPD,Unknown,0.29619595,2026-09-21,-0.38751241477894605,0.07507617885993347,10.420742,0.098,0.167,0.05251
DTST,Unknown,0.29566118,2026-09-21,-0.37021930222200894,0.024892981575347663,10.420742,0.098,0.167,0.05251
EPRX,Unknown,0.295634,2026-09-21,0.43046364203486953,0.058598227669205104,10.420742,0.098,0.167,0.05251
PAMT,Unknown,0.29558712,2026-09-21,-0.08785336583645764,0.039557470410718054,10.420742,0.098,0.167,0.05251
DEFT,Financial Services,0.29558268,2026-09-21,-0.7886397185889442,0.06836489855813037,29.147524,-0.407,0.167,0.22288
AUID,Technology,0.29551327,2026-09-21,-0.8538636312265181,0.08028734420369439,10.420742,-0.66,0.167,-2.45129
JAGX,Unknown,0.29550788,2026-09-21,-0.9972874594578806,0.1027233846548649,10.420742,0.098,0.167,0.05251
MGNI,Unknown,0.2953312,2026-09-21,0.05988276195273845,0.029250938477980104,10.420742,0.098,0.167,0.05251
TNON,Unknown,0.2952774,2026-09-21,-0.9138248876026738,0.2908310497055833,10.420742,0.098,0.167,0.05251
TAOX,Unknown,0.29523805,2026-09-21,-0.23684212727780052,0.05262308075618035,10.420742,0.098,0.167,0.05251
RGC,Unknown,0.2951659,2026-09-21,-0.6059405979859154,0.053640547267687876,10.420742,0.098,0.167,0.05251
AMRX,Healthcare,0.29516336,2026-09-21,1.0835881406472212,0.03256854950841252,17.169178,0.099,1.571,6.1301703
VELO,Unknown,0.29506692,2026-09-21,2.5297805726978595,0.046182314278961266,10.420742,0.098,0.167,0.05251
FLWS,Unknown,0.29503283,2026-09-21,-0.5442477868637525,0.04645540562191253,10.420742,0.098,0.167,0.05251
RXT,Unknown,0.29496068,2026-09-21,1.7331081244351654,0.05571679384892525,10.420742,0.098,0.167,0.05251
ERNA,Unknown,0.29482242,2026-09-21,-0.8796850414726678,0.030785804366435205,10.420742,0.098,0.167,0.05251
QXL,Unknown,0.29475358,2026-09-21,0.8588767599675162,0.051666621126664654,10.420742,0.098,0.167,0.05251
BRRR,Unknown,0.29470384,2026-09-21,-0.2673088724205436,0.028868842989741766,10.420742,0.098,0.167,0.05251
ASND,Healthcare,0.29462048,2026-09-21,0.19431211537319393,0.030429791350560075,21.553324,1.147,0.167,1.18784
AIP,Technology,0.29461348,2026-09-21,1.353741438595005,0.045617485023904156,196.26207,0.462,0.167,-1.31412
DUKRW,Unknown,0.2945763,2026-09-18,0.031088115865008925,0.07975321652004347,10.420742,0.098,0.167,0.05251
PBYI,Unknown,0.294516,2026-09-21,1.1238938986680949,0.018993898098289264,10.420742,0.098,0.167,0.05251
HTLM,Unknown,0.29449072,2026-09-21,-0.45662605448074844,0.0349182109707205,10.420742,0.098,0.167,0.05251
STRZ,Unknown,0.294487,2026-09-21,0.8941345071031686,0.03980312387312422,10.420742,0.098,0.167,0.05251
GNLN,Unknown,0.29428482,2026-09-21,-0.9187665762573292,0.05803186793827309,10.420742,0.098,0.167,0.05251
NDLS,Unknown,0.29428044,2026-09-21,1.4421641467395148,0.027479894791085514,10.420742,0.098,0.167,0.05251
LFCR,Unknown,0.29413742,2026-09-21,-0.4388398605807492,0.036088084283205805,10.420742,0.098,0.167,0.05251
HTZ,Unknown,0.29404327,2026-09-21,-0.7255192749754436,0.032497738957372145,10.420742,0.098,0.167,0.05251
BSX,Healthcare,0.29388043,2026-09-21,-0.5553802530336803,0.02597202235503663,12.7592125,0.075,0.151,0.15338999
LCID,Unknown,0.29378012,2026-09-21,-0.7936243894623547,0.039311532959927856,10.420742,0.098,0.167,0.05251
GENVR,Unknown,0.29375002,2026-09-21,-0.45942405934350883,0.1285071660351594,10.420742,0.098,0.167,0.05251
DMRC,Unknown,0.2936891,2026-09-21,-0.524743218071122,0.035852420640040024,10.420742,0.098,0.167,0.05251
WRD,Unknown,0.29356337,2026-09-21,-0.4482504954137474,0.029389752840436524,10.420742,0.098,0.167,0.05251
MAKO,Unknown,0.2934415,2026-09-21,1.0507099409137806,0.031898026921108685,10.420742,0.098,0.167,0.05251
HITI,Unknown,0.29318693,2026-09-21,-0.34045226446730525,0.02876481571271382,10.420742,0.098,0.167,0.05251
GNSS,Unknown,0.2931657,2026-09-21,-0.388040018081665,0.032574554191722935,10.420742,0.098,0.167,0.05251
ECOR,Unknown,0.2930564,2026-09-21,1.3963965047596845,0.044835443476666396,10.420742,0.098,0.167,0.05251
TSLL,Unknown,0.29296342,2026-09-21,-0.4245564642362436,0.0588068148029541,10.420742,0.098,0.167,0.05251
VTIX,Unknown,0.29295635,2026-09-21,0.031088115865008925,0.05906002960445055,10.420742,0.098,0.167,0.05251
BWIN,Financial Services,0.29290682,2026-09-21,0.012539697071862532,0.027824342431361972,12.866957,0.301,0.167,-0.10662
KPTI,Unknown,0.29282838,2026-09-21,-0.671029671171266,0.050605209935693424,10.420742,0.098,0.167,0.05251
EMEQ,Unknown,0.29274958,2026-09-21,0.9619429162481825,0.0207614150456346,10.420742,0.098,0.167,0.05251
MLGO,Unknown,0.29262,2026-09-21,-0.7160693536237853,0.031073374539974694,10.420742,0.098,0.167,0.05251
STI,Unknown,0.29260126,2026-09-21,0.5787737502456014,0.037715318077574556,10.420742,0.098,0.167,0.05251
TITN,Unknown,0.29258093,2026-09-21,0.2458332878020093,0.0633072667730683,10.420742,0.098,0.167,0.05251
SPHL,Unknown,0.29236096,2026-09-21,-0.42307692307692313,0.02386106536089804,10.420742,0.098,0.167,0.05251
ASTH,Healthcare,0.2923535,2026-09-21,0.11211816213295234,0.02728362273633503,9.133355,0.485,1.105,0.06902
WBTN,Unknown,0.29230684,2026-09-21,-0.4763033179639605,0.04136788809226019,10.420742,0.098,0.167,0.05251
MBX,Unknown,0.2922583,2026-09-21,5.0310725474374856,0.02402546566807703,10.420742,0.098,0.167,0.05251
RZLT,Unknown,0.29212275,2026-09-21,-0.5237804802168982,0.029328160295720513,10.420742,0.098,0.167,0.05251
IOTR,Unknown,0.2920787,2026-09-21,-0.4891599021049453,0.06708063118278287,10.420742,0.098,0.167,0.05251
ZNTL,Unknown,0.2920528,2026-09-21,1.0335570147625903,0.03831782457259354,10.420742,0.098,0.167,0.05251
MWYN,Unknown,0.29198876,2026-09-21,-0.16393446147009283,0.09871882108694559,10.420742,0.098,0.167,0.05251
HDSN,Unknown,0.29188618,2026-09-21,-0.4931439597061861,0.018421903919367568,10.420742,0.098,0.167,0.05251
LAB,Unknown,0.29186696,2026-09-21,-0.4714893645442988,0.02898783464879961,10.420742,0.098,0.167,0.05251
QH,Unknown,0.291826,2026-09-21,-0.3697068453237301,0.023000829134597046,10.420742,0.098,0.167,0.05251
NAKA,Unknown,0.29175726,2026-09-21,-0.8340603926757298,0.05204567935763607,10.420742,0.098,0.167,0.05251
TOP,Unknown,0.29169083,2026-09-21,1.1815602408994788,0.04816678793941151,10.420742,0.098,0.167,0.05251
ECPG,Unknown,0.2916677,2026-09-21,1.1711867946089694,0.018730127024924006,10.420742,0.098,0.167,0.05251
ABVC,Healthcare,0.29149184,2026-09-21,-0.5592279515628118,0.06800412422509074,-2.7247727,0.098,0.167,-0.69858
COOT,Consumer Defensive,0.2914586,2026-09-21,-0.1177358241028601,0.07976991696418055,10.420742,0.098,0.167,-1.36388
BEEM,Technology,0.29143906,2026-09-21,-0.5608552450990081,0.06980935029296098,-6.9736843,0.21,0.167,-0.72694
MSGM,Unknown,0.29143298,2026-09-21,0.5103793577631319,0.06113962541807837,10.420742,0.098,0.167,0.05251
CSHR,Unknown,0.29125103,2026-09-21,0.031088115865008925,0.04761484221790872,10.420742,0.098,0.167,0.05251
ROMA,Unknown,0.29122147,2026-09-18,1.9746030482155015,0.023946847483695664,10.420742,0.098,0.167,0.05251
FDMT,Unknown,0.2910175,2026-09-21,1.124647921235097,0.03226592310958785,10.420742,0.098,0.167,0.05251
MVIS,Unknown,0.29099807,2026-09-21,-0.9085333315531413,0.034361402518652065,10.420742,0.098,0.167,0.05251
OPRX,Unknown,0.29098648,2026-09-21,-0.602008447175264,0.028821860949347106,10.420742,0.098,0.167,0.05251
ANNAW,,0.29074493,2026-09-21,0.031088115865008925,0.022835687632255523,10.420742,1.535,5.709,0.21618
GRAB,Unknown,0.2907193,2026-09-21,-0.542519682674253,0.025371557818998886,10.420742,0.098,0.167,0.05251
MTLS,Unknown,0.2906774,2026-09-21,0.4095840471159933,0.03433924055208658,10.420742,0.098,0.167,0.05251
ARQ,Industrials,0.29060742,2026-09-21,-0.7100142751421248,0.02846645968118009,50.7475,0.045,0.167,-0.27054
ZSTK,Unknown,0.29058895,2026-09-21,-0.8199534346411512,0.09410020037791533,10.420742,0.098,0.167,0.05251
SQFTP,Unknown,0.29047844,2026-09-21,-0.5733949879117166,0.039178603254692086,10.420742,0.098,0.167,0.05251
CYCN,Unknown,0.2904486,2026-09-08,0.5438089608282024,0.07854245766128724,10.420742,0.098,0.167,0.05251
IMMX,Unknown,0.29044273,2026-09-21,5.028708564075566,0.03336828680473361,10.420742,0.098,0.167,0.05251
AACG,Consumer Defensive,0.29043156,2026-09-21,-0.6772509872286481,0.043532649150760945,-0.81828284,-0.117,0.167,-0.86084
THRY,Unknown,0.29026338,2026-09-21,-0.8429256596780865,0.04869478726598879,10.420742,0.098,0.167,0.05251
GNLX,Unknown,0.29023126,2026-09-21,-0.3615960606831733,0.03498815030601999,10.420742,0.098,0.167,0.05251
LINK,Unknown,0.29021037,2026-09-21,-0.265232060032787,0.05168254958075426,10.420742,0.098,0.167,0.05251
FBLG,Unknown,0.29005703,2026-09-21,-0.8719626140944332,0.0843028506657873,10.420742,0.098,0.167,0.05251
CLYM,Healthcare,0.29004765,2026-09-21,5.131696249196801,0.04961180609672569,-13.599202,0.098,0.167,-0.27097
GDRX,Unknown,0.28997812,2026-09-21,-0.19858153909732135,0.02488595523880011,10.420742,0.098,0.167,0.05251
CSTL,Unknown,0.2899662,2026-09-21,0.4735720820085145,0.026378348115818438,10.420742,0.098,0.167,0.05251
ATRO,Industrials,0.28987008,2026-09-21,1.057048101340298,0.027379744744768154,21.864971,0.27,24.0,0.33682
THCH,Unknown,0.28981787,2026-09-18,-0.4747081482844855,0.03598696878803723,10.420742,0.098,0.167,0.05251
KALA,Unknown,0.28979346,2026-09-21,-0.999338922182447,0.07511965484231353,10.420742,0.098,0.167,0.05251
GLUE,Unknown,0.28965735,2026-09-21,0.7734488118738372,0.032527512714940164,10.420742,0.098,0.167,0.05251
SUPX,Unknown,0.28964683,2026-09-21,-0.831917462571947,0.09286628955200023,10.420742,0.098,0.167,0.05251
SPRY,Unknown,0.28962886,2026-09-21,-0.5594159249199989,0.03786267001796542,10.420742,0.098,0.167,0.05251
JWEL,Unknown,0.2895606,2026-09-21,0.3596745925722844,0.04059500373962381,10.420742,0.098,0.167,0.05251
ZJK,Unknown,0.28955552,2026-09-21,-0.43958868689775943,0.04378449895296953,10.420742,0.098,0.167,0.05251
PNBK,Unknown,0.28934875,2026-09-21,-0.3421918080684764,0.03481918911314986,10.420742,0.098,0.167,0.05251
CERS,Healthcare,0.28932115,2026-09-21,1.0,0.020488961179234308,-523.0,0.095,0.167,-0.10772
SEGG,Unknown,0.28908488,2026-09-21,-0.912744290764548,0.07012932569973707,10.420742,0.098,0.167,0.05251
CURI,Unknown,0.2890317,2026-09-21,-0.36031097633157594,0.03279979520293631,10.420742,0.098,0.167,0.05251
BNC,Industrials,0.28892425,2026-09-21,-0.39495412651391426,0.1367408109840282,1.4152542,-0.046,0.167,0.70888
SEPN,Unknown,0.28883633,2026-09-21,1.423463117003816,0.019020729642661906,10.420742,0.098,0.167,0.05251
ARDX,Healthcare,0.28872463,2026-09-21,-0.45716513182541874,0.01883979538545564,11.646559,0.238,0.167,-0.38609
LTBR,Unknown,0.28869945,2026-09-21,-0.5422721485343305,0.041657125022652335,10.420742,0.098,0.167,0.05251
CAMP,Healthcare,0.28868678,2026-09-21,0.7120000839233398,0.05360756101649202,-5.334944,0.188,0.167,-5.45854
HSCS,Unknown,0.2886776,2026-09-21,0.346590851364303,0.09055927383382216,10.420742,0.098,0.167,0.05251
FOSL,Unknown,0.28864908,2026-09-21,0.8449366346056562,0.04149327723322819,10.420742,0.098,0.167,0.05251
GGR,Unknown,0.28860128,2026-09-21,-0.5744680874191804,0.08057743284958874,10.420742,0.098,0.167,0.05251
OVID,Unknown,0.28855702,2026-09-21,1.1926228603154434,0.023207771450849856,10.420742,0.098,0.167,0.05251
IBIT,Unknown,0.2885218,2026-09-21,-0.26771533980351714,0.029034529035584504,10.420742,0.098,0.167,0.05251
JG,Unknown,0.28844392,2026-09-21,-0.3545647691652596,0.0489213266474734,10.420742,0.098,0.167,0.05251
MLCI,Unknown,0.2884222,2026-09-21,-0.5861977444071882,0.020580796328141904,10.420742,0.098,0.167,0.05251
BLSG,Unknown,0.28841603,2026-09-21,0.031088115865008925,0.10527273797051608,10.420742,0.098,0.167,0.05251
PAYS,Unknown,0.28839973,2026-09-21,1.1285956427248687,0.03240205854520439,10.420742,0.098,0.167,0.05251
CMPX,Healthcare,0.28819358,2026-09-21,-0.49459240109467817,0.03560715471027536,-3.448598,0.098,0.167,-0.56659
CNTX,Healthcare,0.2881791,2026-09-21,-0.636000007390976,0.03607620410014421,-0.84322137,0.098,0.167,-0.76142
RRGB,Unknown,0.2881525,2026-09-21,0.06818186251585212,0.03591919217641683,10.420742,0.098,0.167,0.05251
EGAN,Unknown,0.2880434,2026-09-21,-0.36736962658517924,0.05158353793250965,10.420742,0.098,0.167,0.05251
XERS,Unknown,0.288013,2026-09-21,0.041566296277188775,0.029992982966277018,10.420742,0.098,0.167,0.05251
WHWK,Unknown,0.28795454,2026-09-21,1.0859391253233324,0.0279157398733224,10.420742,0.098,0.167,0.05251
IZM,Unknown,0.28793788,2026-09-21,-0.5102880557495227,1.2148887513423763,10.420742,0.098,0.167,0.05251
BNKK,Consumer Defensive,0.2878623,2026-09-21,-0.8667275172692965,0.05143406795189288,10.420742,24.883,0.167,-3.32396
BBCP,Industrials,0.28781712,2026-09-21,0.3855022686487055,0.039824994966347387,28.884058,0.126,0.419,0.03575
LFVN,Unknown,0.2877837,2026-09-21,-0.4073694600069716,0.018707297762971774,10.420742,0.098,0.167,0.05251
XBP,Unknown,0.28777987,2026-09-21,-0.6998571441287086,0.05667776885987074,10.420742,0.098,0.167,0.05251
ARHS,Consumer Cyclical,0.28751037,2026-09-21,-0.191419606149692,0.04474386307844564,15.212875,0.074,0.124,0.17282
RYOJ,Unknown,0.28746244,2026-09-21,0.7972972784304755,0.07471908835304504,10.420742,0.098,0.167,0.05251
ASTS,Technology,0.2873985,2026-09-21,0.4875724541658677,0.051374214565675244,-47.673714,26.266,0.167,-0.45621
XRX,Unknown,0.2872069,2026-09-21,-0.12216463278838718,0.034995765191477096,10.420742,0.098,0.167,0.05251
ZTG,Unknown,0.28715792,2026-09-21,-0.5355865709866694,0.2192659992486949,10.420742,0.098,0.167,0.05251
LILA,Unknown,0.28710353,2026-09-21,0.5891112568948993,0.02094608869511172,10.420742,0.098,0.167,0.05251
XRTX,Unknown,0.28691143,2026-09-21,-0.5569767704907452,0.08785283726824206,10.420742,0.098,0.167,0.05251
BRR,Financial Services,0.28684124,2026-09-21,-0.5957552079042936,0.048564584568088355,10.420742,0.098,0.167,0.05251
LILAK,Unknown,0.2868103,2026-09-21,0.5715555826822916,0.020613120097557752,10.420742,0.098,0.167,0.05251
PZZA,Unknown,0.28670338,2026-09-21,-0.5380911565561224,0.026723610968143983,10.420742,0.098,0.167,0.05251
OTGAW,Unknown,0.286688,2026-09-18,0.031088115865008925,0.04498650223142994,10.420742,0.098,0.167,0.05251
HOWL,Unknown,0.28656444,2026-09-21,-0.32868967948487116,0.03769664229183321,10.420742,0.098,0.167,0.05251
ALKT,Technology,0.28655347,2026-09-21,-0.29984921665344655,0.027783606445066916,17.058002,0.159,0.167,-0.12765999
ALMR,Healthcare,0.2863592,2026-09-21,0.031088115865008925,0.04170105183452637,-65.35165,0.821,0.167,0.05251
PACB,Unknown,0.2863274,2026-09-21,0.06640628128661841,0.05578575248854543,10.420742,0.098,0.167,0.05251
CGTX,Healthcare,0.2862931,2026-09-21,-0.3129251899279668,0.024782676553515872,-4.6363635,0.098,0.167,-0.83764
SLDB,Healthcare,0.2862211,2026-09-21,0.5873162018483225,0.03601240176244209,-4.9757276,0.098,0.167,-0.655
NEOV,Unknown,0.286219,2026-09-21,-0.3445297626009939,0.08069105830501741,10.420742,0.098,0.167,0.05251
KITT,Unknown,0.28613514,2026-09-21,-0.9767824778331943,0.03976715768197038,10.420742,0.098,0.167,0.05251
SSII,Unknown,0.2861311,2026-09-21,-0.3961396964563374,0.019942369222393466,10.420742,0.098,0.167,0.05251
INCR,Unknown,0.28609106,2026-09-18,-0.3058823690740752,0.07067366435746399,10.420742,0.098,0.167,0.05251
KOD,Unknown,0.2860855,2026-09-21,2.3099592672524913,0.021551683621310453,10.420742,0.098,0.167,0.05251
PYPG,Unknown,0.2860761,2026-09-21,-0.574817545982589,0.0695182231910448,10.420742,0.098,0.167,0.05251
VOR,Unknown,0.28601614,2026-09-21,-0.27894735686336514,0.03747626362328399,10.420742,0.098,0.167,0.05251
PETS,Unknown,0.28596336,2026-09-21,-0.4249999850988385,0.019647311597794842,10.420742,0.098,0.167,0.05251
MPC,Unknown,0.28594697,2026-09-21,1.2043493072095535,0.01960837814392535,10.420742,0.098,0.167,0.05251
ACHV,Healthcare,0.28591815,2026-09-21,1.7613242183774709,0.03215184431054753,-12.4222145,0.098,0.167,-8.44991
HFBL,Unknown,0.28591087,2026-09-21,0.8467200303409963,0.037160144642701974,10.420742,0.098,0.167,0.05251
HOUR,Unknown,0.28588164,2026-09-21,-0.4616564416056219,0.021328777619564653,10.420742,0.098,0.167,0.05251
BDSX,Healthcare,0.28579846,2026-09-21,3.2407133483866506,0.04866103064108034,-127.954544,0.342,0.167,-5.4001203
ONCO,Unknown,0.28556064,2026-09-21,-0.9956339999039968,0.10780794867942536,10.420742,0.098,0.167,0.05251
SSTI,Unknown,0.28555432,2026-09-21,-0.5605326859739912,0.030804875732736946,10.420742,0.098,0.167,0.05251
DUKR,Unknown,0.28550795,2026-09-21,16.030938350355736,0.02413844749579979,10.420742,0.098,0.167,0.05251
XMAX,Unknown,0.2854338,2026-09-21,0.7127450627484988,0.016540934036526282,10.420742,0.098,0.167,0.05251
HYFT,Unknown,0.28535366,2026-09-21,-0.19148936979691877,0.05903621303179641,10.420742,0.098,0.167,0.05251
CXAI,Unknown,0.2853484,2026-09-21,-0.9361430420801529,0.03317940315948339,10.420742,0.098,0.167,0.05251
KTTA,Unknown,0.28529137,2026-09-21,-0.2831944876302155,0.039795604927483755,10.420742,0.098,0.167,0.05251
ADEA,Technology,0.28505877,2026-09-21,0.555480858276769,0.02840031536840164,15.961268,0.121,0.0,0.27878
QTTB,Unknown,0.28498206,2026-09-21,5.014367870822074,0.029327670483854387,10.420742,0.098,0.167,0.05251
TULP,Unknown,0.28487366,2026-09-21,-0.33474506742337296,0.03928428765052301,10.420742,0.098,0.167,0.05251
NAGE,Unknown,0.28484914,2026-09-21,-0.7011834448915929,0.01781500720997639,10.420742,0.098,0.167,0.05251
TLRY,Unknown,0.28481278,2026-09-21,-0.6769603191266644,0.0228052854470186,10.420742,0.098,0.167,0.05251
OBTC,Unknown,0.28471178,2026-09-21,-0.2152751938985592,0.02932592099195967,10.420742,0.098,0.167,0.05251
COIN,Financial Services,0.28460348,2026-09-21,-0.4109521398858239,0.06053856049936302,71.08567,-0.173,0.167,-0.07847
LZ,Unknown,0.28455594,2026-09-21,-0.46081081731260776,0.027142155531733114,10.420742,0.098,0.167,0.05251
BMEA,Healthcare,0.28451604,2026-09-21,-0.16586534714204892,0.057958046044582594,-1.8385675,0.098,0.167,-1.6413901
INSE,Unknown,0.28446367,2026-09-21,-0.5229211247297203,0.021932941597395783,10.420742,0.098,0.167,0.05251
RELL,Unknown,0.28442568,2026-09-21,0.6249731999674419,0.02823087077509936,10.420742,0.098,0.167,0.05251
SIDU,Unknown,0.2843902,2026-09-21,0.9305555141634427,0.02998901714121183,10.420742,0.098,0.167,0.05251
CONX,Unknown,0.28438947,2026-09-21,0.031088115865008925,0.12054273458716132,10.420742,0.098,0.167,0.05251
YTRA,Unknown,0.28433847,2026-09-21,-0.3259740173283866,0.03627426962649803,10.420742,0.098,0.167,0.05251
TACT,Unknown,0.28429854,2026-09-21,0.07263153477718953,0.024072915024275617,10.420742,0.098,0.167,0.05251
STTK,Unknown,0.28426367,2026-09-21,1.7622870563944395,0.02922259568129842,10.420742,0.098,0.167,0.05251
AIOS,Technology,0.28422728,2026-09-21,-0.788999993460519,0.06708732652315873,10.420742,0.098,0.167,-2.07309
BETR,Financial Services,0.28415132,2026-09-21,-0.6136789597528001,0.05408075093194135,-26.899563,0.282,0.167,-2.50422
HCAI,Unknown,0.28412133,2026-09-21,-0.9752089394780111,0.16733752743437674,10.420742,0.098,0.167,0.05251
MRAM,Unknown,0.2840948,2026-09-21,1.110837393006725,0.048605117206660636,10.420742,0.098,0.167,0.05251
MIND,Unknown,0.2840156,2026-09-21,-0.49093109974441074,0.03826115725050713,10.420742,0.098,0.167,0.05251
PLUL,Unknown,0.2839951,2026-09-21,0.031088115865008925,0.05883158389937369,10.420742,0.098,0.167,0.05251
AMBA,Technology,0.28399405,2026-09-21,-0.16668685415799234,0.036110422000279786,61.450325,0.132,0.167,-0.094119996
ATYR,Healthcare,0.2839829,2026-09-21,-0.6419999834242314,0.0450798655784946,-0.7981732,0.098,0.167,-0.98680997
IMSR,Unknown,0.28391418,2026-09-21,-0.6457031422003636,0.05574720459504773,10.420742,0.098,0.167,0.05251
USOY,Unknown,0.28383636,2026-09-21,0.5473592048915477,0.02289902650326587,10.420742,0.098,0.167,0.05251
PAVM,Unknown,0.28379926,2026-09-21,-0.6802558012137201,0.049670657538464155,10.420742,0.098,0.167,0.05251
RGEN,Unknown,0.28372812,2026-09-21,0.44512782671128504,0.023020448983819324,10.420742,0.098,0.167,0.05251
GLWG,Unknown,0.28370136,2026-09-21,0.031088115865008925,0.08832230050147827,10.420742,0.098,0.167,0.05251
DOMO,Unknown,0.28366005,2026-09-21,-0.7904169055777537,0.018553513285737372,10.420742,0.098,0.167,0.05251
PTLE,Unknown,0.28365466,2026-09-21,-0.5328947372548798,0.06109191979526928,10.420742,0.098,0.167,0.05251
SCYX,Unknown,0.2835853,2026-09-21,-0.5011468152036243,0.04197039307511075,10.420742,0.098,0.167,0.05251
MLEC,Unknown,0.2834694,2026-09-21,-0.6905555460188124,0.0471105044558426,10.420742,0.098,0.167,0.05251
KELYB,Unknown,0.28342932,2026-09-21,0.6375854900925237,0.018686215936805847,10.420742,0.098,0.167,0.05251
ACAD,Healthcare,0.283402,2026-09-21,0.07350564127625647,0.01802444957105704,29.911457,0.164,0.133,0.35743
YQ,Unknown,0.28339377,2026-09-21,-0.02406414811225077,0.11114885722282146,10.420742,0.098,0.167,0.05251
QUCY,Unknown,0.28338984,2026-09-21,-0.18181815554616165,0.050266414748837425,10.420742,0.098,0.167,0.05251
SGMT,Unknown,0.28329667,2026-09-21,0.5918518348976418,0.028402369273717618,10.420742,0.098,0.167,0.05251
TOUR,Unknown,0.28327742,2026-09-21,-0.3284270292486138,0.02431141671266674,10.420742,0.098,0.167,0.05251
METCB,Unknown,0.28326324,2026-09-21,-0.7116318065925353,0.050017331004359115,10.420742,0.098,0.167,0.05251
DOGZ,Unknown,0.28325355,2026-09-21,-0.9346011804783572,0.018091613662197137,10.420742,0.098,0.167,0.05251
TORO,Unknown,0.2831756,2026-09-21,2.2200794344766552,0.02208462355266394,10.420742,0.098,0.167,0.05251
EZRA,Unknown,0.28313193,2026-09-21,-0.9116874245602874,0.03232455935701968,10.420742,0.098,0.167,0.05251
PLTG,Unknown,0.28308448,2026-09-21,-0.3503831929278153,0.06488995621111208,10.420742,0.098,0.167,0.05251
DBX,Technology,0.2830581,2026-09-21,0.16645014120202473,0.02203599337009749,10.820777,0.009,-0.067,0.05251
FORR,Unknown,0.28304562,2026-09-21,0.01694911505234109,0.02124263792692035,10.420742,0.098,0.167,0.05251
ACCL,Industrials,0.2830313,2026-09-21,0.031088115865008925,0.05855048580614912,10.420742,0.01,-0.84,0.14798
LOT,Unknown,0.28295642,2026-09-21,-0.5376884360400231,0.046032693835679206,10.420742,0.098,0.167,0.05251
ALPS,Unknown,0.2828974,2026-09-21,0.031088115865008925,0.07761158453862958,10.420742,0.098,0.167,0.05251
LUCD,Unknown,0.2828636,2026-09-21,-0.2076635749126179,0.038936601919419556,10.420742,0.098,0.167,0.05251
NB,Unknown,0.2828065,2026-09-21,-0.34756096953126736,0.03712973704362076,10.420742,0.098,0.167,0.05251
PLUT,Unknown,0.28277874,2026-09-21,-0.2994185913537504,0.024532293498228983,10.420742,0.098,0.167,0.05251
XNCR,Unknown,0.2827407,2026-09-21,1.506480564202488,0.0343202564526245,10.420742,0.098,0.167,0.05251
RPAY,Unknown,0.2827107,2026-09-21,-0.3156521838644276,0.03297013672292946,10.420742,0.098,0.167,0.05251
EXOZ,Unknown,0.28265756,2026-09-21,-0.5505454670299184,0.04139444493491658,10.420742,0.098,0.167,0.05251
NCLH,Unknown,0.28258187,2026-09-21,-0.4334080859872702,0.018155795021214605,10.420742,0.098,0.167,0.05251
LRE,Unknown,0.28248885,2026-09-21,-0.47347823578077886,0.02149609418812595,10.420742,0.098,0.167,0.05251
MCHX,Unknown,0.2824665,2026-09-21,-0.26842105098048075,0.05314646932562937,10.420742,0.098,0.167,0.05251
IMDX,Unknown,0.28239864,2026-09-21,0.1691395225572283,0.045964665452949915,10.420742,0.098,0.167,0.05251
HODU,Unknown,0.28238,2026-09-21,0.031088115865008925,0.11011025959019935,10.420742,0.098,0.167,0.05251
COAG,Healthcare,0.28235403,2026-09-21,0.031088115865008925,0.041491043289113225,-14.92808,0.098,0.167,0.05251
HSAI,Unknown,0.28234616,2026-09-21,-0.41430496059947897,0.04330463442777852,10.420742,0.098,0.167,0.05251
ATLC,Financial Services,0.2823451,2026-09-21,0.28013984306708917,0.02033563045577892,6.8561797,0.833,0.66,0.22966999
HOOG,Unknown,0.2822508,2026-09-21,-0.4779981358798254,0.1114917319417854,10.420742,0.098,0.167,0.05251
ACOG,Healthcare,0.28213158,2026-09-21,0.048368294352358454,0.028626732577370313,-14.508064,2.676,0.167,-0.49526
SNAL,Unknown,0.28196225,2026-09-21,-0.4829999923706054,0.025470607226175154,10.420742,0.098,0.167,0.05251
VSOL,Unknown,0.28187707,2026-09-21,0.031088115865008925,0.051057308323486594,10.420742,0.098,0.167,0.05251
MGIH,Unknown,0.28181675,2026-09-21,-0.37704920275369547,0.022133740532214348,10.420742,0.098,0.167,0.05251
LCUT,Unknown,0.28169456,2026-09-21,1.2404248581183377,0.02943932663433121,10.420742,0.098,0.167,0.05251
ASMU,Unknown,0.28166035,2026-09-21,0.031088115865008925,0.05097021426845935,10.420742,0.098,0.167,0.05251
CRVL,Financial Services,0.2816046,2026-09-21,-0.13414492851707083,0.016323195010007095,10.420742,0.107,0.212,0.30697
CART,Consumer Cyclical,0.28155527,2026-09-21,0.009030833339915167,0.025516424268748252,9.364937,0.141,0.081,0.16001
KDKRW,Unknown,0.2814341,2026-09-21,0.031088115865008925,0.0539274891076443,10.420742,0.098,0.167,0.05251
TVRD,Unknown,0.281412,2026-09-21,-0.9573902968098241,0.03254287208388708,10.420742,0.098,0.167,0.05251
TTGT,Unknown,0.28128505,2026-09-21,-0.4512894107105686,0.021088487995510895,10.420742,0.098,0.167,0.05251
AMTX,Basic Materials,0.2812714,2026-09-21,-0.11157023653486786,0.05158386511263927,-4.3576922,0.2,0.167,0.05251
AMIX,Healthcare,0.28124884,2026-09-21,-0.8164534991847274,0.09249615408400284,-0.54594594,0.098,0.167,-3.1599
EMBC,Unknown,0.28121418,2026-09-21,-0.6435454583648896,0.03696963235730564,10.420742,0.098,0.167,0.05251
SGRY,Unknown,0.28114408,2026-09-21,-0.3871992928178326,0.024485866762490986,10.420742,0.098,0.167,0.05251
AIIR,Consumer Defensive,0.28110227,2026-09-21,-0.29337233545168007,0.05596096827336395,11.865794,0.098,0.167,0.05251
DCGO,Healthcare,0.28100732,2026-09-21,-0.7636128937386819,0.04295561950213939,9.453138,-0.087,0.167,-1.07788
PCT,Unknown,0.28100097,2026-09-21,-0.5853304394824755,0.02645867223451409,10.420742,0.098,0.167,0.05251
RLYB,Unknown,0.2809993,2026-09-21,2.503756585368184,0.015128287360891498,10.420742,0.098,0.167,0.05251
BIAF,Healthcare,0.2808831,2026-09-21,-0.8998027668667798,0.2611642726339787,-12.764667,0.19,0.167,-18.60152
FIP,Unknown,0.28064868,2026-09-21,-0.35915675133244473,0.031940565921624024,10.420742,0.098,0.167,0.05251
MNOV,Unknown,0.280648,2026-09-21,1.6451612469060866,0.10314011891549661,10.420742,0.098,0.167,0.05251
SHIP,Unknown,0.28060898,2026-09-21,1.1374871920937464,0.02221506845533086,10.420742,0.098,0.167,0.05251
HUHU,Unknown,0.2805556,2026-09-21,-0.33595504486234196,0.09472204141814874,10.420742,0.098,0.167,0.05251
FA,Unknown,0.28045684,2026-09-21,0.3042783803370137,0.025400529944813,10.420742,0.098,0.167,0.05251
TSLR,Unknown,0.2803396,2026-09-21,-0.4147878080959361,0.05923812163419757,10.420742,0.098,0.167,0.05251
MLCO,Unknown,0.280307,2026-09-21,-0.5098547991333435,0.022964317891743982,10.420742,0.098,0.167,0.05251
CBAT,Industrials,0.28030345,2026-09-21,0.27472520130813205,0.045018523497993866,3.5454543,0.993,0.167,-0.16169001
NVAX,Unknown,0.28028908,2026-09-21,0.23036344831202427,0.03561208597048498,10.420742,0.098,0.167,0.05251
BLDP,Industrials,0.28014675,2026-09-21,-0.15076335808397356,0.02651273569755709,-15.558502,0.154,0.167,-0.12923999
HNST,Unknown,0.27991787,2026-09-21,0.31481470579855153,0.026876996999642494,10.420742,0.098,0.167,0.05251
CCIIW,,0.27989963,2026-09-21,-0.02777783296726144,0.037093796774115124,10.420742,0.098,0.167,0.05251
MMLP,Unknown,0.27985397,2026-09-21,-0.29431802521978034,0.02894367153800383,10.420742,0.098,0.167,0.05251
NEOG,Unknown,0.27978113,2026-09-21,1.4029982039974933,0.01697497771560413,10.420742,0.098,0.167,0.05251
CNXU,Healthcare,0.27963638,2026-09-21,0.031088115865008925,0.07756478439458535,-9.18868,0.098,0.167,0.05251
OTLY,Unknown,0.27959904,2026-09-21,-0.28299715810556636,0.03273033877015485,10.420742,0.098,0.167,0.05251
DAIC,Unknown,0.2795813,2026-09-21,-0.9543465031678916,0.816411871918984,10.420742,0.098,0.167,0.05251
SOFX,Unknown,0.2795027,2026-09-21,-0.7938720401515732,0.05736410383232489,10.420742,0.098,0.167,0.05251
BAND,Technology,0.2794562,2026-09-21,2.0065266558829733,0.06530919834924083,28.347574,0.222,0.167,0.0059399996
NESR,Unknown,0.27942193,2026-09-21,2.1023053450835296,0.01829255577056052,10.420742,0.098,0.167,0.05251
BCRX,Healthcare,0.27929965,2026-09-21,0.10615581193207113,0.029941375940177158,9.303191,0.336,14.0,0.05251
CVV,Unknown,0.27923235,2026-09-21,0.48986931389209,0.06035318837705461,10.420742,0.098,0.167,0.05251
FGI,Unknown,0.2792015,2026-09-21,0.1601615188040384,0.06731882848102014,10.420742,0.098,0.167,0.05251
NKTX,Unknown,0.2790691,2026-09-21,0.45226135228860875,0.04177974150849789,10.420742,0.098,0.167,0.05251
OCGN,Unknown,0.2790559,2026-09-21,-0.2607142969661831,0.05139155042352103,10.420742,0.098,0.167,0.05251
TIGR,Unknown,0.27903748,2026-09-21,-0.5513761433374298,0.02931020992002053,10.420742,0.098,0.167,0.05251
TRVI,Unknown,0.27896115,2026-09-21,0.71955509194526,0.02281434033032812,10.420742,0.098,0.167,0.05251
SND,Unknown,0.27895778,2026-09-21,1.6988333935515514,0.021425911277548615,10.420742,0.098,0.167,0.05251
GNOM,Unknown,0.27885622,2026-09-21,0.8065226506325502,0.020883046223195482,10.420742,0.098,0.167,0.05251
NEXM,Unknown,0.27880928,2026-09-21,-0.6292414047227595,0.03071790294069615,10.420742,0.098,0.167,0.05251
SOTK,Unknown,0.27872494,2026-09-21,0.16625912053043868,0.03475389239282247,10.420742,0.098,0.167,0.05251
UEIC,Unknown,0.27858517,2026-09-21,0.1595052505832084,0.02886600089478808,10.420742,0.098,0.167,0.05251
VERU,Unknown,0.27846035,2026-09-21,-0.3123249384836645,0.03143643751250129,10.420742,0.098,0.167,0.05251
PXLW,Unknown,0.27845326,2026-09-21,-0.369759140662027,0.029101931334509376,10.420742,0.098,0.167,0.05251
TROO,Unknown,0.27838236,2026-09-21,0.46268655919741897,0.05553281914919692,10.420742,0.098,0.167,0.05251
TNGX,Unknown,0.27834484,2026-09-21,1.8805591367150924,0.034624102263231996,10.420742,0.098,0.167,0.05251
PRCH,Unknown,0.2783067,2026-09-21,-0.11399795632556076,0.02440378718764193,10.420742,0.098,0.167,0.05251
CADL,Healthcare,0.2783037,2026-09-21,1.2742914021338558,0.036549933453437294,-17.992,0.098,0.167,-0.81844
YXT,Unknown,0.27818948,2026-09-21,-0.7500107997172587,0.0262396244777579,10.420742,0.098,0.167,0.05251
MNTS,Unknown,0.27813998,2026-09-21,-0.7901176452636719,0.032196522049250595,10.420742,0.098,0.167,0.05251
TIGO,Unknown,0.27812645,2026-09-21,1.1736508034920292,0.016454170522692362,10.420742,0.098,0.167,0.05251
SCWO,Unknown,0.27811065,2026-09-21,-0.13529412507185867,0.04101457683613445,10.420742,0.098,0.167,0.05251
MAAS,Unknown,0.27807546,2026-09-21,3.63098612813528,0.044425141300182394,10.420742,0.098,0.167,0.05251
PALI,Unknown,0.27806073,2026-09-21,1.791666476262948,0.05078192673848569,10.420742,0.098,0.167,0.05251
ROIV,Unknown,0.27804545,2026-09-21,1.5848244316568807,0.04809371047139091,10.420742,0.098,0.167,0.05251
ANAB,Healthcare,0.2780041,2026-09-21,2.885910873434479,0.01468109860886711,10.4757,-0.08,0.167,-1.14553
OGI,Unknown,0.27798536,2026-09-21,-0.40957445897846645,0.020769807201074696,10.420742,0.098,0.167,0.05251
EDRY,Unknown,0.27796936,2026-09-21,4.153846153846154,0.05526098687015358,10.420742,0.098,0.167,0.05251
MRKR,Unknown,0.27795035,2026-09-21,0.2604167345756059,0.04085803645234496,10.420742,0.098,0.167,0.05251
TDUP,Unknown,0.27794093,2026-09-21,-0.7725140725114558,0.03460755140932843,10.420742,0.098,0.167,0.05251
VRA,Unknown,0.27787793,2026-09-21,1.0291261866243469,0.08432711179190802,10.420742,0.098,0.167,0.05251
IKT,Unknown,0.27786157,2026-09-21,0.44805199630667936,0.02554014508427068,10.420742,0.098,0.167,0.05251
PODC,Unknown,0.27782333,2026-09-21,0.39080463392540166,0.029731237664259762,10.420742,0.098,0.167,0.05251
SJ,Unknown,0.27775162,2026-09-21,0.07338234529724175,0.0827615336588802,10.420742,0.098,0.167,0.05251
ADAG,Healthcare,0.27767006,2026-09-21,0.5507247061202973,0.04121400405424295,-5.696429,0.098,0.167,-0.28504
BTGD,Unknown,0.27765337,2026-09-21,-0.27699498994276706,0.03839832729295564,10.420742,0.098,0.167,0.05251
SPT,Unknown,0.27760965,2026-09-21,-0.2941377308532167,0.038189485559098214,10.420742,0.098,0.167,0.05251
NIU,Unknown,0.27760458,2026-09-21,-0.517241390650111,0.022868661554950747,10.420742,0.098,0.167,0.05251
NNE,Unknown,0.27749535,2026-09-21,-0.5512954496580749,0.0524769883034283,10.420742,0.098,0.167,0.05251
TRMD,Unknown,0.27748996,2026-09-21,0.8538293396477876,0.03133351306332177,10.420742,0.098,0.167,0.05251
SPAI,Unknown,0.2774628,2026-09-21,-0.3652482576505983,0.05355865268747805,10.420742,0.098,0.167,0.05251
MULL,Unknown,0.2774245,2026-09-21,15.731508603900025,0.0655895241083082,10.420742,0.098,0.167,0.05251
SKYU,Unknown,0.27741742,2026-09-21,0.296778554399006,0.03738811953961467,10.420742,0.098,0.167,0.05251
LFMD,Unknown,0.2773693,2026-09-21,-0.4976671686929033,0.038257145559083966,10.420742,0.098,0.167,0.05251
ETHB,Unknown,0.27728322,2026-09-21,0.031088115865008925,0.03038450845194135,10.420742,0.098,0.167,0.05251
LPTH,Unknown,0.277227,2026-09-21,0.5955766987681781,0.06664730284260068,10.420742,0.098,0.167,0.05251
RCEL,Unknown,0.2772133,2026-09-21,0.9503610793458759,0.03581945199178218,10.420742,0.098,0.167,0.05251
IMA,Unknown,0.27721196,2026-09-21,-0.40664670993797125,0.019471123242729847,10.420742,0.098,0.167,0.05251
ALOY,Basic Materials,0.2771089,2026-09-21,0.4254672580773087,0.05504484080932409,-65.928566,0.827,0.167,0.05251
ATER,Consumer Cyclical,0.27700293,2026-09-21,-0.3259999752044678,0.09169484490079077,-0.3003125,-0.92,0.167,-1.04026
FDX,Unknown,0.27698368,2026-09-21,0.6445714971718364,0.015811272128557336,10.420742,0.098,0.167,0.05251
MITK,Unknown,0.27689072,2026-09-21,0.6587837872046911,0.03228118188767977,10.420742,0.098,0.167,0.05251
LUNR,Unknown,0.27687052,2026-09-21,0.6278706045120541,0.047315330538992,10.420742,0.098,0.167,0.05251
BJDX,Healthcare,0.2767275,2026-09-21,-0.8509374967648794,0.06778429364709926,-2.8728125,0.098,0.167,-0.98887
INTS,Unknown,0.276725,2026-09-21,-0.3241666952768961,0.030145615082337925,10.420742,0.098,0.167,0.05251
ERAS,Unknown,0.2766552,2026-09-21,7.100695257899098,0.034770976024022834,10.420742,0.098,0.167,0.05251
ADI,Technology,0.27663267,2026-09-21,0.5549837789739498,0.020756228201672857,23.351921,0.396,1.635,0.12227
ALMS,Healthcare,0.27655056,2026-09-21,0.8135198785521311,0.13258574455047198,-2.688518,-0.377,0.167,-0.93646
HBNB,Unknown,0.27646136,2026-09-21,0.6426230515436744,0.030701990186867072,10.420742,0.098,0.167,0.05251
MBOT,Unknown,0.27629024,2026-09-21,-0.5582524118277532,0.016959698252937604,10.420742,0.098,0.167,0.05251
BMBL,Communication Services,0.27627856,2026-09-21,-0.6032078105526656,0.023070252185233918,3.0159576,-0.152,0.167,-0.76918
ICMB,Unknown,0.27625516,2026-09-21,-0.6880331539436617,0.018900842735181368,10.420742,0.098,0.167,0.05251
IMUX,Unknown,0.27624694,2026-09-21,0.27797620764124775,0.0371719324253671,10.420742,0.098,0.167,0.05251
GT,Unknown,0.27619538,2026-09-21,-0.4216027621776517,0.026319378507300466,10.420742,0.098,0.167,0.05251
BLTE,Healthcare,0.27617612,2026-09-21,1.3531058770397824,0.039918772483850826,76.17256,0.098,0.167,-0.22096
PSNL,Unknown,0.27612922,2026-09-21,1.7757732319849575,0.021248097492755587,10.420742,0.098,0.167,0.05251
CLDX,Healthcare,0.27611113,2026-09-21,0.46932866405755314,0.020512047828540245,-8.959835,-0.97,0.167,-0.43877
EYPT,Unknown,0.27605328,2026-09-21,-0.7067587368972013,0.06041403219140424,10.420742,0.098,0.167,0.05251
DWSN,Unknown,0.2759836,2026-09-21,0.938650365076622,0.034909627256194994,10.420742,0.098,0.167,0.05251
SFHG,Unknown,0.27594924,2026-09-21,-0.3643835965409058,0.04817760417997323,10.420742,0.098,0.167,0.05251
FSLY,Unknown,0.2758742,2026-09-21,2.0150839313333164,0.054281588733196044,10.420742,0.098,0.167,0.05251
LENZ,Unknown,0.27584416,2026-09-21,-0.9011753412982946,0.046958633446775255,10.420742,0.098,0.167,0.05251
BLBD,Industrials,0.2758281,2026-09-21,-0.01862016156558466,0.020938356848182925,12.35074,0.299,3.705,0.64286005
LABT,Unknown,0.27582628,2026-09-21,0.031088115865008925,0.09673573763155797,10.420742,0.098,0.167,0.05251
QNTM,Unknown,0.2758028,2026-09-21,-0.8224112059548208,0.050725591984289706,10.420742,0.098,0.167,0.05251
HHS,Unknown,0.27573678,2026-09-21,0.24661242094873526,0.023494578200617337,10.420742,0.098,0.167,0.05251
WAY,Unknown,0.2756825,2026-09-21,-0.3387765936198648,0.03267686344345287,10.420742,0.098,0.167,0.05251
GCT,Unknown,0.2756816,2026-09-21,0.8264079615559223,0.028954474025062273,10.420742,0.098,0.167,0.05251
GEOS,Unknown,0.27567396,2026-09-21,-0.7245540321561377,0.02539825239853412,10.420742,0.098,0.167,0.05251
APLD,Technology,0.27565205,2026-09-21,0.43696639023682726,0.05184067312820696,-113.78218,4.066,0.167,-0.08376
SATL,Unknown,0.27562857,2026-09-21,0.5478873124980566,0.06455001540301968,10.420742,0.098,0.167,0.05251
CEG,Utilities,0.2756093,2026-09-21,-0.17688726187327863,0.027173288874534178,19.80384,0.23,-0.468,0.15055001
GRCE,Unknown,0.27550718,2026-09-21,-0.32692308280124727,0.021730161352770564,10.420742,0.098,0.167,0.05251
BAER,Industrials,0.27542117,2026-09-21,-0.48913977744138537,0.027981914667705735,10.420742,-0.008,0.167,-0.32422
SEAT,Unknown,0.27522933,2026-09-21,-0.7749567159528638,0.046266239680143185,10.420742,0.098,0.167,0.05251
IBRX,Unknown,0.2752131,2026-09-21,1.9280703671127575,0.0357671802680566,10.420742,0.098,0.167,0.05251
JTAI,Unknown,0.275085,2026-09-21,-0.9761564668804109,0.04823162975416995,10.420742,0.098,0.167,0.05251
MYGN,Unknown,0.27505344,2026-09-21,-0.4798177116075143,0.03867021370790685,10.420742,0.098,0.167,0.05251
CNTB,Healthcare,0.27505064,2026-09-21,-0.19565220771529923,0.11768265551918793,-1.8051575,56.667,0.167,-1.4050701
RMNI,Unknown,0.27500635,2026-09-21,-0.07928118361264935,0.028521464221473985,10.420742,0.098,0.167,0.05251
URGN,Unknown,0.27497697,2026-09-21,1.289083082869594,0.02314266034825097,10.420742,0.098,0.167,0.05251
AVT,Technology,0.27495965,2026-09-21,0.8236831170143537,0.027999582656342458,8.655097,0.477,19.689,0.06665
MUU,Unknown,0.27485213,2026-09-21,16.662428049596954,0.0647251645309302,10.420742,0.098,0.167,0.05251
TH,Unknown,0.27455822,2026-09-21,1.4761350500506922,0.044992230570254525,10.420742,0.098,0.167,0.05251
RENT,Unknown,0.2745089,2026-09-21,-0.6180555621257324,0.07146572088080266,10.420742,0.098,0.167,0.05251
TLS,Unknown,0.27439097,2026-09-21,-0.40583938272628484,0.04896911311688468,10.420742,0.098,0.167,0.05251
AIRS,Healthcare,0.27430317,2026-09-21,-0.6065040587370328,0.05015841432114478,-242.5,-0.025,0.167,-0.11978
IPSC,Unknown,0.27417025,2026-09-21,2.7475342547403616,0.03354010467096401,10.420742,0.098,0.167,0.05251
XHG,Unknown,0.27409032,2026-09-21,0.6530612377297556,0.04395071525655228,10.420742,0.098,0.167,0.05251
MGTX,Unknown,0.27405083,2026-09-21,0.6182729256031363,0.019287311289864585,10.420742,0.098,0.167,0.05251
NWL,Unknown,0.27402133,2026-09-21,0.03260416865238125,0.02631088206766553,10.420742,0.098,0.167,0.05251
DFLI,Industrials,0.27392736,2026-09-21,-0.6944444582418154,0.044234802070581336,-2.1731706,-0.19,0.167,-16.93428
NVDS,Unknown,0.27390394,2026-09-21,-0.4427314277754878,0.0445355529890383,10.420742,0.098,0.167,0.05251
ANNX,Healthcare,0.2738965,2026-09-21,0.5852271880615876,0.03311183578729803,-3.8481083,0.098,0.167,-1.05261
XYZG,Unknown,0.27389082,2026-09-21,-0.3082757969203763,0.04481400038608946,10.420742,0.098,0.167,0.05251
GITS,Unknown,0.2738842,2026-09-21,-0.13640025458255822,0.05999637699228878,10.420742,0.098,0.167,0.05251
IMVT,Unknown,0.2738801,2026-09-21,1.4077923863347137,0.01928830426174774,10.420742,0.098,0.167,0.05251
BABX,Unknown,0.2738678,2026-09-21,-0.6034816456627494,0.039223016527773345,10.420742,0.098,0.167,0.05251
HQWWW,Unknown,0.27377412,2026-09-21,0.031088115865008925,0.20945557567247902,10.420742,0.098,0.167,0.05251
PEPG,Unknown,0.27366003,2026-09-21,0.3731707915601681,0.03319268637898091,10.420742,0.098,0.167,0.05251
ZLAB,Unknown,0.2736345,2026-09-21,-0.1960605852531664,0.025532462515393428,10.420742,0.098,0.167,0.05251
USGG,Unknown,0.27361137,2026-09-21,0.031088115865008925,0.08123069004949798,10.420742,0.098,0.167,0.05251
TRSG,Unknown,0.27358827,2026-09-18,-0.007189489012876971,0.03467557794038667,10.420742,0.098,0.167,0.05251
COKE,Consumer Defensive,0.27357158,2026-09-21,0.7246684350860555,0.019338757106107673,4.9286084,0.106,0.107,0.97331
NEO,Unknown,0.27339047,2026-09-21,1.2424709237198832,0.03029323878525811,10.420742,0.098,0.167,0.05251
PRME,Unknown,0.27325922,2026-09-21,-0.371093730354914,0.04440154375210758,10.420742,0.098,0.167,0.05251
ORMP,Unknown,0.2732547,2026-09-21,1.077207468816606,0.02919097021653081,10.420742,0.098,0.167,0.05251
TZOO,Unknown,0.27318022,2026-09-21,-0.44517945402656356,0.01881246686962571,10.420742,0.098,0.167,0.05251
PLAY,Unknown,0.27309155,2026-09-21,-0.6667483923641695,0.06005777441982998,10.420742,0.098,0.167,0.05251
SGHT,Unknown,0.27304745,2026-09-21,1.2710027058246887,0.018016418285210337,10.420742,0.098,0.167,0.05251
ICU,Unknown,0.2730306,2026-09-21,-0.607222212685479,0.0396125377854436,10.420742,0.098,0.167,0.05251
NIVF,Unknown,0.27300137,2026-09-21,-0.9992571796141201,0.06794596369212606,10.420742,0.098,0.167,0.05251
EH,Unknown,0.272999,2026-09-21,-0.7213740637556174,0.030247008936503613,10.420742,0.098,0.167,0.05251
PGY,Unknown,0.2729748,2026-09-21,-0.5172335321718462,0.03797201141534931,10.420742,0.098,0.167,0.05251
BBNX,Healthcare,0.2728117,2026-09-21,-0.038611688464504024,0.05789357299710712,-9.535483,0.378,0.167,-0.26155
PTEN,Unknown,0.27279305,2026-09-21,1.1728760865187544,0.027761500789688368,10.420742,0.098,0.167,0.05251
EVER,Unknown,0.272741,2026-09-21,-0.08085278276481145,0.02923095218234623,10.420742,0.098,0.167,0.05251
VNCE,Unknown,0.27273685,2026-09-21,2.5648857101361386,0.1390791863876675,10.420742,0.098,0.167,0.05251
ALLT,Technology,0.2727254,2026-09-21,-0.17538461929712545,0.032185891705745796,20.02888,0.153,0.167,0.09351
TXMD,Unknown,0.2727082,2026-09-21,0.8981480285709333,0.032052460695870456,10.420742,0.098,0.167,0.05251
RDZN,Unknown,0.27263474,2026-09-21,0.31987572370125594,0.03276572469602659,10.420742,0.098,0.167,0.05251
GDDY,Unknown,0.27259818,2026-09-21,-0.2850847109874227,0.03566830930665419,10.420742,0.098,0.167,0.05251
IHRT,Unknown,0.27255386,2026-09-21,-0.21359218956144788,0.029450147179244143,10.420742,0.098,0.167,0.05251
ENLV,Unknown,0.27253127,2026-09-21,-0.9562793648432172,0.057775108630855276,10.420742,0.098,0.167,0.05251
IMRX,Unknown,0.27236918,2026-09-21,-0.5049944589512547,0.025061409468951943,10.420742,0.098,0.167,0.05251
NEPH,Unknown,0.27236202,2026-09-21,0.08000000469790303,0.04158085760532259,10.420742,0.098,0.167,0.05251
CVGI,Unknown,0.2723563,2026-09-21,0.5567009751811183,0.028327322456456683,10.420742,0.098,0.167,0.05251
REPL,Unknown,0.27221233,2026-09-21,2.758670511866768,0.030302558165665714,10.420742,0.098,0.167,0.05251
APPN,Technology,0.27219862,2026-09-21,0.16676715333967196,0.04494622985569405,27.18277,0.191,0.167,0.05251
NVDU,Unknown,0.27217618,2026-09-21,0.30437566638019264,0.05757111513688492,10.420742,0.098,0.167,0.05251
ATEX,Communication Services,0.27208665,2026-09-21,2.9128203878755587,0.029252522546854988,41.038837,0.381,-0.993,0.27922
QUBT,Unknown,0.27207878,2026-09-21,-0.5100817665270196,0.03364331476666632,10.420742,0.098,0.167,0.05251
CAKE,Consumer Cyclical,0.2720641,2026-09-21,0.8438338247481381,0.026464577184268045,19.920702,0.077,0.237,0.38834
IBIO,Unknown,0.27192554,2026-09-21,0.46551720594254187,0.028100039072272327,10.420742,0.098,0.167,0.05251
GHRS,Unknown,0.27190864,2026-09-21,1.1180029829373819,0.018816412335565105,10.420742,0.098,0.167,0.05251
BZUN,Consumer Cyclical,0.27189586,2026-09-21,-0.3318181832959829,0.027480564414911632,3.3745515,0.075,0.167,-0.0116
JXG,Unknown,0.27186823,2026-09-21,-0.5247058868408203,0.06134120501237901,10.420742,0.098,0.167,0.05251
ONDS,Unknown,0.27184582,2026-09-21,0.1121212513103087,0.041033390400668716,10.420742,0.098,0.167,0.05251
PTIR,Unknown,0.2718343,2026-09-21,-0.3152391952731435,0.06433449844169555,10.420742,0.098,0.167,0.05251
GRPN,Unknown,0.2718274,2026-09-21,-0.03590545505960807,0.03616112378068943,10.420742,0.098,0.167,0.05251
PDSB,Unknown,0.27181315,2026-09-21,-0.266347818091596,0.21160787830093103,10.420742,0.098,0.167,0.05251
AVXL,Healthcare,0.27165222,2026-09-21,-0.7249134983303549,0.04747127359725974,-4.3181815,0.098,0.167,-0.12804
FRSH,Unknown,0.27158198,2026-09-21,-0.056947607870557526,0.029728327376267637,10.420742,0.098,0.167,0.05251
PMTS,Unknown,0.27155122,2026-09-21,0.553063752556034,0.04603112294421649,10.420742,0.098,0.167,0.05251
IRWD,Unknown,0.2715244,2026-09-21,2.020547761772162,0.028044820702746238,10.420742,0.098,0.167,0.05251
BGIN,Technology,0.271406,2026-09-21,0.031088115865008925,0.044041172195884076,10.420742,-0.875,0.167,-1.33644
YI,Unknown,0.27136037,2026-09-21,-0.30350552726399993,0.04855862052169035,10.420742,0.098,0.167,0.05251
GOAI,Unknown,0.2713563,2026-09-21,0.031088115865008925,0.08426198289369191,10.420742,0.098,0.167,0.05251
XPEG,Unknown,0.2712869,2026-09-21,0.031088115865008925,0.05670293494105269,10.420742,0.098,0.167,0.05251
NAVN,Unknown,0.27125713,2026-09-21,0.031088115865008925,0.05775130720834662,10.420742,0.098,0.167,0.05251
KROS,Unknown,0.27125168,2026-09-21,-0.2880299610682103,0.02988462969930358,10.420742,0.098,0.167,0.05251
NGNE,Unknown,0.27119797,2026-09-21,0.7280512982835905,0.0309636597440646,10.420742,0.098,0.167,0.05251
BUUU,Industrials,0.27119556,2026-09-21,5.448684070595742,0.05942296584553991,10.420742,0.123,0.167,-0.072280005
SMCZ,Unknown,0.27118474,2026-09-21,-0.9314035358907787,0.09719213637865781,10.420742,0.098,0.167,0.05251
NRC,Unknown,0.27104646,2026-09-21,0.4053916510496649,0.02959348266458373,10.420742,0.098,0.167,0.05251
PCLA,Unknown,0.27104098,2026-09-21,-0.5344879761989112,0.10552038305813523,10.420742,0.098,0.167,0.05251
CRNC,Technology,0.2710221,2026-09-21,-0.2993138779408093,0.03463506960020653,10.356688,0.118,0.167,-0.09561
HPK,Unknown,0.2710202,2026-09-21,0.14207733961550328,0.03296449659709205,10.420742,0.098,0.167,0.05251
RUN,Unknown,0.27099553,2026-09-21,-0.46042941791695524,0.03090011263531095,10.420742,0.098,0.167,0.05251
NAAS,Unknown,0.27095032,2026-09-21,-0.20154045948004307,0.025923399924045323,10.420742,0.098,0.167,0.05251
COHR,Technology,0.27093378,2026-09-21,1.9912078026708881,0.0499994360180299,23.201921,0.337,0.167,0.07981
AUPH,Healthcare,0.27092758,2026-09-21,0.28665621743477887,0.01586855448530103,15.553078,0.189,0.755,0.66117996
CSCO,Unknown,0.27089754,2026-09-21,0.6466841818276443,0.01549039571268594,10.420742,0.098,0.167,0.05251
AAON,Industrials,0.2708015,2026-09-21,-0.13369173622637398,0.0272585114071399,21.856142,1.012,2.579,0.17284
HURC,Unknown,0.27077675,2026-09-21,0.27319882806346296,0.02852418685475442,10.420742,0.098,0.167,0.05251
TGTX,Unknown,0.27075174,2026-09-21,0.7433301873681935,0.021007599922665335,10.420742,0.098,0.167,0.05251
CRNX,Healthcare,0.27070102,2026-09-02,0.031088115865008925,0.022835687632255523,-20.627293,23.363,0.167,-0.42446
NTNX,Unknown,0.27069634,2026-09-21,-0.10049901469927336,0.020810004162306692,10.420742,0.098,0.167,0.05251
TTRX,Unknown,0.27066597,2026-09-21,0.031088115865008925,0.07292225631358863,10.420742,0.098,0.167,0.05251
MPAA,Unknown,0.27062258,2026-09-21,-0.3629472249696345,0.020794026060948954,10.420742,0.098,0.167,0.05251
NRIX,Unknown,0.27050623,2026-09-21,1.8216275041791028,0.017616013715423214,10.420742,0.098,0.167,0.05251
BNR,Healthcare,0.27045625,2026-09-21,0.739001220612429,0.0725339335072177,-25.86207,-0.093,0.167,-0.12819
BCYC,Healthcare,0.27042004,2026-09-21,-0.48673183929681707,0.024113922456916164,-1.6481168,-0.785,0.167,-0.32296002
STGW,Unknown,0.27039933,2026-09-21,0.5783017868077336,0.01974539148383278,10.420742,0.098,0.167,0.05251
PSIG,Unknown,0.27035236,2026-09-21,0.05019489440334479,0.13702074147955506,10.420742,0.098,0.167,0.05251
NTHI,Unknown,0.27030182,2026-09-21,-0.7142266434987179,0.07567654293210517,10.420742,0.098,0.167,0.05251
STKS,Unknown,0.27029812,2026-09-21,-0.36973178274165486,0.0202705072869371,10.420742,0.098,0.167,0.05251
EMAT,Unknown,0.2702489,2026-09-21,0.031088115865008925,0.08817600005885384,10.420742,0.098,0.167,0.05251
HIVE,Unknown,0.27021798,2026-09-21,-0.08984375945874512,0.05473575229541942,10.420742,0.098,0.167,0.05251
IFBD,Unknown,0.2702032,2026-09-21,-0.15587160963049163,0.049061709686497236,10.420742,0.098,0.167,0.05251
SERA,Unknown,0.27006662,2026-09-21,-0.312531287781428,0.023904104628794633,10.420742,0.098,0.167,0.05251
LBRX,Unknown,0.27005857,2026-09-21,1.6813358678924177,0.024187352981163653,10.420742,0.098,0.167,0.05251
NVA,Unknown,0.27002046,2026-09-21,1.169669720464959,0.04096712291558335,10.420742,0.098,0.167,0.05251
AENT,Communication Services,0.2700192,2026-09-21,-0.28470251676140035,0.06247247849880097,7.382353,0.177,0.167,0.1188
MBAI,Unknown,0.26997396,2026-09-21,-0.6434262962263373,0.03895647827822647,10.420742,0.098,0.167,0.05251
PLBL,Unknown,0.26988924,2026-09-21,-0.35531912886108763,0.03644296260676592,10.420742,0.098,0.167,0.05251
ANEL,Unknown,0.26987123,2026-09-21,0.25675191640634076,0.05812699474092713,10.420742,0.098,0.167,0.05251
DPRO,Unknown,0.26979813,2026-09-21,0.02930400115279319,0.06393125533750027,10.420742,0.098,0.167,0.05251
BRAG,Consumer Cyclical,0.26979443,2026-09-21,-0.4945878127257072,0.02969720558025137,-17.548817,-0.122,0.167,-0.12197
CODX,Healthcare,0.26974085,2026-09-21,-0.9217054247805995,0.046688241753589044,-1.2048193,0.02,0.167,-1.74766
NTRBW,Unknown,0.2696696,2026-09-21,0.044117603747491074,0.3820707126338851,10.420742,0.098,0.167,0.05251
UPC,Unknown,0.2693878,2026-09-21,0.14216859329939258,0.06883209422901856,10.420742,0.098,0.167,0.05251
MLTX,Unknown,0.26935616,2026-09-21,-0.7683825655374641,0.026175247068448617,10.420742,0.098,0.167,0.05251
SLN,Healthcare,0.26934877,2026-09-21,1.4314113383908404,0.03043539888027919,-32.157894,0.098,0.167,-0.90409
SYPR,Unknown,0.2692522,2026-09-21,-0.2532188555744107,0.025438589164354333,10.420742,0.098,0.167,0.05251
BNAIW,,0.26917198,2026-09-18,0.031088115865008925,0.022835687632255523,10.420742,31.017,0.167,-0.98108
BYRN,Industrials,0.26914698,2026-09-21,-0.8310393927697093,0.03190766309290906,-16.25,-0.425,0.167,-0.063
CMTV,Financial Services,0.26910362,2026-09-21,0.8875323088692217,0.017790205878450597,10.420742,0.112,0.166,0.16229
ANY,Technology,0.26908794,2026-09-18,-0.55730660376424,0.09107042921319153,-0.90312505,-0.188,0.167,-1.30188
SOUN,Unknown,0.26907223,2026-09-21,-0.6026871405836133,0.026251914999341104,10.420742,0.098,0.167,0.05251
CHAI,Communication Services,0.26902434,2026-09-21,-0.9732865188718569,0.13875113948064444,10.420742,0.558,0.167,-1.20232
HIMX,Unknown,0.26899138,2026-09-21,0.6784724838882212,0.032222228541205156,10.420742,0.098,0.167,0.05251
SNDL,Unknown,0.26896852,2026-09-21,-0.4648046671928019,0.01950055446511715,10.420742,0.098,0.167,0.05251
GTLB,Unknown,0.26893452,2026-09-21,-0.008391342802381407,0.036691790476131345,10.420742,0.098,0.167,0.05251
RENX,Unknown,0.26893046,2026-09-21,-0.9345864667449827,0.04297926088336307,10.420742,0.098,0.167,0.05251
HCAT,Unknown,0.26883766,2026-09-21,-0.40397352195874603,0.026929444137098472,10.420742,0.098,0.167,0.05251
TVTX,Unknown,0.26870754,2026-09-21,1.6039685939560782,0.020145218808862223,10.420742,0.098,0.167,0.05251
RILYP,Unknown,0.26852918,2026-09-21,0.7602743772575742,0.01378800715663977,10.420742,0.098,0.167,0.05251
MEGL,Unknown,0.26846462,2026-09-21,-0.2614378978025754,0.037145953023014724,10.420742,0.098,0.167,0.05251
VIAV,Unknown,0.26845357,2026-09-21,1.9226092528974235,0.04771190810584056,10.420742,0.098,0.167,0.05251
MOMO,Unknown,0.26843673,2026-09-21,-0.31353983648440553,0.024186074192747188,10.420742,0.098,0.167,0.05251
COCH,Healthcare,0.2684315,2026-09-21,-0.48167883747101237,0.03340858844950442,-3.2277272,-0.346,0.167,0.05251
TSHA,Unknown,0.26838848,2026-09-21,0.6973243455111005,0.01919306591699431,10.420742,0.098,0.167,0.05251
GSIT,Unknown,0.2683857,2026-09-21,0.5095107955347571,0.03689561783211346,10.420742,0.098,0.167,0.05251
GTX,Unknown,0.26830435,2026-09-21,0.9998165232642366,0.02135821200016273,10.420742,0.098,0.167,0.05251
INTR,Unknown,0.26823312,2026-09-21,-0.36282177794522197,0.027432366357988867,10.420742,0.098,0.167,0.05251
BWEN,Industrials,0.2681904,2026-09-21,1.0330189506792906,0.02535010733497269,95.23777,0.674,0.167,0.13124
JL,Unknown,0.26815036,2026-09-21,-0.2696456181382102,0.03918170770568385,10.420742,0.098,0.167,0.05251
COST,Consumer Defensive,0.26813838,2026-09-21,-0.05078561756931543,0.011194535009022434,39.723854,0.116,0.152,0.29152
DSY,Unknown,0.268103,2026-09-21,-0.874468089855327,0.02485178573932664,10.420742,0.098,0.167,0.05251
CRMU,Unknown,0.26809183,2026-09-21,0.031088115865008925,0.19618810418283184,10.420742,0.098,0.167,0.05251
UNHG,Unknown,0.2680816,2026-09-21,0.006704031160086554,0.02666164449554551,10.420742,0.098,0.167,0.05251
ARAI,Technology,0.26800486,2026-09-21,-0.9212377848335183,0.045274727661471295,10.420742,-0.838,0.167,-6.72291
SVRA,Unknown,0.26792076,2026-09-21,0.5125000877512849,0.022529383216597386,10.420742,0.098,0.167,0.05251
PANL,Unknown,0.26790944,2026-09-21,0.5620987399550013,0.020351235102584544,10.420742,0.098,0.167,0.05251
DLHC,Unknown,0.26775673,2026-09-21,-0.29129663793391125,0.033793791509354194,10.420742,0.098,0.167,0.05251
RILYL,Unknown,0.26763013,2026-09-21,0.8200142724173409,0.013699433963708324,10.420742,0.098,0.167,0.05251
CRWG,Unknown,0.26762033,2026-09-21,-0.82297154876331,0.09237887382775678,10.420742,0.098,0.167,0.05251
VLO,Unknown,0.26743236,2026-09-21,1.4459143261349454,0.02012901647523853,10.420742,0.098,0.167,0.05251
GEVO,Unknown,0.26742038,2026-09-21,-0.26315788272885476,0.03404699094084075,10.420742,0.098,0.167,0.05251
PLSM,Unknown,0.26734284,2026-09-21,0.031088115865008925,0.03807674783606191,10.420742,0.098,0.167,0.05251
IDAI,Unknown,0.26727745,2026-09-21,-0.07448491195779894,0.039007027695581654,10.420742,0.098,0.167,0.05251
KZIA,Unknown,0.26725116,2026-09-21,0.3809832036733116,0.07053783973773019,10.420742,0.098,0.167,0.05251
QTRX,Unknown,0.26724845,2026-09-21,-0.455197132003909,0.043900470123874095,10.420742,0.098,0.167,0.05251
CELZ,Healthcare,0.26719075,2026-09-21,-0.7266381716840645,0.051488255075379914,-1.090341,0.098,0.167,-0.77884
RDVT,Unknown,0.26713088,2026-09-21,0.4801175061279881,0.026013633301876646,10.420742,0.098,0.167,0.05251
ALTI,Financial Services,0.26708713,2026-09-21,-0.21173473111493768,0.06213939462594093,7.7499995,0.108,0.167,-0.13351
AUROW,,0.26699942,2026-09-21,0.031088115865008925,0.022835687632255523,10.420742,1.0,0.167,-0.45639
BL,Technology,0.26694483,2026-09-21,-0.4823956216412836,0.035244825161743744,10.221624,0.092,1.016,0.070300005
LEGN,Unknown,0.26687354,2026-09-21,-0.4731228754571859,0.03168552284850761,10.420742,0.098,0.167,0.05251
NBIS,Unknown,0.26685226,2026-09-21,1.4793879494316742,0.041522575435680685,10.420742,0.098,0.167,0.05251
AVIR,Healthcare,0.26678652,2026-09-21,0.8552189144119855,0.025856867793825004,-3.6689188,0.098,0.167,-0.58142
ALT,Healthcare,0.2667807,2026-09-21,-0.15503873963187187,0.025267260451745602,-4.900274,0.098,0.167,-0.28875
ABAT,Industrials,0.2667487,2026-09-21,-0.22166665395100915,0.04919099121029932,-16.642857,1.966,0.167,-0.74502
PTLO,Unknown,0.26666552,2026-09-21,-0.4078740083570407,0.028003849005540232,10.420742,0.098,0.167,0.05251
BENF,Financial Services,0.2666381,2026-09-21,-0.8278588910113878,0.15084392391130425,0.09368771,0.098,0.167,0.05251
DWTX,Unknown,0.2665658,2026-09-21,-0.644786042360651,0.05842159558599245,10.420742,0.098,0.167,0.05251
KRYS,Unknown,0.2664047,2026-09-21,1.077454718847716,0.017358141046038948,10.420742,0.098,0.167,0.05251
MNKD,Unknown,0.2663952,2026-09-21,-0.3698752225133771,0.02296065868983138,10.420742,0.098,0.167,0.05251
DOCU,Unknown,0.26635954,2026-09-21,-0.1985060531225188,0.0315681824960773,10.420742,0.098,0.167,0.05251
HOOX,Unknown,0.26633078,2026-09-21,-0.488004308039527,0.11230193788846822,10.420742,0.098,0.167,0.05251
MWC,Unknown,0.2662894,2026-09-21,0.031088115865008925,0.07286273377902651,10.420742,0.098,0.167,0.05251
AMKR,Technology,0.26613402,2026-09-21,0.7908601083938442,0.04320958708305624,18.49021,0.256,2.182,0.12514
EQ,Unknown,0.26603547,2026-09-21,0.2633333206176758,0.05373480265221684,10.420742,0.098,0.167,0.05251
TNXP,Unknown,0.26601523,2026-09-21,-0.6196686766772549,0.03190401249650817,10.420742,0.098,0.167,0.05251
QURE,Unknown,0.26599777,2026-09-21,1.9945725966792205,0.027513811514786175,10.420742,0.098,0.167,0.05251
STAK,Unknown,0.26598716,2026-09-21,0.3292683449832552,0.03504945714327699,10.420742,0.098,0.167,0.05251
ANGI,Communication Services,0.26597,2026-09-21,-0.6942210130170745,0.03820729140248781,6.365968,-0.109,0.167,-0.26253
PSX,Unknown,0.26586157,2026-09-21,1.0341407017553093,0.01951336756274912,10.420742,0.098,0.167,0.05251
SMPL,Unknown,0.2658422,2026-09-21,-0.6287202435332329,0.031164999023998264,10.420742,0.098,0.167,0.05251
CDTTW,,0.26582083,2026-09-21,0.031088115865008925,0.022835687632255523,10.420742,0.098,0.167,-0.6968
KEEL,Unknown,0.26572454,2026-09-21,0.2681874443860732,0.0547109936958412,10.420742,0.098,0.167,0.05251
SBLK,Unknown,0.26568508,2026-09-21,0.712771671850011,0.021852003339589057,10.420742,0.098,0.167,0.05251
SHIM,Unknown,0.26560286,2026-09-21,0.20000006692451566,0.04491138554375847,10.420742,0.098,0.167,0.05251
ONEW,Unknown,0.2655929,2026-09-21,-0.38909774582105716,0.037439130039184136,10.420742,0.098,0.167,0.05251
WXM,Unknown,0.26554713,2026-09-21,-0.8892734622551038,0.04920047713542668,10.420742,0.098,0.167,0.05251
CRMLW,,0.26534715,2026-09-21,0.031088115865008925,0.022835687632255523,10.420742,0.578,0.167,-1.40977
CNXN,Technology,0.26534027,2026-09-21,0.3837703182427836,0.01579813367339411,19.384098,0.124,0.351,0.104320005
COGT,Healthcare,0.26532292,2026-09-21,1.5184747779014773,0.022452695701835584,-28.709942,0.098,0.167,-1.09737
CLNE,Energy,0.2652998,2026-09-21,-0.3473977986431944,0.03611433980485274,-43.7675,0.037,0.167,-0.16400999
PMVP,Unknown,0.26521105,2026-09-21,0.19512195594722548,0.036748883176277204,10.420742,0.098,0.167,0.05251
XWEL,Unknown,0.2651214,2026-09-21,-0.16513761618394018,0.030822434859649604,10.420742,0.098,0.167,0.05251
LQDA,Unknown,0.2650847,2026-09-21,1.7097688799100985,0.021094297206302435,10.420742,0.098,0.167,0.05251
BSAAR,,0.26504788,2026-09-18,0.031088115865008925,0.022835687632255523,10.420742,0.098,0.167,0.05251
LNSR,Unknown,0.2650081,2026-09-21,-0.42056450291801273,0.03253774120947204,10.420742,0.098,0.167,0.05251
JZ,Unknown,0.26497516,2026-09-21,-0.989902857371739,0.07893775498796193,10.420742,0.098,0.167,0.05251
FLNT,Unknown,0.2649691,2026-09-21,0.7044335403503486,0.03638542001979698,10.420742,0.098,0.167,0.05251
DTIL,Unknown,0.26494685,2026-09-21,0.3441955416986824,0.021610741946164337,10.420742,0.098,0.167,0.05251
LITE,Unknown,0.26491666,2026-09-21,4.606413994169096,0.054623585439894526,10.420742,0.098,0.167,0.05251
RGP,Unknown,0.264594,2026-09-21,-0.2244756950543153,0.03079863669276839,10.420742,0.098,0.167,0.05251
RNGTW,Unknown,0.26454195,2026-09-18,0.031088115865008925,0.03299762535662077,10.420742,0.098,0.167,0.05251
UONE,Unknown,0.26453087,2026-09-21,-0.712416110260627,0.0228316158246211,10.420742,0.098,0.167,0.05251
FEBO,Unknown,0.26433748,2026-09-21,-0.1827456570811291,0.032304809550402616,10.420742,0.098,0.167,0.05251
ALXO,Healthcare,0.2643253,2026-09-21,0.5366971569022778,0.032353402135765624,-3.1317375,0.098,0.167,-0.80647004
CLOU,Unknown,0.26423988,2026-09-21,0.20847312422583975,0.023383446570153055,10.420742,0.098,0.167,0.05251
DSGX,Unknown,0.26415712,2026-09-21,-0.22472572521474488,0.02929648551291604,10.420742,0.098,0.167,0.05251
TUSK,Unknown,0.26415238,2026-09-21,0.35256413587373436,0.022693692446081312,10.420742,0.098,0.167,0.05251
OCC,Unknown,0.2641165,2026-09-21,0.6642458966696521,0.05019696459542023,10.420742,0.098,0.167,0.05251
CSPI,Unknown,0.26411033,2026-09-21,-0.41483588157933404,0.020854984564229576,10.420742,0.098,0.167,0.05251
DHC,Real Estate,0.26408324,2026-09-21,0.8304297872485988,0.01551837594103072,-18.770115,-0.045,0.167,-0.15472001
APACR,,0.26384977,2026-09-10,0.031088115865008925,0.022835687632255523,10.420742,0.098,0.167,0.05251
BHAVR,,0.26384977,2026-09-15,0.031088115865008925,0.022835687632255523,10.420742,0.098,0.167,0.05251
ELUT,Unknown,0.26381937,2026-09-21,-0.2129629721612103,0.03559143465891913,10.420742,0.098,0.167,0.05251
OESX,Unknown,0.26376376,2026-09-21,2.0433838018732358,0.08526856452177146,10.420742,0.098,0.167,0.05251
NWPX,Unknown,0.26370966,2026-09-21,0.9332400186895236,0.01715215432181671,10.420742,0.098,0.167,0.05251
RXRX,Unknown,0.2636469,2026-09-21,-0.20081131959223364,0.052816318326214945,10.420742,0.098,0.167,0.05251
PESI,Unknown,0.26363975,2026-09-21,0.8148535167287536,0.035357185412197636,10.420742,0.098,0.167,0.05251
RVNL,Unknown,0.26360816,2026-09-21,-0.3971190691714983,0.04388959369958697,10.420742,0.098,0.167,0.05251
MTC,Unknown,0.2635744,2026-09-21,6.743055420935372,0.07290190416578314,10.420742,0.098,0.167,0.05251
CCRN,Healthcare,0.26347116,2026-07-20,0.031088115865008925,0.022835687632255523,45.428055,-0.178,0.167,-0.26984
PDYN,Unknown,0.26343304,2026-09-21,-0.2678339879381846,0.026683622072999732,10.420742,0.098,0.167,0.05251
BGM,Healthcare,0.26336142,2026-09-21,-0.9740240237391404,0.060136460023032065,10.420742,0.698,0.167,-0.07408
VRNS,Unknown,0.2633332,2026-09-21,-0.1585493374908158,0.03421127894374811,10.420742,0.098,0.167,0.05251
MFI,Unknown,0.26326263,2026-09-21,-0.7671299541185198,0.023143857692151455,10.420742,0.098,0.167,0.05251
ERII,Unknown,0.26323944,2026-09-21,-0.5359973622150087,0.020457278919837955,10.420742,0.098,0.167,0.05251
OCG,Unknown,0.26320064,2026-09-21,-0.999382398250482,0.04366661596951608,10.420742,0.098,0.167,0.05251
PIII,Unknown,0.2632003,2026-09-21,0.039735778048622494,0.03256326194533402,10.420742,0.098,0.167,0.05251
TCX,Unknown,0.2631651,2026-09-21,-0.4467518656316609,0.027335399634859633,10.420742,0.098,0.167,0.05251
ABLV,Consumer Cyclical,0.2631573,2026-09-21,0.028761087766324467,0.07419727504521524,10.420742,-0.106,0.167,-0.37237
CLSK,Financial Services,0.2631492,2026-09-21,0.11515603167474064,0.05448310734554545,-9.758564,-0.305,0.167,-0.68622
ADGM,Healthcare,0.263115,2026-09-21,-0.7356593521289698,0.06456804676149625,-0.4273276,0.098,0.167,-6.57763
HELE,Unknown,0.26311088,2026-09-21,0.1989664502951256,0.02470016181142557,10.420742,0.098,0.167,0.05251
RCAX,Unknown,0.26309142,2026-09-21,0.031088115865008925,0.0851207241333678,10.420742,0.098,0.167,0.05251
QNRX,Unknown,0.26306987,2026-09-21,-0.1343749761581421,0.06382650976988494,10.420742,0.098,0.167,0.05251
RXST,Unknown,0.263043,2026-09-21,-0.45943095488225993,0.037543674581354616,10.420742,0.098,0.167,0.05251
HCM,Unknown,0.26298618,2026-09-21,-0.17263613932541733,0.04697566968192764,10.420742,0.098,0.167,0.05251
UPST,Unknown,0.26290488,2026-09-21,-0.6212344090723083,0.02529917684410433,10.420742,0.098,0.167,0.05251
SENEB,Unknown,0.2628658,2026-09-18,0.7110909201882103,0.02662814852460078,10.420742,0.098,0.167,0.05251
UBRL,Unknown,0.26282808,2026-09-21,-0.5391898900878254,0.03715596189481835,10.420742,0.098,0.167,0.05251
RAPP,Unknown,0.2627974,2026-09-21,0.45338206382372004,0.024721562797676275,10.420742,0.098,0.167,0.05251
WOOF,Unknown,0.26277432,2026-09-21,-0.32051282138366055,0.02818264031672418,10.420742,0.098,0.167,0.05251
NPT,Unknown,0.26276132,2026-09-21,0.031088115865008925,0.047083121901336386,10.420742,0.098,0.167,0.05251
ARWR,Healthcare,0.26275936,2026-09-21,1.1662964658966852,0.0367721774205351,-14.154212,1.71,0.167,-0.55207
KDK,Unknown,0.26261112,2026-09-21,0.031088115865008925,0.04680020290709067,10.420742,0.098,0.167,0.05251
PHAR,Unknown,0.26246044,2026-09-21,-0.1919775081200954,0.02838321555337831,10.420742,0.098,0.167,0.05251
WCBR,Unknown,0.26244557,2026-09-21,0.4072407631253325,0.04004283890050058,10.420742,0.098,0.167,0.05251
CROX,Consumer Cyclical,0.26231718,2026-09-21,0.5488426504797423,0.026236377275854685,8.263347,0.026,0.167,0.42299998
MGRT,Unknown,0.26206073,2026-09-21,25.790433755640173,0.03433844281229568,10.420742,0.098,0.167,0.05251
LFST,Unknown,0.26193854,2026-09-21,1.3584730412958748,0.01681723697931091,10.420742,0.098,0.167,0.05251
KRRO,Unknown,0.26189408,2026-09-21,-0.6995785919472914,0.0597586583458718,10.420742,0.098,0.167,0.05251
DIME,Unknown,0.26187798,2026-09-21,0.031088115865008925,0.04717600904850531,10.420742,0.098,0.167,0.05251
SHPU,Unknown,0.26186138,2026-09-21,-0.48673335565791453,0.06863052545693991,10.420742,0.098,0.167,0.05251
PTGX,Unknown,0.26183644,2026-09-21,1.3337625635158763,0.01621505048098446,10.420742,0.098,0.167,0.05251
UPWK,Unknown,0.26182503,2026-09-21,-0.5724489820743293,0.02275634852990366,10.420742,0.098,0.167,0.05251
VSTM,Unknown,0.26179853,2026-09-21,-0.17872116672156457,0.030772694797893376,10.420742,0.098,0.167,0.05251
IONL,Unknown,0.26178807,2026-09-21,-0.8706225848053692,0.08952712450412663,10.420742,0.098,0.167,0.05251
KTOS,Unknown,0.26177034,2026-09-21,-0.39690143475183937,0.022671492714352887,10.420742,0.098,0.167,0.05251
NVCR,Unknown,0.26171294,2026-09-21,0.2723077627328725,0.03015957186489412,10.420742,0.098,0.167,0.05251
IART,Unknown,0.26160774,2026-09-21,0.011703530808609752,0.021299350712835997,10.420742,0.098,0.167,0.05251
KNSA,Unknown,0.26158974,2026-09-21,1.1615396934563496,0.018025526752568074,10.420742,0.098,0.167,0.05251
ALISR,,0.26158684,2026-09-18,0.031088115865008925,0.022835687632255523,10.420742,0.098,0.167,3.8968399
ANTA,Financial Services,0.26158193,2026-09-21,-0.733076281740281,0.051180030590297,10.420742,-0.282,0.167,0.00538
TIL,Unknown,0.26157364,2026-09-21,-0.6621493206329132,0.020704095654528423,10.420742,0.098,0.167,0.05251
VERX,Unknown,0.26152638,2026-09-21,-0.5278861220596033,0.030003306614562714,10.420742,0.098,0.167,0.05251
UROY,Unknown,0.26148275,2026-09-21,0.18523682901688332,0.03601167562233876,10.420742,0.098,0.167,0.05251
KG,Unknown,0.26145607,2026-09-21,-0.7959473891800238,0.05212688405794277,10.420742,0.098,0.167,0.05251
IMNM,Unknown,0.26141834,2026-09-21,1.5299491483446634,0.0237469681570551,10.420742,0.098,0.167,0.05251
OPK,Unknown,0.2611859,2026-09-21,0.11589400888843415,0.03509667732450867,10.420742,0.098,0.167,0.05251
BBIO,Healthcare,0.26117668,2026-09-21,0.24826546801391114,0.01655976641674229,2420.0947,1.204,0.167,0.05251
MTEN,Unknown,0.26113278,2026-09-21,-0.999565787213914,0.047794307957258156,10.420742,0.098,0.167,0.05251
ORIC,Unknown,0.26111916,2026-09-21,0.14999996532093385,0.02508031248922846,10.420742,0.098,0.167,0.05251
LONA,Unknown,0.26111457,2026-09-21,0.6798694536865364,0.04436562479948417,10.420742,0.098,0.167,0.05251
BDTX,Healthcare,0.26107606,2026-09-21,-0.4253731322038887,0.028883581208533276,-1.935,0.098,0.167,-0.37215
BRFH,Consumer Defensive,0.26101378,2026-09-21,-0.7057291613309643,0.028573957095903102,-56.5,1.897,0.167,-3.64238
MCRB,Unknown,0.26099694,2026-09-21,-0.776206339781187,0.044330697950400434,10.420742,0.098,0.167,0.05251
PSKY,Unknown,0.26084685,2026-09-21,-0.42663904617716153,0.025787717068920423,10.420742,0.098,0.167,0.05251
ARQQW,,0.26079327,2026-09-02,0.031088115865008925,0.022835687632255523,10.420742,8.299,0.167,-2.2021
BLNE,Financial Services,0.26066297,2026-09-21,-0.723463678593634,0.03923766765682499,2.1023405,0.601,0.167,-0.40118998
WCLD,Unknown,0.26059163,2026-09-21,0.12132761433118322,0.028220017211246427,10.420742,0.098,0.167,0.05251
CRVO,Healthcare,0.2605844,2026-09-21,-0.7000123683311383,0.023087946418333113,-1.640678,0.098,0.167,-1.07623
ALLO,Healthcare,0.26057154,2026-09-21,0.37603298294341725,0.03237842267169326,-2.5514112,0.098,0.167,-0.42394
TCOM,Unknown,0.2604831,2026-09-21,-0.47978249538697426,0.017337602407987575,10.420742,0.098,0.167,0.05251
SNOA,Unknown,0.26048118,2026-09-21,-0.7030516625049754,0.017980706087790073,10.420742,0.098,0.167,0.05251
NETG,Unknown,0.2604416,2026-09-21,0.031088115865008925,0.09531719120196365,10.420742,0.098,0.167,0.05251
NBIG,Unknown,0.26041925,2026-09-21,0.031088115865008925,0.0822337520733376,10.420742,0.098,0.167,0.05251
SPRO,Unknown,0.2604052,2026-09-21,-0.4325000047683716,0.014739707386971971,10.420742,0.098,0.167,0.05251
TPCS,Unknown,0.26035273,2026-09-21,-0.021937324243280543,0.02519357609835663,10.420742,0.098,0.167,0.05251
POET,Unknown,0.2603258,2026-09-21,0.6106870131756301,0.0486557173585785,10.420742,0.098,0.167,0.05251
FGNX,Unknown,0.2602456,2026-09-21,-0.8075517602388846,0.06731016493260966,10.420742,0.098,0.167,0.05251
VISN,Unknown,0.2602159,2026-09-21,0.40727741349774127,0.03170968984729147,10.420742,0.098,0.167,0.05251
GWAV,Unknown,0.26013687,2026-09-21,-0.6589310960930137,0.1301814435357478,10.420742,0.098,0.167,0.05251
CBRL,Consumer Cyclical,0.26009378,2026-09-21,0.014320221358381291,0.03238047956367366,40.83787,-0.029,2.393,0.056110002
GIGM,Unknown,0.25996658,2026-09-18,-0.23756903930481887,0.03461304409419638,10.420742,0.098,0.167,0.05251
CASY,Consumer Cyclical,0.25996137,2026-09-21,0.08989374620658963,0.037421139982683344,25.110596,0.243,0.277,0.19983
CENX,Basic Materials,0.25993025,2026-09-21,0.46858742112776497,0.029401623582224045,3.3829963,0.197,0.167,0.51749
OSUR,Unknown,0.25989035,2026-09-21,0.12878786619920257,0.022771817029859146,10.420742,0.098,0.167,0.05251
BCTX,Healthcare,0.25976464,2026-09-21,-0.5370154299884362,0.06429467465393988,-10.74359,0.098,0.167,-1.75255
EIX,Unknown,0.25976247,2026-09-21,0.04409920634116005,0.061127406610319165,10.420742,0.098,0.167,0.05251
IMPP,Unknown,0.2597277,2026-09-21,0.22030236624512067,0.027361450620839632,10.420742,0.098,0.167,0.05251
MBLY,Unknown,0.2596759,2026-09-21,-0.4520219464054649,0.020700721953478256,10.420742,0.098,0.167,0.05251
XENE,Unknown,0.25964612,2026-09-21,0.035487293754028926,0.07028952540398054,10.420742,0.098,0.167,0.05251
EPOW,Unknown,0.25963074,2026-09-21,-0.7123809541974748,0.05000538564859818,10.420742,0.098,0.167,0.05251
OCS,Unknown,0.25961933,2026-09-21,-0.4178160726134218,0.023552545553248753,10.420742,0.098,0.167,0.05251
CTW,Unknown,0.25957865,2026-09-21,0.12834218701362055,0.028761942923997356,10.420742,0.098,0.167,0.05251
ANIK,Healthcare,0.25955617,2026-09-21,1.3087248723073768,0.015341728044428907,21.726315,0.156,0.167,-0.02191
CMRC,Technology,0.25952163,2026-09-21,-0.3830434722254522,0.05779000787060473,5.657623,0.001,0.167,-0.12779
ARTV,Healthcare,0.259516,2026-09-21,2.315125834915778,0.04021217299290806,-3.017638,0.098,0.167,-0.36581
PROF,Unknown,0.25948423,2026-09-21,0.4867069811498079,0.03420119793246935,10.420742,0.098,0.167,0.05251
NVNO,Unknown,0.25942978,2026-09-21,-0.7295645288274558,0.0419620371225743,10.420742,0.098,0.167,0.05251
ANTX,Healthcare,0.25936338,2026-09-21,2.93023280743245,0.03497199903429099,-6.35,0.098,0.167,-0.50118
TDOT,Unknown,0.25930202,2026-09-21,0.031088115865008925,0.10425043359509122,10.420742,0.098,0.167,0.05251
DKNX,Unknown,0.25919962,2026-08-27,0.031088115865008925,0.07378078051159545,10.420742,0.098,0.167,0.05251
KOSS,Unknown,0.25916904,2026-09-21,-0.3977469816083825,0.01922642911696165,10.420742,0.098,0.167,0.05251
ALKS,Healthcare,0.2591136,2026-09-21,0.550613017190456,0.02013897716129097,24.52661,0.27,-0.994,0.03852
RMTI,Unknown,0.25905052,2026-09-21,-0.371428606256634,0.020948202899906728,10.420742,0.098,0.167,0.05251
SDOT,Unknown,0.25904676,2026-09-21,-0.9275706939865664,0.19123286000361764,10.420742,0.098,0.167,0.05251
CULP,Unknown,0.25904384,2026-09-21,-0.19821824317464387,0.028166280451120455,10.420742,0.098,0.167,0.05251
SMSI,Unknown,0.25901538,2026-09-21,-0.2961038687595483,0.024025799456119278,10.420742,0.098,0.167,0.05251
ETON,Unknown,0.25893825,2026-09-21,2.037914497048879,0.022175668359795342,10.420742,0.098,0.167,0.05251
ABEO,Healthcare,0.25887865,2026-09-21,-0.00443264112752717,0.0211181637548884,-160.28572,27.45,0.167,-0.43127
TSSI,Unknown,0.25883007,2026-09-21,-0.4183135872075462,0.03440065782690419,10.420742,0.098,0.167,0.05251
BFRG,Healthcare,0.2587519,2026-09-21,-0.6321481531258308,0.04180636808484231,-2.9411764,5.476,0.167,-1.3070799
MSS,Unknown,0.25867602,2026-09-21,-0.9667346939748647,0.055788474834834,10.420742,0.098,0.167,0.05251
MGPI,Unknown,0.25862092,2026-09-21,-0.4974261607497851,0.025625112957324118,10.420742,0.098,0.167,0.05251
MODD,Unknown,0.2586117,2026-09-21,-0.8931415530538611,0.07805836091593837,10.420742,0.098,0.167,0.05251
NTWOW,Unknown,0.25856572,2026-09-21,0.031088115865008925,0.047018553398000845,10.420742,0.098,0.167,0.05251
AAPB,Unknown,0.25855544,2026-09-21,0.7804714030500686,0.027109287991067148,10.420742,0.098,0.167,0.05251
HGBL,Unknown,0.2584908,2026-09-21,-0.24022343950374836,0.03403279677325746,10.420742,0.098,0.167,0.05251
IPHA,Unknown,0.2584821,2026-09-21,-0.04896908546814227,0.03202412767175022,10.420742,0.098,0.167,0.05251
BRCB,Consumer Cyclical,0.25847268,2026-09-21,-0.7449712691911541,0.041294411552878725,25.053572,0.25,0.167,-0.22042999
ATC,Unknown,0.2584482,2026-09-18,0.031088115865008925,0.03688228527198946,10.420742,0.098,0.167,0.05251
NPCE,Unknown,0.2583578,2026-09-21,0.41036828833197925,0.02350238438681912,10.420742,0.098,0.167,0.05251
OFIX,Unknown,0.25834376,2026-09-21,-0.42183462054727106,0.0183624778554491,10.420742,0.098,0.167,0.05251
RFIL,Unknown,0.2583172,2026-09-21,0.08531745844026695,0.04014482348898886,10.420742,0.098,0.167,0.05251
SBFG,Unknown,0.2582284,2026-09-21,0.4428735770024437,0.018331371739803235,10.420742,0.098,0.167,0.05251
SANG,Unknown,0.2582202,2026-09-21,-0.33333330288396057,0.021790057965109515,10.420742,0.098,0.167,0.05251
SENS,Unknown,0.25820315,2026-09-21,0.058241726456454534,0.027653651669183016,10.420742,0.098,0.167,0.05251
HPE,Unknown,0.2582003,2026-09-21,1.4426310752509495,0.05340989578525566,10.420742,0.098,0.167,0.05251
MRX,Unknown,0.25818434,2026-09-21,1.284037492630572,0.026997036027288014,10.420742,0.098,0.167,0.05251
SLDPW,,0.25817493,2026-09-18,0.031088115865008925,0.022835687632255523,10.420742,0.098,0.167,-0.20581
PMN,Unknown,0.2581549,2026-09-21,0.22219997903575073,0.051151971763794137,10.420742,0.098,0.167,0.05251
NTSK,Unknown,0.25811204,2026-09-21,-0.19364160011371157,0.05052841144330067,10.420742,0.098,0.167,0.05251
LAKE,Unknown,0.2581,2026-09-21,-0.3181379690609506,0.036907781939694656,10.420742,0.098,0.167,0.05251
NIOG,Unknown,0.2580042,2026-09-21,0.031088115865008925,0.04411538056317296,10.420742,0.098,0.167,0.05251
MENS,Unknown,0.2580027,2026-09-21,-0.9592289855514747,0.04026163143946231,10.420742,0.098,0.167,0.05251
CARL,Healthcare,0.25799793,2026-09-21,0.007491841580472558,0.02140089024765985,-11.168479,0.567,0.167,-0.66141
RLMD,Unknown,0.25790846,2026-09-21,1.5121212368606978,0.03441776932122362,10.420742,0.098,0.167,0.05251
EOLS,Unknown,0.25786653,2026-09-21,0.24221180838930345,0.02769284256532948,10.420742,0.098,0.167,0.05251
GRRR,Unknown,0.2578265,2026-09-21,-0.33707316328839554,0.048977060531473146,10.420742,0.098,0.167,0.05251
SAIL,Unknown,0.25776652,2026-09-21,-0.10098080066123682,0.05478090437208349,10.420742,0.098,0.167,0.05251
ELDN,Unknown,0.25769466,2026-09-21,0.049019608759779176,0.022941774049126264,10.420742,0.098,0.167,0.05251
CCL,Consumer Cyclical,0.25767154,2026-09-21,-0.27582822808714624,0.017110378402501753,8.599273,0.053,-0.065,0.26689
FLY,Unknown,0.2575738,2026-09-21,-0.49646174606163307,0.04001870691273449,10.420742,0.098,0.167,0.05251
XRPC,Unknown,0.25756225,2026-09-21,0.031088115865008925,0.057019962741143425,10.420742,0.098,0.167,0.05251
NAMSW,Unknown,0.2575437,2026-09-18,-0.11615386376014125,0.03773788767229999,10.420742,0.098,0.167,0.05251
WVE,Unknown,0.25753412,2026-09-21,-0.38936781943876,0.020007435349028966,10.420742,0.098,0.167,0.05251
VNET,Unknown,0.25746286,2026-09-21,-0.2668341491322378,0.04698217083783381,10.420742,0.098,0.167,0.05251
ZBIO,Unknown,0.25744006,2026-09-21,0.6752312439795018,0.027185038334316063,10.420742,0.098,0.167,0.05251
ALMU,Technology,0.25742736,2026-09-21,-0.14398234807117716,0.05498610144638769,-23.517242,-0.558,0.167,-0.24479
CHCI,Real Estate,0.25725755,2026-09-21,0.2578655485045491,0.035862179609269344,10.420742,0.741,5.0,0.36369
SNEX,Unknown,0.25725523,2026-09-21,0.5911578195801874,0.016858930775818064,10.420742,0.098,0.167,0.05251
EDIT,Unknown,0.2572552,2026-09-21,-0.039999961853027344,0.04474597325322014,10.420742,0.098,0.167,0.05251
AEI,Real Estate,0.25722793,2026-09-21,-0.7594492710576641,0.06041799812522009,10.420742,-0.1,0.167,-0.414
CHYM,Technology,0.25712642,2026-09-21,0.2900600005785787,0.0333330546070513,18.71118,0.268,0.167,-0.01284
SPPL,Unknown,0.25700924,2026-09-21,-0.5424430490567707,0.0860737543019356,10.420742,0.098,0.167,0.05251
AIRJW,,0.25699702,2026-09-18,0.031088115865008925,0.022835687632255523,10.420742,0.098,0.167,-0.31566998
SFWL,Unknown,0.25695932,2026-09-21,6.3103446433150046,2.3458338178553153,10.420742,0.098,0.167,0.05251
FLNC,Unknown,0.25692695,2026-09-21,-0.07196971795082363,0.04822531007208181,10.420742,0.098,0.167,0.05251
IVA,Unknown,0.25684372,2026-09-21,-0.3302582908959999,0.02544859055974974,10.420742,0.098,0.167,0.05251
FCEL,Unknown,0.25682533,2026-09-21,1.157262842489866,0.07322046435663657,10.420742,0.098,0.167,0.05251
TDOG,Unknown,0.25677583,2026-09-21,0.031088115865008925,0.04958900728085759,10.420742,0.098,0.167,0.05251
EGHT,Unknown,0.25674814,2026-09-21,-0.16742081374740925,0.027875575472694574,10.420742,0.098,0.167,0.05251
DRIO,Unknown,0.25674278,2026-09-21,0.14586711251842055,0.04073345691849639,10.420742,0.098,0.167,0.05251
HEPS,Unknown,0.25674215,2026-09-21,-0.1295087255346976,0.02645485608501829,10.420742,0.098,0.167,0.05251
SOFI,Unknown,0.2566987,2026-09-21,-0.39594453313589006,0.02889695159003163,10.420742,0.098,0.167,0.05251
PHAT,Unknown,0.25667495,2026-09-21,-0.365957463041265,0.03506986339446344,10.420742,0.098,0.167,0.05251
PENN,Unknown,0.25654134,2026-09-21,-0.14992187912671429,0.023127378818707488,10.420742,0.098,0.167,0.05251
BOF,Consumer Defensive,0.2564971,2026-09-21,0.6450216651277831,0.025608435599072773,10.420742,0.361,0.167,-2.02596
SHOO,Unknown,0.2564799,2026-09-21,0.3338381820206613,0.023332197489235408,10.420742,0.098,0.167,0.05251
GROW,Unknown,0.25647378,2026-09-21,0.22181134418850013,0.026365751532999093,10.420742,0.098,0.167,0.05251
KMLI,Unknown,0.2564515,2026-09-21,-0.6022646674552548,0.03724515005796165,10.420742,0.098,0.167,0.05251
DNLI,Unknown,0.2564327,2026-09-21,0.5280727559421579,0.01704068443832892,10.420742,0.098,0.167,0.05251
SHMD,Unknown,0.25630882,2026-09-21,0.48842108877081625,0.08525531969806817,10.420742,0.098,0.167,0.05251
BLMN,Consumer Cyclical,0.25626966,2026-09-21,0.22760642098699702,0.034639320457015295,8.010135,0.013,0.224,0.08071999
RVMD,Unknown,0.2562117,2026-09-21,3.2826182758581126,0.021595863447053824,10.420742,0.098,0.167,0.05251
THYP,Unknown,0.2561181,2026-09-21,0.031088115865008925,0.04393303404591369,10.420742,0.098,0.167,0.05251
IRDM,Unknown,0.2561135,2026-09-21,1.6098103725316628,0.01506103917114004,10.420742,0.098,0.167,0.05251
BANL,Energy,0.25607592,2026-09-21,-0.440209186495077,0.128733308943032,10.420742,0.492,0.167,-0.02303
PSHG,Unknown,0.25592858,2026-09-21,0.03846150067330312,0.03138602330854515,10.420742,0.098,0.167,0.05251
PLTD,Unknown,0.25590402,2026-09-21,-0.2717836073093921,0.03244935039238762,10.420742,0.098,0.167,0.05251
MRDN,Unknown,0.25587144,2026-09-21,0.1588933519636213,0.020857394777351608,10.420742,0.098,0.167,0.05251
LRCX,Unknown,0.25575393,2026-09-21,1.4179954140330393,0.038171909020222466,10.420742,0.098,0.167,0.05251
QFIN,Unknown,0.2557499,2026-09-21,-0.7035899451150143,0.04994009307141742,10.420742,0.098,0.167,0.05251
IVF,Unknown,0.25570425,2026-09-21,-0.9727238813405792,0.02105667333432703,10.420742,0.098,0.167,0.05251
CNCK,Financial Services,0.2555389,2026-09-21,-0.5879828283361617,0.0199378485049179,10.420742,0.361,0.167,-0.079569995
SCZM,Unknown,0.25546485,2026-09-21,0.43949039169361837,0.049770666512660704,10.420742,0.098,0.167,0.05251
AVO,Consumer Defensive,0.2553657,2026-09-21,0.01545956315871333,0.019553691220821647,16.705128,0.258,0.167,0.005
RIOT,Unknown,0.2553593,2026-09-21,0.39434612200952857,0.05567229276368682,10.420742,0.098,0.167,0.05251
GLXY,Unknown,0.25531882,2026-09-21,-0.21281742822995753,0.05624495893823411,10.420742,0.098,0.167,0.05251
OUST,Unknown,0.25528383,2026-09-21,0.10109441814881714,0.039115288899229536,10.420742,0.098,0.167,0.05251
DNTH,Unknown,0.2551936,2026-09-21,1.514021196448867,0.02151815635074186,10.420742,0.098,0.167,0.05251
RGTX,Unknown,0.25505587,2026-09-21,-0.902014515459825,0.07723205135344527,10.420742,0.098,0.167,0.05251
ISPC,Unknown,0.25504047,2026-09-21,-0.978387096235829,0.03328704907968731,10.420742,0.098,0.167,0.05251
BIVIW,,0.25500387,2026-09-18,0.031088115865008925,0.022835687632255523,10.420742,0.098,0.167,-1.50759
SKYAW,,0.25491908,2026-09-21,0.031088115865008925,0.022835687632255523,10.420742,16.075,0.167,-4.512
FRD,Unknown,0.25488746,2026-09-21,0.8452524292579968,0.027337922939293744,10.420742,0.098,0.167,0.05251
AHCO,Healthcare,0.25486887,2026-09-21,-0.3709327524126046,0.03950130379202531,-46.814514,0.127,0.167,-0.15224
DUOT,Unknown,0.2547912,2026-09-21,0.14157012964386162,0.037665622174907355,10.420742,0.098,0.167,0.05251
WETH,Unknown,0.25478813,2026-09-21,-0.16393446147009283,0.03555040410973107,10.420742,0.098,0.167,0.05251
PLRX,Unknown,0.25478733,2026-09-21,-0.25167785073812954,0.0291816768982431,10.420742,0.098,0.167,0.05251
CRVS,Healthcare,0.25478694,2026-09-21,1.0351307445438374,0.02512202474255726,-11.625293,0.098,0.167,-0.3543
RYM,Unknown,0.25476438,2026-09-18,-0.441425711763863,0.045672791999874854,10.420742,0.098,0.167,0.05251
OMDA,Unknown,0.25465244,2026-09-21,-0.10061515344896144,0.034139508206264935,10.420742,0.098,0.167,0.05251
INBS,Unknown,0.25464493,2026-09-21,-0.8707746434651582,0.0319705821413391,10.420742,0.098,0.167,0.05251
XHLD,Unknown,0.25463787,2026-09-21,1.04378114683652,0.08966410156458386,10.420742,0.098,0.167,0.05251
SILC,Unknown,0.25461215,2026-09-21,1.7016760693273292,0.049483815507946734,10.420742,0.098,0.167,0.05251
XOMX,Unknown,0.25460625,2026-09-21,0.7580739682457434,0.03415155136619606,10.420742,0.098,0.167,0.05251
XP,Unknown,0.25447053,2026-09-21,0.05444059146426561,0.026219136262899564,10.420742,0.098,0.167,0.05251
SNWV,Unknown,0.25446352,2026-09-21,-0.8723282986722048,0.0357713049776207,10.420742,0.098,0.167,0.05251
ETOR,Unknown,0.25442767,2026-09-21,-0.3456635410984348,0.030854961059502934,10.420742,0.098,0.167,0.05251
RDTL,Unknown,0.25436938,2026-09-21,-0.8272098970646953,0.07534502609544882,10.420742,0.098,0.167,0.05251
OMER,Unknown,0.25430435,2026-09-21,3.3004691808743987,0.030773754263265427,10.420742,0.098,0.167,0.05251
SSRM,Unknown,0.25428182,2026-09-21,0.6729072167115273,0.02928856215942935,10.420742,0.098,0.167,0.05251
CRBU,Healthcare,0.2542664,2026-09-21,-0.27247192252842645,0.03738662029380568,-1.0250686,-0.438,0.167,-0.78266
HQ,Unknown,0.254217,2026-09-21,0.031088115865008925,0.1186098753983616,10.420742,0.098,0.167,0.05251
VCTR,Unknown,0.25420856,2026-09-21,0.6106902891206285,0.01954365180889535,10.420742,0.098,0.167,0.05251
NBTX,Unknown,0.2541945,2026-09-21,1.8103168189640337,0.04786384168966486,10.420742,0.098,0.167,0.05251
ULCC,Unknown,0.25418696,2026-09-21,0.1717267956515709,0.02790284868103133,10.420742,0.098,0.167,0.05251
VALN,Unknown,0.25412932,2026-09-21,-0.334110553954437,0.025963699073040025,10.420742,0.098,0.167,0.05251
KMDA,Unknown,0.25407913,2026-09-21,0.32738950002676614,0.025351372597753608,10.420742,0.098,0.167,0.05251
CIFG,Unknown,0.25406605,2026-09-21,0.031088115865008925,0.1295027915539657,10.420742,0.098,0.167,0.05251
CMG,Consumer Cyclical,0.25403267,2026-09-21,-0.16139168123888636,0.021525655516621146,24.321978,0.093,-0.013,0.49560001
HOVR,Unknown,0.25397626,2026-09-21,-0.1530541596584718,0.026350863704075925,10.420742,0.098,0.167,0.05251
AJG,Financial Services,0.25395715,2026-09-21,-0.18479853668520574,0.022030007650266067,16.04654,0.309,-0.107,0.06722
DYN,Unknown,0.25389636,2026-09-21,0.23491382470123345,0.042248547095051284,10.420742,0.098,0.167,0.05251
KYMR,Unknown,0.25378704,2026-09-21,1.316067205183216,0.018637001148644982,10.420742,0.098,0.167,0.05251
MSFL,Unknown,0.25378546,2026-09-21,-0.18397145140939575,0.02875434003165338,10.420742,0.098,0.167,0.05251
TWIN,Unknown,0.25378427,2026-09-21,0.9036523941178094,0.021070777407056852,10.420742,0.098,0.167,0.05251
NBIL,Unknown,0.25371158,2026-09-21,0.031088115865008925,0.08262260412101313,10.420742,0.098,0.167,0.05251
QPUX,Unknown,0.25370818,2026-09-21,-0.8751805747325562,0.07284479982842394,10.420742,0.098,0.167,0.05251
BGMS,Industrials,0.25366798,2026-09-21,-0.7897339343948229,0.05866336642041865,10.420742,0.098,0.167,0.34398997
KYNB,Unknown,0.2536251,2026-09-21,-0.36643234045334727,0.031862336296494764,10.420742,0.098,0.167,0.05251
APRE,Healthcare,0.25362375,2026-09-21,-0.5063999891281128,0.08211991036239123,-2.15,0.098,0.167,-0.46147
ASTL,Basic Materials,0.2535874,2026-09-21,-0.05641595476039096,0.04475678729481433,-14.413238,-0.546,0.167,-1.39133
NVCT,Unknown,0.25358596,2026-09-21,2.473437376716176,0.03912526405155403,10.420742,0.098,0.167,0.05251
PLUG,Unknown,0.25329575,2026-09-21,-0.002380893452094579,0.03129502762448379,10.420742,0.098,0.167,0.05251
LIND,Unknown,0.2532235,2026-09-21,1.1544900096085953,0.033546992790595934,10.420742,0.098,0.167,0.05251
RCAT,Unknown,0.2531594,2026-09-21,-0.31125498126229434,0.04258254305911575,10.420742,0.098,0.167,0.05251
NHICU,Unknown,0.25313744,2026-09-21,-0.017475757460441277,0.0588886329394856,10.420742,0.098,0.167,0.05251
CCOI,Communication Services,0.25300902,2026-09-21,-0.7543731685548934,0.045845886899335504,-3.6038759,-0.042,0.167,-7.2150297
BIOX,Basic Materials,0.25294235,2026-09-21,-0.8022598882423001,0.037498378701783686,0.546875,-0.234,0.167,-0.28053
SMHX,Unknown,0.25291395,2026-09-21,0.5577459379686349,0.02656948267743952,10.420742,0.098,0.167,0.05251
GPRE,Unknown,0.2528851,2026-09-21,0.44212064147401686,0.030594940030225715,10.420742,0.098,0.167,0.05251
PMAX,Unknown,0.25285047,2026-09-21,-0.9623745934635192,0.0416346288590762,10.420742,0.098,0.167,0.05251
CNTN,Healthcare,0.2527954,2026-09-21,-0.06390980105583577,0.049858829188374906,10.420742,0.098,0.167,-0.42214
XBCI,Unknown,0.25278002,2026-09-21,0.031088115865008925,0.03631663997136691,10.420742,0.098,0.167,0.05251
PDC,Unknown,0.25275925,2026-09-21,0.26893286198702193,0.07727496827977817,10.420742,0.098,0.167,0.05251
DFNSW,,0.2527192,2026-09-21,0.031088115865008925,0.022835687632255523,10.420742,0.098,0.167,-2.75586
PLBY,Unknown,0.25269255,2026-09-21,-0.32822083937820723,0.01763550773651795,10.420742,0.098,0.167,0.05251
PRTS,Unknown,0.25262997,2026-09-21,0.10512816343238618,0.057264699063547614,10.420742,0.098,0.167,0.05251
AZ,Technology,0.25259775,2026-09-21,-0.28606655894418964,0.025201008291069305,10.436363,4.09,0.167,-0.73622
CYRX,Unknown,0.2525211,2026-09-21,0.7393034040289086,0.021139145057323804,10.420742,0.098,0.167,0.05251
TLPH,Unknown,0.2524257,2026-09-21,0.2526881213904342,0.01816772339653192,10.420742,0.098,0.167,0.05251
PLSE,Unknown,0.25228736,2026-09-21,1.8463822273011616,0.04584143253296531,10.420742,0.098,0.167,0.05251
STLD,Unknown,0.25221986,2026-09-21,0.664843833506032,0.021367071440423612,10.420742,0.098,0.167,0.05251
OCCI,Unknown,0.2521237,2026-09-21,-0.47611610116753833,0.019927685076925605,10.420742,0.098,0.167,0.05251
CVRX,Unknown,0.25209412,2026-09-21,-0.5892608226072684,0.04014174036970148,10.420742,0.098,0.167,0.05251
POWW,Unknown,0.2520408,2026-09-21,0.5727273810993581,0.016788739595312956,10.420742,0.098,0.167,0.05251
PKOH,Unknown,0.25201607,2026-09-21,1.0302337855699704,0.019753508795992983,10.420742,0.098,0.167,0.05251
CDIO,Healthcare,0.25201365,2026-09-21,-0.5,0.029493003433708698,-7.92,-0.283,0.167,-0.75442004
QNST,Unknown,0.25201222,2026-09-21,0.024662364025815897,0.018759074553571967,10.420742,0.098,0.167,0.05251
VITL,Unknown,0.2520105,2026-09-21,-0.737600167823552,0.04419853119965956,10.420742,0.098,0.167,0.05251
PRQR,Unknown,0.25199947,2026-09-21,-0.1461187415941123,0.024352313420477084,10.420742,0.098,0.167,0.05251
FENC,Unknown,0.25199074,2026-09-21,0.21724518634774137,0.027939097388434645,10.420742,0.098,0.167,0.05251
ACTU,Healthcare,0.2519351,2026-09-21,-0.8638310182130269,0.0943992182042732,-1.4006603,0.098,0.167,0.05251
EDHL,Unknown,0.2518784,2026-09-21,-0.6436170114953899,0.042265744176260535,10.420742,0.098,0.167,0.05251
SLE,Communication Services,0.25186002,2026-09-21,-0.8854735787906992,0.07188804679557793,-1.636656,0.003,0.167,-5.03983
TXG,Unknown,0.2518192,2026-09-21,4.955538511911658,0.030786463055156765,10.420742,0.098,0.167,0.05251
NUTX,Unknown,0.25181597,2026-09-21,1.2070794642976588,0.02780290949895904,10.420742,0.098,0.167,0.05251
TRNR,Unknown,0.25179845,2026-09-21,-0.9889795916421072,0.04005411195802564,10.420742,0.098,0.167,0.05251
KURA,Unknown,0.25169885,2026-09-21,0.3755924447747403,0.03576122686284342,10.420742,0.098,0.167,0.05251
ATAT,Consumer Cyclical,0.2516637,2026-09-21,-0.15075179897726498,0.017444726331502434,11.682532,0.414,0.317,0.5909
LIVE,Unknown,0.2516361,2026-09-21,-0.5647187316954163,0.021880742161189657,10.420742,0.098,0.167,0.05251
VANI,Unknown,0.2515019,2026-09-21,-0.14625852326130007,0.036354490689552064,10.420742,0.098,0.167,0.05251
RBNE,Unknown,0.2514262,2026-09-21,-0.9754707370398912,0.05801921978040846,10.420742,0.098,0.167,0.05251
CBOE,Financial Services,0.2514143,2026-09-21,0.162012463299124,0.021167574285219936,17.753073,0.229,0.502,0.26297
BYSI,Healthcare,0.25138417,2026-09-21,-0.5696511797630314,0.06058863560728644,-1.5748936,0.098,0.167,0.05251
VOXR,Unknown,0.25135523,2026-09-21,0.598345901207409,0.022461995761066427,10.420742,0.098,0.167,0.05251
CDW,Technology,0.25132638,2026-09-21,-0.08526361171760588,0.03440595080511556,12.098745,0.1,0.049,0.44009998
DIBS,Unknown,0.25123507,2026-09-21,0.43031365252957965,0.030846093888832558,10.420742,0.098,0.167,0.05251
PPSI,Unknown,0.25121877,2026-09-21,-0.23368536418466312,0.036035932451359894,10.420742,0.098,0.167,0.05251
MARA,Unknown,0.2512066,2026-09-21,-0.2778378563958246,0.057844101046933626,10.420742,0.098,0.167,0.05251
AGRZ,Consumer Defensive,0.25117487,2026-09-21,0.031088115865008925,0.058461175438420145,10.420742,3.202,0.167,0.85853994
SSBI,Unknown,0.25116092,2026-09-18,0.04219409146871156,0.027225795735487824,10.420742,0.098,0.167,0.05251
YDKG,Unknown,0.251111,2026-09-21,-0.9974422413727333,0.03508105903291139,10.420742,0.098,0.167,0.05251
ELWT,Unknown,0.25110495,2026-09-21,0.031088115865008925,0.027954117132207686,10.420742,0.098,0.167,0.05251
FRHC,Unknown,0.25110143,2026-09-21,0.048999024126912705,0.033050439285878516,10.420742,0.098,0.167,0.05251
WBD,Unknown,0.25108072,2026-09-21,0.6478609238951607,0.025360247785716526,10.420742,0.098,0.167,0.05251
TDIC,Unknown,0.25106183,2026-09-21,-0.996071794950045,0.023463462456651936,10.420742,0.098,0.167,0.05251
LWLG,Unknown,0.25091222,2026-09-21,0.49999993538791987,0.045042967952738634,10.420742,0.098,0.167,0.05251
RELY,Unknown,0.2508643,2026-09-21,0.25534374423236383,0.029079020227758982,10.420742,0.098,0.167,0.05251
CLPT,Healthcare,0.2508567,2026-09-21,0.24008804724309152,0.03463562087044519,-11.76569,0.181,0.167,-2.26521
DLPN,Unknown,0.25074723,2026-09-21,-0.13701617612364847,0.033001709294089576,10.420742,0.098,0.167,0.05251
CHRS,Healthcare,0.25072917,2026-09-21,-0.07843137713222958,0.0482287045099478,-2.2460318,0.395,0.167,-1.7839199
BUG,Unknown,0.25071502,2026-09-21,0.29951113955711994,0.039526144532281426,10.420742,0.098,0.167,0.05251
BTMD,Healthcare,0.25063652,2026-09-21,-0.600890185672189,0.03908348931353873,2.977778,-0.095,0.167,0.05251
LOVE,Unknown,0.25056416,2026-09-21,-0.24863088197951444,0.03858392146364911,10.420742,0.098,0.167,0.05251
SABS,Unknown,0.25045368,2026-09-21,0.23655917378304836,0.024129240125603253,10.420742,0.098,0.167,0.05251
VYGR,Unknown,0.25038794,2026-09-21,-0.3106903816524097,0.023495132453640936,10.420742,0.098,0.167,0.05251
ACFN,Technology,0.25037932,2026-09-21,-0.2641966545183261,0.046698588080330276,10.420742,-0.294,-0.581,0.19872999
CBLL,Healthcare,0.25034532,2026-09-21,0.935509446956234,0.019168345234430416,-15.063695,0.325,0.167,-0.43929002
NTRB,Unknown,0.25030413,2026-09-21,0.08815424880284972,0.06944996284331924,10.420742,0.098,0.167,0.05251
CRE,Industrials,0.25027815,2026-09-21,-0.6163428038690573,0.3876838931198216,10.420742,0.574,0.167,0.17207001
ARAY,Healthcare,0.25025412,2026-09-21,-0.8600574753199091,0.039026822016335436,-1.0087501,-0.209,0.167,-0.80076
ANIX,Healthcare,0.25020555,2026-09-21,-0.19881301502305937,0.026804494675459003,-8.758064,0.098,0.167,-0.73172
LZMH,Unknown,0.25017726,2026-09-21,-0.9823008850491106,0.039486600279228415,10.420742,0.098,0.167,0.05251
CRSP,Healthcare,0.2501599,2026-09-21,-0.06379090367416451,0.034179301406624396,-16.781422,10.414,0.167,-0.26095
INTA,Unknown,0.25013092,2026-09-21,-0.19479376735884946,0.02756597188736864,10.420742,0.098,0.167,0.05251
TMC,Unknown,0.25012863,2026-09-21,-0.2613756356567216,0.04139623684953083,10.420742,0.098,0.167,0.05251
NGEN,Unknown,0.25012413,2026-09-21,-0.23764257521063326,0.044436521071479294,10.420742,0.098,0.167,0.05251
FMFC,Unknown,0.2500517,2026-09-21,-0.9843553461654009,0.041156267161675406,10.420742,0.098,0.167,0.05251
KLTR,Unknown,0.25004527,2026-09-21,-0.21098266214599315,0.023208218760425236,10.420742,0.098,0.167,0.05251
OSPN,Unknown,0.2500375,2026-09-21,0.12511852551340774,0.025835107454972018,10.420742,0.098,0.167,0.05251
SIRI,Unknown,0.25000972,2026-09-21,0.2522593187063762,0.022613865729612746,10.420742,0.098,0.167,0.05251
ASPS,Real Estate,0.24996135,2026-09-21,-0.5085973090849776,0.019786896577821782,4.601695,0.17,0.167,0.05251
GAUZ,Unknown,0.24986805,2026-09-21,-0.9469645864858461,0.07924638204993444,10.420742,0.098,0.167,0.05251
WLTH,Unknown,0.24982247,2026-09-21,0.031088115865008925,0.042528742058655235,10.420742,0.098,0.167,0.05251
CTRM,Unknown,0.24981315,2026-09-21,-0.04954960905260297,0.04044581503220229,10.420742,0.098,0.167,0.05251
TSMG,Unknown,0.2497909,2026-09-21,1.1068974025728493,0.03673748509489277,10.420742,0.098,0.167,0.05251
RPRX,Unknown,0.24977733,2026-09-21,0.6728829246323933,0.016231308522814618,10.420742,0.098,0.167,0.05251
CTRN,Unknown,0.24967664,2026-09-21,0.6378497287969411,0.030920800106012787,10.420742,0.098,0.167,0.05251
AUTL,Healthcare,0.2496414,2026-09-21,0.43014708234828625,0.028391022287385555,-3.111934,1.184,0.167,-1.32995
NSIT,Unknown,0.24958599,2026-09-21,0.29007829432799537,0.027975315276614864,10.420742,0.098,0.167,0.05251
GALT,Unknown,0.24952176,2026-09-21,-0.13793100967701988,0.04342417062718625,10.420742,0.098,0.167,0.05251
IPDN,Unknown,0.24943669,2026-09-21,0.5812867443496743,8.055117095080552,10.420742,0.098,0.167,0.05251
ARCT,Healthcare,0.24942869,2026-09-21,-0.22757395082948761,0.05422682444868299,-4.218253,-0.895,0.167,-0.46307
PLXS,Unknown,0.24940827,2026-09-21,0.7601569658736891,0.019623524822406008,10.420742,0.098,0.167,0.05251
ASYS,Technology,0.24937826,2026-09-21,0.5852632020649158,0.03787014032916296,12.048,0.145,12.504,0.047810003
MOVE,Unknown,0.24937299,2026-09-21,1.477194613056247,0.08219075758453169,10.420742,0.098,0.167,0.05251
PLYX,Unknown,0.24931076,2026-09-21,0.031088115865008925,0.03864137878598274,10.420742,0.098,0.167,0.05251
SENEA,Unknown,0.24928038,2026-09-21,0.7752754667915962,0.02316586420962161,10.420742,0.098,0.167,0.05251
JF,Unknown,0.24901916,2026-09-21,0.051170207214279895,0.024379622552893256,10.420742,0.098,0.167,0.05251
TSUI,Unknown,0.2490099,2026-09-21,0.031088115865008925,0.07347570313333911,10.420742,0.098,0.167,0.05251
BIB,Unknown,0.24900843,2026-09-21,0.9398729936486401,0.02610853704300663,10.420742,0.098,0.167,0.05251
PBRG,Unknown,0.24900778,2026-09-21,0.031088115865008925,0.04927784948677474,10.420742,0.098,0.167,0.05251
HBIO,Unknown,0.24892455,2026-09-21,0.6687499813735494,0.014403141709846079,10.420742,0.098,0.167,0.05251
STRO,Unknown,0.24879928,2026-09-21,0.8111110263400607,0.03140482989389371,10.420742,0.098,0.167,0.05251
CRESY,Industrials,0.24872155,2026-09-21,0.5779385801047694,0.027600365030827394,78.703705,0.083,-0.503,0.12184
OPTH,Unknown,0.2487145,2026-09-21,0.031088115865008925,0.038172435733480954,10.420742,0.098,0.167,0.05251
LIMN,Unknown,0.24871418,2026-09-21,-0.9437984496124031,0.041970757144449714,10.420742,0.098,0.167,0.05251
PHVS,Unknown,0.24867713,2026-09-21,0.4822737833307995,0.02563741939479426,10.420742,0.098,0.167,0.05251
ALGN,Healthcare,0.2486502,2026-09-21,0.11842797073885358,0.017372374974979714,11.814911,0.043,-0.121,0.10155
HBR,Unknown,0.24857344,2026-09-21,0.031088115865008925,0.045488569900938546,10.420742,0.098,0.167,0.05251
NCI,Unknown,0.24850033,2026-09-21,-0.13705582589102283,0.0502584539925138,10.420742,0.098,0.167,0.05251
DLLL,Unknown,0.24849786,2026-09-21,10.11127334418463,0.11024556838984807,10.420742,0.098,0.167,0.05251
AMZZ,Unknown,0.24826875,2026-09-21,0.04379343812171732,0.035110093584052836,10.420742,0.098,0.167,0.05251
SLXN,Healthcare,0.24819973,2026-09-21,-0.9851135725772074,0.0969130649631807,-0.8575,0.098,0.167,0.05251
NEGG,Unknown,0.24819277,2026-09-21,-0.7023425586756695,0.03553131046053047,10.420742,0.098,0.167,0.05251
AMPG,Technology,0.24817456,2026-09-21,-0.17391299840858476,0.03627251108351967,6.352037,-0.268,0.167,-0.19391
AIIOW,,0.24806137,2026-09-21,0.031088115865008925,0.022835687632255523,10.420742,95.278,0.167,-15.52442
SEED,Unknown,0.24805893,2026-09-21,-0.1637168169600428,0.02263155518248693,10.420742,0.098,0.167,0.05251
BMM,Basic Materials,0.24802843,2026-09-21,0.031088115865008925,0.0455235901333459,-22.147026,0.098,0.167,-0.32316002
GO,Unknown,0.24799818,2026-09-21,-0.33559221716305876,0.026582737865836325,10.420742,0.098,0.167,0.05251
SOXQ,Unknown,0.24793014,2026-09-21,0.989792569619147,0.02555698063333081,10.420742,0.098,0.167,0.05251
BNCWW,,0.2478625,2026-09-21,0.031088115865008925,0.022835687632255523,10.420742,-0.046,0.167,0.70888
BNCWZ,,0.2478625,2026-09-21,0.031088115865008925,0.022835687632255523,10.420742,-0.046,0.167,0.70888
QCMD,Unknown,0.24784294,2026-09-21,-0.3269096430662243,0.030873970176244447,10.420742,0.098,0.167,0.05251
XRPT,Unknown,0.2477594,2026-09-21,-0.8946116667330235,0.11539194286001259,10.420742,0.098,0.167,0.05251
VUZI,Unknown,0.24769889,2026-09-21,0.22857140076751326,0.037955623937571674,10.420742,0.098,0.167,0.05251
KLRS,Unknown,0.24764319,2026-09-21,-0.24829155975394335,0.026120975122669938,10.420742,0.098,0.167,0.05251
BAOS,Communication Services,0.24762371,2026-09-21,-0.9186461522028997,0.08268522317869181,10.420742,-0.505,0.167,-1.32755
NTRA,Unknown,0.24758063,2026-09-21,1.0646057771475328,0.021821933904347442,10.420742,0.098,0.167,0.05251
NXPL,Unknown,0.24756841,2026-09-21,0.1656249761581421,0.025876143201431258,10.420742,0.098,0.167,0.05251
AAPU,Unknown,0.24746004,2026-09-21,0.7541221673117975,0.02698628614375554,10.420742,0.098,0.167,0.05251
SDGR,Unknown,0.2474455,2026-09-21,0.5511450449847941,0.0740670646057373,10.420742,0.098,0.167,0.05251
MDBH,Unknown,0.24743487,2026-09-21,-0.2478872923500074,0.034020274091248116,10.420742,0.098,0.167,0.05251
CLAR,Consumer Cyclical,0.2474059,2026-09-21,-0.036182282994251413,0.01783705570417523,20.85617,0.016,0.167,-0.14867
FWRG,Unknown,0.24730934,2026-09-21,-0.3888217379208354,0.03077538924920466,10.420742,0.098,0.167,0.05251
EDTK,Unknown,0.24729802,2026-09-21,0.009708728874782357,0.030567959804845155,10.420742,0.098,0.167,0.05251
STKH,Unknown,0.24727997,2026-09-21,-0.8715901542357258,0.03924508399084998,10.420742,0.098,0.167,0.05251
SKWD,Financial Services,0.24724455,2026-09-21,0.18020466022350035,0.014284609335014811,10.257384,0.53,0.151,0.17337999
ROC,Unknown,0.24720389,2026-09-21,0.031088115865008925,0.02548892028915103,10.420742,0.098,0.167,0.05251
CRGOW,,0.24716932,2026-09-21,0.031088115865008925,0.022835687632255523,10.420742,0.034,0.167,-0.39426
MRNA,Unknown,0.24708492,2026-09-21,5.813163028464835,0.059887542528458376,10.420742,0.098,0.167,0.05251
ACRV,Healthcare,0.24695061,2026-09-21,0.20658692017081903,0.045349557294282236,-1.1839763,0.098,0.167,-0.64627
SGML,Unknown,0.24691604,2026-09-21,0.7340067494131652,0.05536852718970414,10.420742,0.098,0.167,0.05251
LGND,Unknown,0.24687177,2026-09-21,0.7009067133010762,0.014918450405621475,10.420742,0.098,0.167,0.05251
CRL,Healthcare,0.24678984,2026-09-21,0.7714982081444939,0.0166468177766707,21.932022,-0.027,0.167,-0.07516
BOEG,Unknown,0.24677983,2026-09-21,-0.3106260505028625,0.02962276558701348,10.420742,0.098,0.167,0.05251
CDTG,Industrials,0.24676014,2026-09-21,-0.9448888884650336,0.13108563644082816,10.420742,-0.361,0.167,-0.30454
WEN,Unknown,0.24675801,2026-09-21,-0.237254781378759,0.04043537667663589,10.420742,0.098,0.167,0.05251
TLSI,Unknown,0.24674025,2026-09-21,0.028455256974518672,0.025084826651312807,10.420742,0.098,0.167,0.05251
ABVX,Healthcare,0.24673079,2026-09-21,0.24288802308654311,0.028022325433920383,-30.935268,0.352,0.167,-1.5706799
DE,Industrials,0.2467291,2026-09-21,0.4671659845642211,0.01829187688300964,30.433437,0.049,0.074,0.18242
PTRN,Unknown,0.24671541,2026-09-21,0.031088115865008925,0.020654501249915417,10.420742,0.098,0.167,0.05251
TXXD,Unknown,0.24664015,2026-09-21,0.031088115865008925,0.10056613164024107,10.420742,0.098,0.167,0.05251
GANX,Unknown,0.2466283,2026-09-21,0.08235293045175962,0.029151917898046775,10.420742,0.098,0.167,0.05251
ELIL,Unknown,0.24662685,2026-09-21,0.8842312169125546,0.02373129921521913,10.420742,0.098,0.167,0.05251
QUIK,Unknown,0.24653304,2026-09-21,0.7702478843799974,0.022522242209056232,10.420742,0.098,0.167,0.05251
WNW,Unknown,0.24641606,2026-09-21,-0.9870855617013207,0.09273066267822971,10.420742,0.098,0.167,0.05251
KIDS,Unknown,0.24638885,2026-09-21,0.10914965828963474,0.022005549060500132,10.420742,0.098,0.167,0.05251
ACET,Healthcare,0.24633184,2026-09-21,-0.3094135969968089,0.03893981981956058,-2.220297,0.098,0.167,-0.78083
HECO,Unknown,0.24631181,2026-09-21,0.6501329283028927,0.03284676545479248,10.420742,0.098,0.167,0.05251
ZVRA,Unknown,0.24630818,2026-09-21,0.4741813399688566,0.02221492764718486,10.420742,0.098,0.167,0.05251
AMZN,Consumer Cyclical,0.2462988,2026-09-21,0.12139425067716947,0.017261029586122807,24.999447,0.196,2.423,0.30558002
TRIB,Unknown,0.24626605,2026-09-21,-0.7975206595285937,0.03261208291152659,10.420742,0.098,0.167,0.05251
ADUR,Industrials,0.24626209,2026-09-21,-0.03752842314682603,0.023927502253645778,-29.292614,-1.0,0.167,-1.28936
CLFD,Technology,0.24623807,2026-09-21,-0.09979629049814043,0.029718290995075686,34.491623,0.132,1.041,0.01561
SQQQ,Unknown,0.24622835,2026-09-21,-0.5372962299109737,0.031704122773623646,10.420742,0.098,0.167,0.05251
MVLL,Unknown,0.24614052,2026-09-21,4.595659401799332,0.08974599274422079,10.420742,0.098,0.167,0.05251
AUUD,Technology,0.24613582,2026-09-21,-0.9216355182201396,0.06010230362204915,-0.6631579,0.098,0.167,-1.42004
UPB,Unknown,0.24612387,2026-09-21,-0.6873190531422435,0.03391073235162754,10.420742,0.098,0.167,0.05251
EVLV,Unknown,0.24600941,2026-09-21,-0.39338236497210266,0.017661449639672692,10.420742,0.098,0.167,0.05251
NTLA,Unknown,0.24598734,2026-09-21,-0.23370578526878105,0.029727192378130204,10.420742,0.098,0.167,0.05251
CDIOW,,0.2459471,2026-09-17,0.031088115865008925,0.022835687632255523,10.420742,-0.283,0.167,-0.75442004
RGTI,Unknown,0.24582492,2026-09-21,-0.33548905876507273,0.03975439951624377,10.420742,0.098,0.167,0.05251
FIEE,Unknown,0.24581459,2026-09-21,0.42704637385696964,0.03972924599850023,10.420742,0.098,0.167,0.05251
CDROW,,0.24564889,2026-09-21,0.031088115865008925,0.022835687632255523,10.420742,0.066,0.158,0.04894
QDEL,Unknown,0.24559648,2026-09-21,-0.6321452701890193,0.03158577105612892,10.420742,0.098,0.167,0.05251
BETRW,,0.24556677,2026-09-21,0.031088115865008925,0.022835687632255523,10.420742,0.282,0.167,-2.50422
ELVN,Unknown,0.245549,2026-09-21,1.443161965829884,0.024463955362080524,10.420742,0.098,0.167,0.05251
DMRA,Unknown,0.24544394,2026-09-21,6.963414792187048,0.04647419931820173,10.420742,0.098,0.167,0.05251
AEYE,Technology,0.24543478,2026-09-21,-0.48092444975336357,0.03650521782286045,6.2017546,0.087,0.167,-0.86739
DKNG,Unknown,0.2454024,2026-09-21,-0.48799075134120085,0.029102702073457245,10.420742,0.098,0.167,0.05251
KRKR,Unknown,0.24539034,2026-09-21,-0.5970511090682178,0.018094480823547407,10.420742,0.098,0.167,0.05251
EPSM,Unknown,0.2453795,2026-09-21,-0.9652874185430738,0.03682819184617582,10.420742,0.098,0.167,0.05251
LPCN,Unknown,0.24533717,2026-09-21,-0.21174378673534022,0.0256736741492266,10.420742,0.098,0.167,0.05251
EFOI,Unknown,0.24527775,2026-09-21,-0.08166662851969397,0.025262657996940056,10.420742,0.098,0.167,0.05251
BABU,Unknown,0.24525896,2026-09-21,0.031088115865008925,0.038662856953231205,10.420742,0.098,0.167,0.05251
LTCC,Unknown,0.24519467,2026-09-21,0.031088115865008925,0.03450874108743319,10.420742,0.098,0.167,0.05251
OCTV,Unknown,0.24512893,2026-09-21,0.031088115865008925,0.0314015356645344,10.420742,0.098,0.167,0.05251
FTRE,Unknown,0.24503458,2026-09-21,0.8638498678377489,0.037251278663529765,10.420742,0.098,0.167,0.05251
CODA,Industrials,0.24503131,2026-09-21,0.3571428241551613,0.02231249674316905,26.023254,0.092,0.091,0.08405
GEMG,Unknown,0.24495909,2026-09-21,0.031088115865008925,0.1790672180691632,10.420742,0.098,0.167,0.05251
SOLC,Unknown,0.24494112,2026-09-21,0.031088115865008925,0.05078275192830434,10.420742,0.098,0.167,0.05251
XRAY,Unknown,0.24492426,2026-09-21,-0.27053547724350446,0.02842931004357534,10.420742,0.098,0.167,0.05251
WDC,Unknown,0.24478759,2026-09-21,3.234704366797593,0.03144302177525253,10.420742,0.098,0.167,0.05251
INTW,Unknown,0.24478632,2026-09-21,6.828243340544384,0.08918736744747012,10.420742,0.098,0.167,0.05251
CDRO,Consumer Cyclical,0.24463178,2026-09-21,0.3290415259007857,0.022370045922167507,15.081169,0.066,0.158,0.04894
EWTX,Unknown,0.24459356,2026-09-21,1.887958740842838,0.021931192329942593,10.420742,0.098,0.167,0.05251
SCLX,Unknown,0.24453886,2026-09-21,-0.6701628970441236,0.028167319613984963,10.420742,0.098,0.167,0.05251
RPGL,Unknown,0.24452169,2026-09-21,0.031088115865008925,0.10615561444385962,10.420742,0.098,0.167,0.05251
MNRO,Unknown,0.24450818,2026-09-21,-0.23929768547084262,0.0466606800621068,10.420742,0.098,0.167,0.05251
NOEMU,Unknown,0.24449347,2026-09-18,0.17702449479282145,0.04189542597563648,10.420742,0.098,0.167,0.05251
IREG,Unknown,0.24449159,2026-09-21,0.031088115865008925,0.10696389338988374,10.420742,0.098,0.167,0.05251
PENG,Unknown,0.24433725,2026-09-21,0.9953000336647726,0.042362300062845346,10.420742,0.098,0.167,0.05251
DECO,Unknown,0.24427497,2026-09-18,0.6867694294744204,0.033874398933394625,10.420742,0.098,0.167,0.05251
SPRC,Unknown,0.24415258,2026-09-21,-0.8919952175453111,0.045669849628293104,10.420742,0.098,0.167,0.05251
GLOO,Unknown,0.24414192,2026-09-21,0.031088115865008925,0.07886682670292947,10.420742,0.098,0.167,0.05251
GIBO,Unknown,0.24412279,2026-09-21,-0.5192673791459193,0.030414949255936432,10.420742,0.098,0.167,0.05251
GRI,Unknown,0.24408756,2026-09-21,-0.963915617789647,0.10969643086458718,10.420742,0.098,0.167,0.05251
LFUS,Unknown,0.24402647,2026-09-21,0.5559699802515032,0.026805017611508185,10.420742,0.098,0.167,0.05251
PN,Unknown,0.24401906,2026-09-21,-0.8384253862492943,0.06599775126222515,10.420742,0.098,0.167,0.05251
RGTZ,Unknown,0.24395467,2026-09-21,0.031088115865008925,0.07748469688260663,10.420742,0.098,0.167,0.05251
IBKR,Unknown,0.24385673,2026-09-21,0.45220576433578064,0.027915095047400192,10.420742,0.098,0.167,0.05251
XMTR,Unknown,0.24382469,2026-09-21,0.9048255228929127,0.03421531151708131,10.420742,0.098,0.167,0.05251
OPAL,Unknown,0.2438115,2026-09-21,-0.09722223601959312,0.02781305058747196,10.420742,0.098,0.167,0.05251
IMOS,Unknown,0.24381065,2026-09-21,2.403000537881414,0.036685307955326214,10.420742,0.098,0.167,0.05251
LNKS,Unknown,0.24379294,2026-09-21,-0.9932173911384914,0.0475284461418961,10.420742,0.098,0.167,0.05251
COPJ,Unknown,0.24378605,2026-09-21,0.7897520168697805,0.02797180795366307,10.420742,0.098,0.167,0.05251
YYGH,Unknown,0.243778,2026-09-11,0.031088115865008925,0.20823640456757148,10.420742,0.098,0.167,0.05251
GLND,Unknown,0.24372874,2026-09-21,0.031088115865008925,0.32428068336479154,10.420742,0.098,0.167,0.05251
CALC,Healthcare,0.24364331,2026-09-21,-0.8797009312852964,0.06818538380656439,-1.1901841,0.098,0.167,-3.6570199
XCH,Unknown,0.24360202,2026-09-21,-0.8800448426497977,0.0414932896871638,10.420742,0.098,0.167,0.05251
OSS,Unknown,0.24357669,2026-09-21,0.3740795252022133,0.0345164428636812,10.420742,0.098,0.167,0.05251
BX,Financial Services,0.24355161,2026-09-21,-0.3016390582841263,0.01768236084224046,16.911383,0.286,0.573,0.31374002
COPP,Unknown,0.2435491,2026-09-21,0.6939258000982849,0.026492222714814977,10.420742,0.098,0.167,0.05251
OKUR,Unknown,0.2435117,2026-09-21,0.2278226019657612,0.022622788485607306,10.420742,0.098,0.167,0.05251
CARZ,Unknown,0.243481,2026-09-21,0.553318888699941,0.016027090723659706,10.420742,0.098,0.167,0.05251
MTEX,Unknown,0.24347071,2026-09-21,-0.031499977634065646,0.07838356018739749,10.420742,0.098,0.167,0.05251
SIFY,Unknown,0.24334931,2026-09-21,0.1796728001045842,0.022476906647813624,10.420742,0.098,0.167,0.05251
SIEB,Unknown,0.24334335,2026-09-21,-0.2834395143854097,0.05084204851617048,10.420742,0.098,0.167,0.05251
BBOT,Healthcare,0.24333923,2026-09-21,-0.5651571112375626,0.0688472329784613,-1.7012501,0.098,0.167,-0.81922996
NUE,Unknown,0.24329507,2026-09-21,0.8320065205934901,0.022072997671588688,10.420742,0.098,0.167,0.05251
HLMN,Unknown,0.24328658,2026-09-21,-0.2673823969853749,0.0218048345263871,10.420742,0.098,0.167,0.05251
TEKX,Unknown,0.24327984,2026-09-21,0.7290731189139084,0.03482742717695443,10.420742,0.098,0.167,0.05251
JAZZ,Unknown,0.24319994,2026-09-21,0.8430512785559992,0.01842380524153032,10.420742,0.098,0.167,0.05251
DSGN,Unknown,0.24316241,2026-09-21,0.9975999450683595,0.03326735806313359,10.420742,0.098,0.167,0.05251
KYTX,Unknown,0.2430678,2026-09-21,0.43221545957391894,0.031010656335275666,10.420742,0.098,0.167,0.05251
NVTS,Unknown,0.24295141,2026-09-21,0.8060920800182345,0.044101625527637925,10.420742,0.098,0.167,0.05251
JVA,Unknown,0.24291824,2026-09-21,-0.2035784691071475,0.03557367265534733,10.420742,0.098,0.167,0.05251
DRVN,Unknown,0.2429094,2026-09-21,-0.2770870053654204,0.024184510297756107,10.420742,0.098,0.167,0.05251
JRVR,Unknown,0.24290225,2026-09-21,-0.2988064730080513,0.01844954802788498,10.420742,0.098,0.167,0.05251
QQQA,Unknown,0.24283892,2026-09-21,0.5205436273131954,0.014690873375494101,10.420742,0.098,0.167,0.05251
FIGG,Unknown,0.24283841,2026-09-21,0.031088115865008925,0.08644441710363086,10.420742,0.098,0.167,0.05251
CHPS,Unknown,0.24277845,2026-09-21,1.2658512952644498,0.025200957231095777,10.420742,0.098,0.167,0.05251
LIF,Unknown,0.24277297,2026-09-21,-0.6016201212916799,0.024859715192932466,10.420742,0.098,0.167,0.05251
BRKR,Healthcare,0.24270783,2026-09-21,0.8671857175844948,0.038167544974915514,25.928032,0.052,0.167,-0.029979998
SKIN,Consumer Defensive,0.24270736,2026-09-21,-0.7172573814194457,0.033317998846327905,3.5526316,-0.078,0.167,-0.43889
TWFG,Unknown,0.24268891,2026-09-21,0.023752984007644473,0.031137759438632638,10.420742,0.098,0.167,0.05251
FRMI,Unknown,0.24262413,2026-09-21,0.031088115865008925,0.05398643644873004,10.420742,0.098,0.167,0.05251
BDMD,Healthcare,0.24261619,2026-09-21,-0.6589883203651867,0.04676095452665534,6.2949996,0.246,0.167,-0.46030998
NIPG,Unknown,0.24256562,2026-09-21,-0.7566648679550956,0.0961106170434553,10.420742,0.098,0.167,0.05251
AKTS,Healthcare,0.24256107,2026-09-21,0.031088115865008925,0.03262799557530868,-9.894489,1.114,0.167,0.05251
GLSI,Unknown,0.24249023,2026-09-21,0.6386481724368784,0.06323621739795444,10.420742,0.098,0.167,0.05251
ASO,Consumer Cyclical,0.24242614,2026-09-21,0.0242352938181305,0.043920196564677806,6.9562206,0.03,0.173,0.18613
VBNK,Unknown,0.24236225,2026-09-21,0.7979054469924232,0.03278833872958419,10.420742,0.098,0.167,0.05251
VAVX,Unknown,0.24222432,2026-09-21,0.031088115865008925,0.0801451034244989,10.420742,0.098,0.167,0.05251
NAVI,Unknown,0.24210425,2026-09-21,-0.22444562324784245,0.021659926070772433,10.420742,0.098,0.167,0.05251
TMCR,Unknown,0.24210326,2026-09-21,0.031088115865008925,0.04319586089916982,10.420742,0.098,0.167,0.05251
RGNX,Unknown,0.24205926,2026-09-21,-0.15277776504174212,0.06798578792937343,10.420742,0.098,0.167,0.05251
COLAU,Financial Services,0.24205694,2026-09-18,0.06697676902593575,0.027721465614516827,10.420742,0.098,-0.657,6.9629602
HDL,Unknown,0.24203232,2026-09-21,-0.3622340288460114,0.02221596979425862,10.420742,0.098,0.167,0.05251
IPX,Unknown,0.24201928,2026-09-21,-0.5188379459336376,0.04924614933480526,10.420742,0.098,0.167,0.05251
ESTA,Unknown,0.24196765,2026-09-21,0.6929717094331398,0.024637667171916882,10.420742,0.098,0.167,0.05251
FKWL,Unknown,0.2419211,2026-09-21,-0.4047168730176659,0.016518924512956685,10.420742,0.098,0.167,0.05251
NEXN,Unknown,0.24181302,2026-09-21,-0.0555555046114129,0.019256581991424233,10.420742,0.098,0.167,0.05251
NVEC,Unknown,0.24178609,2026-09-21,0.6304413854889053,0.023477889420103076,10.420742,0.098,0.167,0.05251
ACONW,,0.24172525,2026-09-21,0.031088115865008925,0.022835687632255523,10.420742,0.305,0.167,-0.58966
TGT,Unknown,0.24163783,2026-09-21,0.8379105716498769,0.018601697602931105,10.420742,0.098,0.167,0.05251
ALAR,Technology,0.24162608,2026-09-21,-0.8760631788991144,0.08576078591029739,15.692308,0.642,0.0,0.03765
BESO,Unknown,0.24154375,2026-09-18,0.031088115865008925,0.03447637848728462,10.420742,0.098,0.167,0.05251
AVAV,Industrials,0.24152061,2026-09-21,-0.428713625313515,0.032459441555220604,36.24518,0.057,0.167,-0.04597
FBIO,Unknown,0.24149169,2026-09-21,-0.3230056118108816,0.01704434898288512,10.420742,0.098,0.167,0.05251
GRAG,Unknown,0.24147423,2026-09-21,0.031088115865008925,0.050883604431223806,10.420742,0.098,0.167,0.05251
WPRT,Unknown,0.24143203,2026-09-21,-0.14662223392062712,0.022395096323089978,10.420742,0.098,0.167,0.05251
WULF,Unknown,0.24141651,2026-09-21,0.5680393258743537,0.052642896866871125,10.420742,0.098,0.167,0.05251
DFSCW,,0.24138467,2026-09-21,0.031088115865008925,0.022835687632255523,10.420742,0.92,0.167,-1.8776801
PRPO,Unknown,0.24137984,2026-09-21,0.5128059411142738,0.02823574635809595,10.420742,0.098,0.167,0.05251
AUDC,Technology,0.24120627,2026-09-21,0.08166449293764066,0.026805740282398613,16.296875,0.031,0.894,0.04231
ALOT,Technology,0.24117868,2026-08-28,0.031088115865008925,0.022835687632255523,82.828575,0.044,0.167,-0.01749
VOD,Unknown,0.24113044,2026-09-21,0.5511456252202975,0.014009190107823128,10.420742,0.098,0.167,0.05251
PRHIZ,Unknown,0.24108107,2026-09-21,0.031088115865008925,0.06368238113335489,10.420742,0.098,0.167,0.05251
BDRX,Healthcare,0.2410033,2026-09-21,-0.9798159502095393,0.2514167556272513,10.420742,0.098,0.167,-0.41997
JACK,Unknown,0.24097988,2026-09-21,-0.2870026892097395,0.03657373436884312,10.420742,0.098,0.167,0.05251
MLAB,Unknown,0.24096848,2026-09-21,0.9099389035272987,0.021349078386748814,10.420742,0.098,0.167,0.05251
WSHP,Unknown,0.24081375,2026-09-21,0.031088115865008925,0.08603114571896146,10.420742,0.098,0.167,0.05251
AMZU,Unknown,0.24075764,2026-09-21,0.009777039981004432,0.03412392543003593,10.420742,0.098,0.167,0.05251
SYRE,Unknown,0.24071133,2026-09-21,4.995104637745683,0.0340396790919259,10.420742,0.098,0.167,0.05251
HOOD,Unknown,0.2406965,2026-09-21,0.025762945739995047,0.05556008551136378,10.420742,0.098,0.167,0.05251
AMPGZ,,0.24067335,2026-09-21,0.031088115865008925,0.022835687632255523,10.420742,-0.268,0.167,-0.19391
AMPGR,,0.24067335,2026-07-20,0.031088115865008925,0.022835687632255523,10.420742,-0.268,0.167,-0.19391
BOEU,Unknown,0.24044934,2026-09-21,-0.3008125963357644,0.02942081186139974,10.420742,0.098,0.167,0.05251
ANGHW,,0.24037732,2026-09-21,0.031088115865008925,0.022835687632255523,10.420742,0.053,0.167,-2.11584
INTG,Unknown,0.24035487,2026-09-21,0.9446436792217001,0.026015533296438017,10.420742,0.098,0.167,0.05251
PALD,Unknown,0.24033704,2026-09-21,-0.527174199843722,0.05094109151708629,10.420742,0.098,0.167,0.05251
AIAI,Industrials,0.24033165,2026-09-21,0.031088115865008925,0.08419226016984716,10.420742,0.098,0.167,0.05251
CUE,Unknown,0.24026176,2026-09-21,0.1977168949374002,0.09705543748127787,10.420742,0.098,0.167,0.05251
HFFG,Unknown,0.24023323,2026-09-21,-0.5481049789652954,0.014263607544269863,10.420742,0.098,0.167,0.05251
VEON,Unknown,0.24018161,2026-09-21,0.3199886086197281,0.02331774454283068,10.420742,0.098,0.167,0.05251
GDEV,Unknown,0.24008268,2026-09-21,-0.3250883187810941,0.03368504049342,10.420742,0.098,0.167,0.05251
IPWR,Unknown,0.24006794,2026-09-21,-0.21906502502979908,0.04120459647564254,10.420742,0.098,0.167,0.05251
ARBEW,,0.2400643,2026-09-21,0.031088115865008925,0.022835687632255523,10.420742,1.566,0.167,-0.8318
TSLS,Unknown,0.24002525,2026-09-21,-0.032066795609150045,0.029645812724300256,10.420742,0.098,0.167,0.05251
KPRX,Unknown,0.23989038,2026-09-21,0.01093928465433347,0.02705009307012487,10.420742,0.098,0.167,0.05251
VIR,Unknown,0.23987733,2026-09-21,1.0974903728139478,0.032188398631295675,10.420742,0.098,0.167,0.05251
MSFU,Unknown,0.23982017,2026-09-21,-0.1965238552559576,0.028418970123324457,10.420742,0.098,0.167,0.05251
ORCX,Unknown,0.23980008,2026-09-21,-0.8403995510991635,0.06468032363802502,10.420742,0.098,0.167,0.05251
WATT,Unknown,0.23979323,2026-09-21,0.7199999491373699,0.040100769964130034,10.420742,0.098,0.167,0.05251
EVCM,Unknown,0.23979087,2026-09-21,-0.3186497071525022,0.06305954878390889,10.420742,0.098,0.167,0.05251
XNDU,Unknown,0.23978747,2026-09-21,0.031088115865008925,0.030387697111329114,10.420742,0.098,0.167,0.05251
CCXI,Financial Services,0.2396798,2026-09-21,0.031088115865008925,0.033108488703443434,10.420742,0.098,0.167,0.05251
BZAIW,,0.23965825,2026-09-21,0.031088115865008925,0.022835687632255523,10.420742,5.047,0.167,-4.26625
JLHL,Unknown,0.2396069,2026-09-21,0.341346184706548,0.04341142690809531,10.420742,0.098,0.167,0.05251
IONX,Unknown,0.23960324,2026-09-21,-0.8859022697651253,0.08955879029653128,10.420742,0.098,0.167,0.05251
SUIS,Unknown,0.23959363,2026-09-21,0.031088115865008925,0.07289482443057124,10.420742,0.098,0.167,0.05251
SMMT,Unknown,0.23958449,2026-09-21,-0.11986481331490062,0.051587379408148844,10.420742,0.098,0.167,0.05251
PVLA,Unknown,0.23956552,2026-09-21,1.6119580677938372,0.018988988779930584,10.420742,0.098,0.167,0.05251
BDMDW,,0.23955901,2026-09-21,0.031088115865008925,0.022835687632255523,10.420742,0.246,0.167,-0.46030998
ALEC,Healthcare,0.23952784,2026-09-21,-0.38178917826487957,0.053760397327062316,-2.5881374,-0.578,0.167,-3.85112
MGX,Unknown,0.23951216,2026-09-21,-0.47429909119075697,0.013970636078812389,10.420742,0.098,0.167,0.05251
HUT,Unknown,0.23949945,2026-09-21,1.8001603846455683,0.05629084228972138,10.420742,0.098,0.167,0.05251
TRDA,Unknown,0.23948704,2026-09-21,0.1801981305578375,0.04285660677499306,10.420742,0.098,0.167,0.05251
UECG,Unknown,0.2394622,2026-09-21,0.031088115865008925,0.07034461508244208,10.420742,0.098,0.167,0.05251
NFXS,Unknown,0.23941086,2026-09-21,0.532697162658905,0.024827219205216654,10.420742,0.098,0.167,0.05251
ODYS,Unknown,0.23938517,2026-09-21,-0.10498684067093111,0.03602927905196266,10.420742,0.098,0.167,0.05251
UUUG,Unknown,0.23938015,2026-09-21,0.031088115865008925,0.07037482942970444,10.420742,0.098,0.167,0.05251
TELO,Unknown,0.23937528,2026-09-21,-0.1214285428426699,0.03128020486591353,10.420742,0.098,0.167,0.05251
BCAR,Financial Services,0.2393537,2026-09-18,0.031088115865008925,0.09631920930444042,10.420742,0.098,0.167,0.05251
PLTK,Unknown,0.23935276,2026-09-21,-0.322547398046542,0.02671954820400712,10.420742,0.098,0.167,0.05251
AGMH,Technology,0.23934941,2026-09-21,-0.6466367798823474,0.08892147493237132,10.420742,-0.637,-0.958,0.01893
BCGWW,,0.2392926,2026-09-15,0.031088115865008925,0.022835687632255523,10.420742,0.123,0.167,0.22427
ELE,Unknown,0.23927554,2026-09-21,0.33439918120212764,0.029661974226158273,10.420742,0.098,0.167,0.05251
ICOP,Unknown,0.23925573,2026-09-21,0.6378272606773225,0.022705357954619265,10.420742,0.098,0.167,0.05251
LULG,Unknown,0.23922761,2026-09-21,0.031088115865008925,0.09283506680535926,10.420742,0.098,0.167,0.05251
AIFF,Technology,0.23915313,2026-09-21,-0.5791245831789031,0.09152967730881176,10.420742,0.719,0.167,-0.68057
WFCF,Unknown,0.23910615,2026-09-18,-0.1612167260120443,0.04648586376040669,10.420742,0.098,0.167,0.05251
DAVE,Unknown,0.23900138,2026-09-21,0.5464442232656876,0.04121570262971819,10.420742,0.098,0.167,0.05251
COTG,Unknown,0.23897755,2026-09-21,-0.22932120142142554,0.02294316163443968,10.420742,0.098,0.167,0.05251
BLIN,Technology,0.2389455,2026-09-21,-0.33451129436277216,0.021011649296885863,6.9166665,0.02,0.167,-0.14222999
CEVA,Technology,0.23871273,2026-09-21,0.22456343512762644,0.03347951778285179,40.174957,0.131,0.167,-0.03622
INDI,Unknown,0.23865929,2026-09-21,-0.15039576226383666,0.035858392112714854,10.420742,0.098,0.167,0.05251
ADBE,Technology,0.23850662,2026-09-21,-0.32134106928128225,0.02888906159874614,9.004715,0.129,0.105,0.61902
XFOR,Unknown,0.23849314,2026-09-21,0.09722223959668996,0.0379378526524023,10.420742,0.098,0.167,0.05251
BEAM,Healthcare,0.23849274,2026-09-21,0.0027888324207316906,0.04190312290577378,-5.27801,-0.942,0.167,-0.08184
HTLD,Unknown,0.23844685,2026-09-21,0.376155987635689,0.019004146675675324,10.420742,0.098,0.167,0.05251
PDEX,Unknown,0.2383823,2026-09-21,1.0713464751635868,0.060599271733647146,10.420742,0.098,0.167,0.05251
CREX,Technology,0.23824884,2026-09-21,0.13801723088116735,0.03728946343327116,12.572381,0.65,0.167,-0.54964
PWP,Unknown,0.23823923,2026-09-21,-0.4107067070766619,0.027872040440498055,10.420742,0.098,0.167,0.05251
TTD,Unknown,0.23820029,2026-09-21,-0.6802845409850273,0.026451841762367947,10.420742,0.098,0.167,0.05251
CHRD,Energy,0.23818554,2026-09-21,0.40109823047949633,0.023778244029219162,9.012335,0.841,0.167,0.10312
IZEA,Unknown,0.23812634,2026-09-21,-0.2587412419520393,0.01824508084865373,10.420742,0.098,0.167,0.05251
SWAG,Unknown,0.23808481,2026-09-21,-0.18270273230910006,0.020519640827966548,10.420742,0.098,0.167,0.05251
PSNYW,Unknown,0.23806812,2026-09-21,0.031088115865008925,0.15454056692943974,10.420742,0.098,0.167,0.05251
WRLD,Unknown,0.23799166,2026-09-21,-0.010392321552418204,0.021630209117766423,10.420742,0.098,0.167,0.05251
DGNX,Industrials,0.23792183,2026-09-21,-0.9843195922501109,0.053767946761269336,10.420742,0.033,0.167,-2.5042799
AERTW,,0.2377165,2026-09-03,0.031088115865008925,0.022835687632255523,10.420742,0.43,0.053,0.05251
LXEO,Unknown,0.23770377,2026-09-21,-0.2536630438105053,0.022593005775426545,10.420742,0.098,0.167,0.05251
BPACR,,0.23768432,2026-08-26,0.031088115865008925,0.022835687632255523,10.420742,0.098,0.167,0.05251
RCMT,Unknown,0.23766245,2026-09-21,0.4808985173261011,0.021002577409277023,10.420742,0.098,0.167,0.05251
NUCL,Unknown,0.23765074,2026-09-21,0.031088115865008925,0.025876791810784,10.420742,0.098,0.167,0.05251
ESCA,Unknown,0.2375521,2026-09-21,0.5582243743819804,0.014296334677747618,10.420742,0.098,0.167,0.05251
PSCT,Unknown,0.23747358,2026-09-21,0.5076642912959297,0.015453995255883748,10.420742,0.098,0.167,0.05251
MXL,Unknown,0.23741917,2026-09-21,4.161676228155434,0.05871272749703768,10.420742,0.098,0.167,0.05251
SOUX,Unknown,0.23739547,2026-09-21,-0.9374487364876104,0.053142081921332615,10.420742,0.098,0.167,0.05251
INTC,Unknown,0.23738375,2026-09-21,2.970886509697966,0.04470609256245553,10.420742,0.098,0.167,0.05251
CELU,Healthcare,0.23727457,2026-09-21,-0.41095893691880026,0.3246289652620966,-2.2631578,-0.774,0.167,0.05251
DBVT,Healthcare,0.23724754,2026-09-21,0.2630370547418788,0.03742206120258711,-24.386322,-0.533,0.167,-1.4268401
VBNB,Unknown,0.23723976,2026-09-21,0.031088115865008925,0.02577528399286066,10.420742,0.098,0.167,0.05251
NTIC,Unknown,0.2371953,2026-09-21,-0.002695734129990135,0.02267044758041658,10.420742,0.098,0.167,0.05251
DRCT,Unknown,0.23713621,2026-09-21,-0.9805194806451438,0.0671167377180233,10.420742,0.098,0.167,0.05251
CCCC,Healthcare,0.23708013,2026-09-21,0.003012045380823114,0.02779924271641133,-3.3132832,0.028,0.167,-0.48141
SVCO,Unknown,0.23707032,2026-09-21,0.325000036188535,0.04042403566797897,10.420742,0.098,0.167,0.05251
VIRC,Unknown,0.23699583,2026-09-21,-0.17660638721048127,0.028145279265398036,10.420742,0.098,0.167,0.05251
NFXL,Unknown,0.23692735,2026-09-21,-0.7076512936681644,0.049523975948518234,10.420742,0.098,0.167,0.05251
ATOM,Technology,0.23683526,2026-09-21,0.20821910470886484,0.034258680921600455,-8.3018875,0.098,0.167,-0.76781
GSRFR,Unknown,0.23681669,2026-09-18,0.031088115865008925,0.056725382638877005,10.420742,0.098,0.167,0.05251
LRMR,Unknown,0.23677531,2026-09-21,-0.10280380235279019,0.029681820470838085,10.420742,0.098,0.167,0.05251
SRTA,Unknown,0.23666896,2026-09-21,-0.06704976675056162,0.02565051783347659,10.420742,0.098,0.167,0.05251
PANG,Unknown,0.23664436,2026-09-21,1.3178013986716124,0.10283506245217859,10.420742,0.098,0.167,0.05251
PRTH,Unknown,0.23658794,2026-09-21,0.04010697726870105,0.07751289238681819,10.420742,0.098,0.167,0.05251
TSMU,Unknown,0.23650934,2026-09-21,1.0343563117906887,0.03647934564613035,10.420742,0.098,0.167,0.05251
LE,Unknown,0.23648222,2026-09-21,-0.34432467644619236,0.020072971873913183,10.420742,0.098,0.167,0.05251
AMA,Unknown,0.23633668,2026-09-21,0.031088115865008925,0.06397004733136774,10.420742,0.098,0.167,0.05251
CF,Basic Materials,0.23627183,2026-09-21,0.49348062084986477,0.025392710052725965,11.552451,0.176,0.996,0.29867
TRIP,Unknown,0.23625575,2026-09-21,-0.5407523384453733,0.018300097841616927,10.420742,0.098,0.167,0.05251
DSP,Unknown,0.2361968,2026-09-21,0.3122340998643145,0.06591838518678382,10.420742,0.098,0.167,0.05251
ALTO,Basic Materials,0.23617914,2026-09-21,2.0387598389251425,0.0220616064141619,11.924242,0.125,0.167,0.22229
PLPC,Unknown,0.23611742,2026-09-21,1.0596887629654232,0.029566844287300477,10.420742,0.098,0.167,0.05251
AVTX,Healthcare,0.23609534,2026-09-21,0.3577440240223173,0.03163603770436768,-5.862039,0.098,0.167,-0.36271
SOGP,Unknown,0.23603384,2026-09-21,-0.3667602088795494,0.03154275116236115,10.420742,0.098,0.167,0.05251
COLL,Healthcare,0.23601401,2026-09-21,-0.3647677154235828,0.01957040623816892,3.478951,0.063,0.167,0.17612
QTUM,Unknown,0.23598574,2026-09-21,0.4796664246433975,0.01662035857266538,10.420742,0.098,0.167,0.05251
DSWL,Unknown,0.23588185,2026-09-21,-0.11288254288121324,0.024001442469015397,10.420742,0.098,0.167,0.05251
BFRIW,,0.23585732,2026-09-16,0.031088115865008925,0.022835687632255523,10.420742,0.329,0.167,-9.88354
LTRX,Unknown,0.23578103,2026-09-21,0.3272920743463341,0.044707119388217594,10.420742,0.098,0.167,0.05251
ARES,Financial Services,0.23564705,2026-09-21,-0.27822233176284994,0.01723209543117721,17.64705,0.058,0.065,0.14941
BSVN,Financial Services,0.2356448,2026-09-21,0.1470101645838151,0.02554362769445866,12.151891,-0.063,-0.25,0.16854
BMRA,Healthcare,0.23562923,2026-09-21,-0.14334473267052972,0.06044846488727969,6.5302563,0.168,0.167,-1.12101
RAVE,Unknown,0.23544061,2026-09-21,-0.21285711015973774,0.018802164830831483,10.420742,0.098,0.167,0.05251
BRUNW,,0.23537906,2026-08-25,0.031088115865008925,0.022835687632255523,10.420742,2.697,0.167,0.05251
ZTEK,Unknown,0.23537767,2026-09-10,0.031088115865008925,0.022835687632255523,10.420742,0.098,0.167,0.05251
GDYN,Unknown,0.23534587,2026-09-21,-0.003217515499202128,0.023027254115437767,10.420742,0.098,0.167,0.05251
AURA,Healthcare,0.23532411,2026-09-21,0.012779540060870564,0.019424958194004225,-3.1083744,0.098,0.167,-0.53485
GSHD,Unknown,0.23519558,2026-09-21,-0.34631659556595085,0.031993374831291325,10.420742,0.098,0.167,0.05251
GMAB,Unknown,0.23518617,2026-09-21,0.23680453540825286,0.019612209715730345,10.420742,0.098,0.167,0.05251
VSAT,Unknown,0.23516913,2026-09-21,1.5471134106735587,0.03576559049322274,10.420742,0.098,0.167,0.05251
TWST,Unknown,0.23511977,2026-09-21,4.8205722045742245,0.04396429182588667,10.420742,0.098,0.167,0.05251
FWRD,Unknown,0.2350452,2026-09-21,-0.4619970380666705,0.03383258428419118,10.420742,0.098,0.167,0.05251
EQPT,Unknown,0.23499934,2026-09-21,0.031088115865008925,0.03370475730403848,10.420742,0.098,0.167,0.05251
HCTI,Unknown,0.2349283,2026-09-21,-0.9947579821775938,0.04077715543703791,10.420742,0.098,0.167,0.05251
BIRD,Technology,0.23492587,2026-09-21,-0.5454513853547177,0.05127603190735701,-0.34510085,-0.931,0.167,-1.77977
JBIO,Unknown,0.23484208,2026-09-21,1.1749674470509754,0.028657558791096424,10.420742,0.098,0.167,0.05251
DMAC,Unknown,0.23470005,2026-09-21,0.0732248326626106,0.027005967651524465,10.420742,0.098,0.167,0.05251
ATLX,Basic Materials,0.234699,2026-09-21,-0.3509933949109373,0.026163798757907687,-4.819672,0.098,0.167,-1.08684
COLAR,,0.23465207,2026-09-21,0.031088115865008925,0.022835687632255523,10.420742,0.098,-0.657,6.9629602
GRAL,Unknown,0.23464711,2026-09-21,1.7109117588934044,0.07896773125285772,10.420742,0.098,0.167,0.05251
UZX,Unknown,0.23461819,2026-09-21,0.031088115865008925,0.022835687632255523,10.420742,0.098,0.167,0.05251
SSP,Unknown,0.23459876,2026-09-21,0.4419759331224513,0.021981653737944286,10.420742,0.098,0.167,0.05251
JCTC,Unknown,0.2345983,2026-09-21,-0.16328613208267817,0.01419959097531013,10.420742,0.098,0.167,0.05251
MOBI,Unknown,0.23458333,2026-09-21,0.031088115865008925,0.04888031081861645,10.420742,0.098,0.167,0.05251
ASBPW,,0.23458278,2026-09-16,0.031088115865008925,0.022835687632255523,10.420742,0.098,0.167,-10.32142
FTXL,Unknown,0.23456854,2026-09-21,1.2578668057736815,0.026403876869801474,10.420742,0.098,0.167,0.05251
LOCO,Unknown,0.23456688,2026-09-21,0.419545898517945,0.017665090460330556,10.420742,0.098,0.167,0.05251
ADTN,Technology,0.23451965,2026-09-21,-0.2515657480798593,0.03245950062243799,12.309989,0.061,0.167,-0.03171
HTFL,Unknown,0.23447661,2026-09-21,0.5455665477353346,0.03008911890796233,10.420742,0.098,0.167,0.05251
CINF,Financial Services,0.23447454,2026-09-21,0.09691858966130606,0.00971151928755112,18.541237,0.316,0.855,0.21484
WKEY,Unknown,0.23447451,2026-09-21,-0.0064935004616650804,0.030701692462007674,10.420742,0.098,0.167,0.05251
CIGI,Real Estate,0.23438413,2026-09-21,-0.44057564844063246,0.021121277590319565,10.907465,0.167,6.05,0.07839
CV,Unknown,0.2343692,2026-09-21,0.32866382311396247,0.03656638715249082,10.420742,0.098,0.167,0.05251
TSMZ,Unknown,0.2343363,2026-09-21,-0.4601812882860584,0.017957639016097475,10.420742,0.098,0.167,0.05251
YB,Unknown,0.23432907,2026-09-21,-0.44747288506717486,0.022958147162010365,10.420742,0.098,0.167,0.05251
EYE,Unknown,0.23419648,2026-09-21,-0.37041244050270294,0.02916686170261207,10.420742,0.098,0.167,0.05251
KARO,Unknown,0.23413052,2026-09-21,0.18272685796364296,0.019147198578400748,10.420742,0.098,0.167,0.05251
VECO,Unknown,0.23401242,2026-09-21,0.5616196855574551,0.034428280103579956,10.420742,0.098,0.167,0.05251
CORZW,,0.23399457,2026-09-21,0.031088115865008925,0.022835687632255523,10.420742,1.088,0.167,0.05251
CORZZ,,0.23399457,2026-09-21,0.031088115865008925,0.022835687632255523,10.420742,1.088,0.167,0.05251
XPON,Unknown,0.23395583,2026-09-21,-0.686620012919108,0.2579218273632208,10.420742,0.098,0.167,0.05251
SKYE,Healthcare,0.23389173,2026-09-21,-0.9444796962377912,0.08216019884270911,-0.23648648,0.098,0.167,-2.33873
EDBL,Unknown,0.23383732,2026-09-21,-0.9982988072579115,0.029425394163083148,10.420742,0.098,0.167,0.05251
CMTL,Technology,0.23382807,2026-09-21,-0.39008032216573696,0.02741526822203711,-2.0608108,-0.164,0.167,-0.09132
WAFU,Unknown,0.23371086,2026-09-21,-0.17528739372731683,0.03287547581432634,10.420742,0.098,0.167,0.05251
SLNG,Energy,0.23368664,2026-09-21,0.35411459311880034,0.047499272659060704,-90.92667,-0.312,0.167,-0.12679
VCYT,Unknown,0.2336858,2026-09-21,0.24360521613652542,0.03303922182877755,10.420742,0.098,0.167,0.05251
AVLN,Healthcare,0.23367539,2026-09-21,0.031088115865008925,0.030106935839421613,-16.66842,0.098,0.167,0.05251
PYPL,Unknown,0.23340724,2026-09-21,-0.2220828955096943,0.03450758783981917,10.420742,0.098,0.167,0.05251
FOXF,Unknown,0.23332436,2026-09-21,-0.2857142857142857,0.021667235625225597,10.420742,0.098,0.167,0.05251
OKTG,Unknown,0.23321354,2026-09-21,0.031088115865008925,0.14806545203128518,10.420742,0.098,0.167,0.05251
GECC,Unknown,0.23313193,2026-09-21,-0.42500407944574436,0.021576427673319406,10.420742,0.098,0.167,0.05251
BNAI,Technology,0.23310216,2026-09-21,1.3274759044899778,0.05287745982335208,-13.509259,31.017,0.167,-0.98108
SGP,Unknown,0.23309319,2026-09-21,0.031088115865008925,0.025517269734401254,10.420742,0.098,0.167,0.05251
CSBR,Unknown,0.23306295,2026-09-21,-0.2283581756010532,0.023905229801694926,10.420742,0.098,0.167,0.05251
PNTG,Unknown,0.23304543,2026-09-21,0.5674475369358136,0.024881426571048096,10.420742,0.098,0.167,0.05251
NVDA,Unknown,0.2329967,2026-09-21,0.29374682142528585,0.02951502230446711,10.420742,0.098,0.167,0.05251
ANPA,Industrials,0.23287739,2026-09-21,-0.9423448299539501,0.057782641773374686,10.420742,0.098,0.167,0.05251
CTKB,Unknown,0.23286982,2026-09-21,0.2836185340184243,0.03044981511894766,10.420742,0.098,0.167,0.05251
RMCO,Unknown,0.23280056,2026-09-21,0.29102229238237065,0.02888225331993805,10.420742,0.098,0.167,0.05251
TECX,Unknown,0.23279724,2026-09-21,0.71419430162535,0.04410032499837195,10.420742,0.098,0.167,0.05251
PRE,Unknown,0.23279555,2026-09-21,1.2223247060413334,0.04608385359135176,10.420742,0.098,0.167,0.05251
EMXC,Unknown,0.23279095,2026-09-21,0.5482362536768215,0.015244206941949374,10.420742,0.098,0.167,0.05251
CBIO,Healthcare,0.2327834,2026-09-21,0.27588877621839814,0.04512193953331214,-6.256654,0.098,0.167,0.05251
RFAIU,Unknown,0.23276137,2026-09-18,3.443289098348701,0.8271504976425986,10.420742,0.098,0.167,0.05251
RDIB,Unknown,0.23275764,2026-09-21,0.2847736746320584,0.17310242672861917,10.420742,0.098,0.167,0.05251
INBK,Unknown,0.232662,2026-09-21,0.10382222109562345,0.023310733251476683,10.420742,0.098,0.167,0.05251
USGO,Unknown,0.23258488,2026-09-21,-0.22147340932695592,0.024007813592137654,10.420742,0.098,0.167,0.05251
MTRX,Unknown,0.23256572,2026-09-21,-0.22692306225116432,0.02048844671513817,10.420742,0.098,0.167,0.05251
NKLR,Unknown,0.232526,2026-09-21,0.031088115865008925,0.04841292881487643,10.420742,0.098,0.167,0.05251
STRK,Unknown,0.2325162,2026-09-21,-0.09710455725358957,0.025458345169583646,10.420742,0.098,0.167,0.05251
BBCQW,,0.23251559,2026-09-18,0.031088115865008925,0.10415001712515178,10.420742,0.098,0.167,0.05251
VRM,Unknown,0.23247352,2026-09-21,-0.674706526430622,0.04085177711784092,10.420742,0.098,0.167,0.05251
FBL,Unknown,0.23242822,2026-09-21,-0.2965023718336782,0.06236655250816185,10.420742,0.098,0.167,0.05251
MMED,Unknown,0.23240751,2026-09-21,0.031088115865008925,0.0349504947826072,10.420742,0.098,0.167,0.05251
EUDA,Unknown,0.23239286,2026-09-21,-0.19999999999999996,0.07288896710438579,10.420742,0.098,0.167,0.05251
TARK,Unknown,0.23228678,2026-09-21,-0.047103817667755066,0.045634738946284246,10.420742,0.098,0.167,0.05251
PRCT,Unknown,0.23226872,2026-09-21,-0.5098606366562427,0.035465537995239334,10.420742,0.098,0.167,0.05251
CBUS,Healthcare,0.23225582,2026-09-21,0.17777778170236336,0.031039473209965057,-2.472441,0.065,0.167,-2.23164
VST,Unknown,0.23221307,2026-09-21,-0.32178451848107914,0.021273023398530374,10.420742,0.098,0.167,0.05251
BAFN,Financial Services,0.23219807,2026-09-21,0.011046431295420156,0.05328860094639469,10.420742,0.098,0.167,-0.52417
EZPW,Unknown,0.23218063,2026-09-21,0.7059810787597478,0.03150749633013885,10.420742,0.098,0.167,0.05251
ALBG,Unknown,0.23211654,2026-09-21,0.031088115865008925,0.057372818348190996,10.420742,0.098,0.167,0.05251
CAPS,Basic Materials,0.23210338,2026-09-21,-0.886447366274625,0.029451184491286336,10.420742,0.671,0.167,-1.1421399
CTSO,Unknown,0.23207715,2026-09-21,5.195243588824735,3.820634005618072,10.420742,0.098,0.167,0.05251
TCMD,Unknown,0.23195398,2026-09-21,0.6344925789383771,0.016007001989552575,10.420742,0.098,0.167,0.05251
VRT,Unknown,0.23193194,2026-09-21,0.7807752779440811,0.04050264167141899,10.420742,0.098,0.167,0.05251
FCX,Unknown,0.23192811,2026-09-21,0.6183702214194817,0.02596034005665911,10.420742,0.098,0.167,0.05251
PARK,Unknown,0.2318147,2026-09-21,0.031088115865008925,0.025704980622577863,10.420742,0.098,0.167,0.05251
DTI,Unknown,0.23177655,2026-09-21,-0.03921564960882995,0.021597843834184772,10.420742,0.098,0.167,0.05251
RDGT,Unknown,0.23165734,2026-09-21,-0.9955238095351628,0.08745674627109201,10.420742,0.098,0.167,0.05251
METU,Unknown,0.23162186,2026-09-21,-0.3047725001077983,0.061929956330144226,10.420742,0.098,0.167,0.05251
SEZL,Unknown,0.2314895,2026-09-21,0.3153072762089735,0.02809253722753816,10.420742,0.098,0.167,0.05251
PPHC,Unknown,0.23147917,2026-09-21,0.031088115865008925,0.04387699636880571,10.420742,0.098,0.167,0.05251
EJH,Unknown,0.23147534,2026-09-21,-0.9536607976896015,0.02778626005945505,10.420742,0.098,0.167,0.05251
DOYU,Unknown,0.23143886,2026-09-21,-0.38860104683053687,0.01810049131858461,10.420742,0.098,0.167,0.05251
LSCC,Unknown,0.2314348,2026-09-21,0.6322584946237475,0.03671044004150448,10.420742,0.098,0.167,0.05251
TRGP,Unknown,0.23142198,2026-09-21,0.7401341287185645,0.013866198487977592,10.420742,0.098,0.167,0.05251
NERV,Unknown,0.2313859,2026-09-21,0.8009709423297848,0.045645476242248656,10.420742,0.098,0.167,0.05251
TSMX,Unknown,0.23137678,2026-09-21,1.1289640238337593,0.03753219800590435,10.420742,0.098,0.167,0.05251
DXPE,Unknown,0.2313534,2026-09-21,0.5969296059798241,0.019466545545529235,10.420742,0.098,0.167,0.05251
UTSI,Unknown,0.2312906,2026-09-21,-0.0045871514481795606,0.02620503646913595,10.420742,0.098,0.167,0.05251
NRSN,Unknown,0.23123917,2026-09-21,4.67796619244603,4.307248126740798,10.420742,0.098,0.167,0.05251
AENTW,,0.23117922,2026-09-18,0.031088115865008925,0.022835687632255523,10.420742,0.177,0.167,0.1188
CINGW,,0.2311597,2026-09-21,0.031088115865008925,0.022835687632255523,10.420742,0.098,0.167,-1.9874
BCTXZ,,0.2311597,2026-09-21,0.031088115865008925,0.022835687632255523,10.420742,0.098,0.167,-1.75255
BCTXL,,0.2311597,2026-09-21,0.031088115865008925,0.022835687632255523,10.420742,0.098,0.167,-1.75255
BBY,Consumer Cyclical,0.23112434,2026-09-21,0.329393617481579,0.02703933642237764,12.899943,0.036,0.701,0.43126
CHPX,Unknown,0.23105721,2026-09-21,0.031088115865008925,0.024134520782650715,10.420742,0.098,0.167,0.05251
MOLN,Unknown,0.23100998,2026-09-21,0.08130079882499053,0.03989613557176694,10.420742,0.098,0.167,0.05251
TQQQ,Unknown,0.23096652,2026-09-21,0.579410396807122,0.0318276256913206,10.420742,0.098,0.167,0.05251
RUBI,Unknown,0.23087539,2026-09-21,-0.9999916627804786,0.05755605106759394,10.420742,0.098,0.167,0.05251
NTAP,Unknown,0.23085327,2026-09-21,0.5866441732980534,0.02889179551799516,10.420742,0.098,0.167,0.05251
CNXC,Technology,0.23083687,2026-09-21,-0.5012502962932619,0.04156394903549001,2.2792263,0.019,0.361,-0.37662
AEC,Energy,0.23075482,2026-09-21,-0.4586705187574781,0.03836214912163401,10.420742,0.098,0.167,-0.56585
MLKN,Unknown,0.23069745,2026-09-21,0.04230298045934311,0.017885266534918776,10.420742,0.098,0.167,0.05251
NKE,Unknown,0.2306388,2026-09-21,-0.4814365891680973,0.016622027349599566,10.420742,0.098,0.167,0.05251
TVGN,Unknown,0.2305718,2026-09-21,-0.809975663437137,0.016067734434456256,10.420742,0.098,0.167,0.05251
SRRK,Unknown,0.23053087,2026-09-21,0.47844831079259853,0.02822717135924004,10.420742,0.098,0.167,0.05251
TREE,Unknown,0.23052233,2026-09-21,-0.6505032149455956,0.025996519941095857,10.420742,0.098,0.167,0.05251
WAVE,Unknown,0.23049071,2026-09-21,-0.29034154796285505,0.03394986393750496,10.420742,0.098,0.167,0.05251
PUSA,Unknown,0.23043256,2026-09-21,0.04558822560062903,0.03477929893128384,10.420742,0.098,0.167,0.05251
TENB,Unknown,0.23040418,2026-09-21,0.19321925613526836,0.05879925924408798,10.420742,0.098,0.167,0.05251
MNPR,Unknown,0.23039675,2026-09-21,0.4389434238649763,0.025679148925559656,10.420742,0.098,0.167,0.05251
DCBO,Technology,0.23039034,2026-09-21,-0.2462443079317732,0.026827130214836944,11.109506,0.13,-0.2,1.9548
GYRE,Unknown,0.23036629,2026-09-21,-0.05656696222922675,0.035721886004691554,10.420742,0.098,0.167,0.05251
DIOD,Unknown,0.2303498,2026-09-21,0.6154731138716494,0.027329003717684115,10.420742,0.098,0.167,0.05251
FCHL,Unknown,0.23025693,2026-09-21,-0.9996744945908025,0.05101087625751927,10.420742,0.098,0.167,0.05251
QCML,Unknown,0.23020153,2026-09-21,-0.05403534175650104,0.059811615172595235,10.420742,0.098,0.167,0.05251
NN,Unknown,0.23017767,2026-09-21,-0.11656084898916574,0.03877082054900493,10.420742,0.098,0.167,0.05251
TNMG,Unknown,0.23013332,2026-09-21,-0.35013759012331713,1.5337465407436581,10.420742,0.098,0.167,0.05251
NVDD,Unknown,0.23012342,2026-09-21,-0.27503408709421084,0.029135227774802003,10.420742,0.098,0.167,0.05251
JFB,Unknown,0.23009527,2026-09-03,0.031088115865008925,0.0583009875806162,10.420742,0.098,0.167,0.05251
ASPSW,,0.23007658,2026-09-21,0.031088115865008925,0.022835687632255523,10.420742,0.17,0.167,0.05251
ASPSZ,,0.23007658,2026-09-21,0.031088115865008925,0.022835687632255523,10.420742,0.17,0.167,0.05251
GLW,Unknown,0.23005919,2026-09-21,1.0162378086188402,0.04429144087189303,10.420742,0.098,0.167,0.05251
IP,Unknown,0.23004839,2026-09-21,-0.20630510004321534,0.023872276739660924,10.420742,0.098,0.167,0.05251
COOTW,,0.23000868,2026-09-21,0.031088115865008925,0.022835687632255523,10.420742,0.098,0.167,-1.36388
GENB,Unknown,0.23000783,2026-09-21,0.031088115865008925,0.06900634837782985,10.420742,0.098,0.167,0.05251
BTTC,Unknown,0.22999302,2026-09-21,0.031088115865008925,0.2261653669312982,10.420742,0.098,0.167,0.05251
WLDS,Unknown,0.22990036,2026-09-21,-0.963159131965987,0.05089667518832188,10.420742,0.098,0.167,0.05251
GGAL,Unknown,0.2298617,2026-09-21,0.6002833151343216,0.019349103120531518,10.420742,0.098,0.167,0.05251
OKTA,Unknown,0.22980739,2026-09-21,1.0477564240766415,0.07406375745412215,10.420742,0.098,0.167,0.05251
ASLE,Industrials,0.22975971,2026-09-21,-0.3648960627125669,0.017053601632609737,20.754719,-0.339,0.167,-0.00897
SPOG,Unknown,0.22968276,2026-09-21,0.031088115865008925,0.05215796535607305,10.420742,0.098,0.167,0.05251
KALU,Unknown,0.22960126,2026-09-21,0.9747046048747994,0.02288334898053912,10.420742,0.098,0.167,0.05251
BIDG,Unknown,0.2295802,2026-09-21,0.031088115865008925,0.04816091828492899,10.420742,0.098,0.167,0.05251
FHTX,Unknown,0.22956328,2026-09-21,-0.19260696436458524,0.02779834975799533,10.420742,0.098,0.167,0.05251
SOFA,Unknown,0.22955982,2026-09-21,0.031088115865008925,0.05722735965249345,10.420742,0.098,0.167,0.05251
MKTW,Unknown,0.22954324,2026-09-21,0.16733200141718663,0.019571929536575175,10.420742,0.098,0.167,0.05251
XRXDW,Unknown,0.22950687,2026-09-21,0.031088115865008925,0.022835687632255523,10.420742,0.098,0.167,0.05251
IPEXR,Unknown,0.22950687,2026-09-18,0.031088115865008925,0.022835687632255523,10.420742,0.098,0.167,0.05251
KYIVW,Unknown,0.22950687,2026-09-21,0.031088115865008925,0.022835687632255523,10.420742,0.098,0.167,0.05251
ECXWW,Unknown,0.22950687,2026-09-18,0.031088115865008925,0.022835687632255523,10.420742,0.098,0.167,0.05251
MLECW,Unknown,0.22950687,2026-09-18,0.031088115865008925,0.022835687632255523,10.420742,0.098,0.167,0.05251
SXTPW,Unknown,0.22950687,2026-09-18,0.031088115865008925,0.022835687632255523,10.420742,0.098,0.167,0.05251
MYXXW,Unknown,0.22950687,2026-09-18,0.031088115865008925,0.022835687632255523,10.420742,0.098,0.167,0.05251
MRNOW,Unknown,0.22950687,2026-09-18,0.031088115865008925,0.022835687632255523,10.420742,0.098,0.167,0.05251
UYSCR,Unknown,0.22950687,2026-09-18,0.031088115865008925,0.022835687632255523,10.420742,0.098,0.167,0.05251
KFIIR,Unknown,0.22950687,2026-09-21,0.031088115865008925,0.022835687632255523,10.420742,0.098,0.167,0.05251
SWVLW,Unknown,0.22950687,2026-09-18,0.031088115865008925,0.022835687632255523,10.420742,0.098,0.167,0.05251
TALK,Unknown,0.22950687,2026-08-14,0.031088115865008925,0.022835687632255523,10.420742,0.098,0.167,0.05251
MOBBW,Unknown,0.22950687,2026-09-21,0.031088115865008925,0.022835687632255523,10.420742,0.098,0.167,0.05251
SHFSW,Unknown,0.22950687,2026-09-21,0.031088115865008925,0.022835687632255523,10.420742,0.098,0.167,0.05251
PGACR,Unknown,0.22950687,2026-09-21,0.031088115865008925,0.022835687632255523,10.420742,0.098,0.167,0.05251
MYSEW,Unknown,0.22950687,2026-08-14,0.031088115865008925,0.022835687632255523,10.420742,0.098,0.167,0.05251
IVDAW,Unknown,0.22950687,2026-09-21,0.031088115865008925,0.022835687632255523,10.420742,0.098,0.167,0.05251
IPCX,Unknown,0.22950687,2026-08-14,0.031088115865008925,0.022835687632255523,10.420742,0.098,0.167,0.05251
BDCIW,,0.22950687,2026-09-08,0.031088115865008925,0.022835687632255523,10.420742,0.098,0.167,0.05251
SHMDW,Unknown,0.22950687,2026-09-21,0.031088115865008925,0.022835687632255523,10.420742,0.098,0.167,0.05251
LWACW,Unknown,0.22950687,2026-09-21,0.031088115865008925,0.022835687632255523,10.420742,0.098,0.167,0.05251
UCFIW,Unknown,0.22950687,2025-12-09,0.031088115865008925,0.022835687632255523,10.420742,0.098,0.167,0.05251
IPCXU,Unknown,0.22950687,2026-08-13,0.031088115865008925,0.022835687632255523,10.420742,0.098,0.167,0.05251
VNMEW,Unknown,0.22950687,2026-09-17,0.031088115865008925,0.022835687632255523,10.420742,0.098,0.167,0.05251
VEEAW,Unknown,0.22950687,2026-09-21,0.031088115865008925,0.022835687632255523,10.420742,0.098,0.167,0.05251
PIIIW,Unknown,0.22950687,2026-09-21,0.031088115865008925,0.022835687632255523,10.420742,0.098,0.167,0.05251
EDBLW,Unknown,0.22950687,2026-09-18,0.031088115865008925,0.022835687632255523,10.420742,0.098,0.167,0.05251
RDZNW,Unknown,0.22950687,2026-09-18,0.031088115865008925,0.022835687632255523,10.420742,0.098,0.167,0.05251
IPCXR,Unknown,0.22950687,2026-08-14,0.031088115865008925,0.022835687632255523,10.420742,0.098,0.167,0.05251
JSPRW,Unknown,0.22950687,2026-09-21,0.031088115865008925,0.022835687632255523,10.420742,0.098,0.167,0.05251
VGASW,Unknown,0.22950687,2026-09-21,0.031088115865008925,0.022835687632255523,10.420742,0.098,0.167,0.05251
LBRDP,Unknown,0.22950687,2026-08-19,0.031088115865008925,0.022835687632255523,10.420742,0.098,0.167,0.05251
SOCAW,Unknown,0.22950687,2026-09-16,0.031088115865008925,0.022835687632255523,10.420742,0.098,0.167,0.05251
MTEKW,Unknown,0.22950687,2026-09-16,0.031088115865008925,0.022835687632255523,10.420742,0.098,0.167,0.05251
WHLRL,Unknown,0.22950687,2026-09-16,0.031088115865008925,0.022835687632255523,10.420742,0.098,0.167,0.05251
ILLUW,Unknown,0.22950687,2026-09-16,0.031088115865008925,0.022835687632255523,10.420742,0.098,0.167,0.05251
RDAGW,Unknown,0.22950687,2026-09-16,0.031088115865008925,0.022835687632255523,10.420742,0.098,0.167,0.05251
SOUNW,Unknown,0.22950687,2026-09-21,0.031088115865008925,0.022835687632255523,10.420742,0.098,0.167,0.05251
OPTXW,Unknown,0.22950687,2026-09-21,0.031088115865008925,0.022835687632255523,10.420742,0.098,0.167,0.05251
SPWRW,Unknown,0.22950687,2026-09-21,0.031088115865008925,0.022835687632255523,10.420742,0.098,0.167,0.05251
ONFOW,Unknown,0.22950687,2026-09-21,0.031088115865008925,0.022835687632255523,10.420742,0.098,0.167,0.05251
RFAMR,Unknown,0.22950687,2026-09-21,0.031088115865008925,0.022835687632255523,10.420742,0.098,0.167,0.05251
RDACR,Unknown,0.22950687,2026-09-21,0.031088115865008925,0.022835687632255523,10.420742,0.098,0.167,0.05251
RMSGW,Unknown,0.22950687,2026-09-21,0.031088115865008925,0.022835687632255523,10.420742,0.098,0.167,0.05251
SRZNW,Unknown,0.22950687,2026-08-06,0.031088115865008925,0.022835687632255523,10.420742,0.098,0.167,0.05251
RFAIR,Unknown,0.22950687,2026-09-21,0.031088115865008925,0.022835687632255523,10.420742,0.098,0.167,0.05251
CHPGR,,0.22950687,2026-09-21,0.031088115865008925,0.022835687632255523,10.420742,0.098,0.167,0.05251
LACG,Unknown,0.22950687,2026-07-28,0.031088115865008925,0.022835687632255523,10.420742,0.098,0.167,0.05251
ORLG,Unknown,0.22950687,2026-07-28,0.031088115865008925,0.022835687632255523,10.420742,0.098,0.167,0.05251
CHECW,,0.22950687,2026-09-21,0.031088115865008925,0.022835687632255523,10.420742,0.098,0.167,0.05251
SPEGR,Unknown,0.22950687,2026-09-21,0.031088115865008925,0.022835687632255523,10.420742,0.098,0.167,0.05251
ZAZZT,Unknown,0.22950687,2026-08-26,0.031088115865008925,0.022835687632255523,10.420742,0.098,0.167,0.05251
HUMAW,Unknown,0.22950687,2026-08-25,0.031088115865008925,0.022835687632255523,10.420742,0.098,0.167,0.05251
XSLLW,Unknown,0.22950687,2026-09-21,0.031088115865008925,0.022835687632255523,10.420742,0.098,0.167,0.05251
RMCOW,Unknown,0.22950687,2026-09-21,0.031088115865008925,0.022835687632255523,10.420742,0.098,0.167,0.05251
OXBRW,Unknown,0.22950687,2026-09-21,0.031088115865008925,0.022835687632255523,10.420742,0.098,0.167,0.05251
ORIQW,Unknown,0.22950687,2026-09-21,0.031088115865008925,0.022835687632255523,10.420742,0.098,0.167,0.05251
PACHW,Unknown,0.22950687,2026-09-21,0.031088115865008925,0.022835687632255523,10.420742,0.098,0.167,0.05251
SPKLW,Unknown,0.22950687,2026-09-21,0.031088115865008925,0.022835687632255523,10.420742,0.098,0.167,0.05251
SQFTW,Unknown,0.22950687,2026-09-21,0.031088115865008925,0.022835687632255523,10.420742,0.098,0.167,0.05251
KRAQW,Unknown,0.22950687,2026-09-21,0.031088115865008925,0.022835687632255523,10.420742,0.098,0.167,0.05251
ADACW,,0.22950687,2026-09-21,0.031088115865008925,0.022835687632255523,10.420742,0.098,0.167,0.05251
GDEVW,Unknown,0.22950687,2026-08-25,0.031088115865008925,0.022835687632255523,10.420742,0.098,0.167,0.05251
RNWWW,Unknown,0.22950687,2026-08-21,0.031088115865008925,0.022835687632255523,10.420742,0.098,0.167,0.05251
LCCCR,Unknown,0.22950687,2026-09-04,0.031088115865008925,0.022835687632255523,10.420742,0.098,0.167,0.05251
XCBEW,Unknown,0.22950687,2026-09-04,0.031088115865008925,0.022835687632255523,10.420742,0.098,0.167,0.05251
GIPRW,Unknown,0.22950687,2026-09-04,0.031088115865008925,0.022835687632255523,10.420742,0.098,0.167,0.05251
HAVAR,Unknown,0.22950687,2026-09-08,0.031088115865008925,0.022835687632255523,10.420742,0.098,0.167,0.05251
KBONW,Unknown,0.22950687,2026-09-21,0.031088115865008925,0.022835687632255523,10.420742,0.098,0.167,0.05251
IPFXW,Unknown,0.22950687,2026-09-21,0.031088115865008925,0.022835687632255523,10.420742,0.098,0.167,0.05251
VHCPW,Unknown,0.22950687,2026-09-21,0.031088115865008925,0.022835687632255523,10.420742,0.098,0.167,0.05251
IRHOR,Unknown,0.22950687,2026-09-21,0.031088115865008925,0.022835687632255523,10.420742,0.098,0.167,0.05251
OIMAW,Unknown,0.22950687,2026-09-21,0.031088115865008925,0.022835687632255523,10.420742,0.098,0.167,0.05251
HDRNW,Unknown,0.22950687,2026-09-21,0.031088115865008925,0.022835687632255523,10.420742,0.098,0.167,0.05251
GPATW,Unknown,0.22950687,2026-09-21,0.031088115865008925,0.022835687632255523,10.420742,0.098,0.167,0.05251
DAVEW,Unknown,0.22950687,2026-09-21,0.031088115865008925,0.022835687632255523,10.420742,0.098,0.167,0.05251
DMIIR,Unknown,0.22950687,2026-09-21,0.031088115865008925,0.022835687632255523,10.420742,0.098,0.167,0.05251
RCKTW,Unknown,0.22950687,2026-09-02,0.031088115865008925,0.022835687632255523,10.420742,0.098,0.167,0.05251
WLDSW,Unknown,0.22950687,2026-09-21,0.031088115865008925,0.022835687632255523,10.420742,0.098,0.167,0.05251
CUBWW,Unknown,0.22950687,2026-09-21,0.031088115865008925,0.022835687632255523,10.420742,0.098,0.167,0.05251
PGYWW,Unknown,0.22950687,2026-09-21,0.031088115865008925,0.022835687632255523,10.420742,0.098,0.167,0.05251
DJTWW,Unknown,0.22950687,2026-09-21,0.031088115865008925,0.022835687632255523,10.420742,0.098,0.167,0.05251
MNTSW,Unknown,0.22950687,2026-08-11,0.031088115865008925,0.022835687632255523,10.420742,0.098,0.167,0.05251
AACOW,,0.22950687,2026-09-17,0.031088115865008925,0.022835687632255523,10.420742,0.098,0.167,0.05251
PCAPW,Unknown,0.22950687,2026-09-21,0.031088115865008925,0.022835687632255523,10.420742,0.098,0.167,0.05251
TDWDR,Unknown,0.22950687,2026-09-02,0.031088115865008925,0.022835687632255523,10.420742,0.098,0.167,0.05251
ENGNW,Unknown,0.22950687,2026-09-21,0.031088115865008925,0.022835687632255523,10.420742,0.098,0.167,0.05251
EGHAR,Unknown,0.22950687,2026-09-21,0.031088115865008925,0.022835687632255523,10.420742,0.098,0.167,0.05251
LFACW,Unknown,0.22950687,2026-09-16,0.031088115865008925,0.022835687632255523,10.420742,0.098,0.167,0.05251
PCSC,Unknown,0.22950687,2026-07-20,0.031088115865008925,0.022835687632255523,10.420742,0.098,0.167,0.05251
OSRHW,Unknown,0.22950687,2026-09-18,0.031088115865008925,0.022835687632255523,10.420742,0.098,0.167,0.05251
YOOV,Unknown,0.22950687,2026-07-20,0.031088115865008925,0.022835687632255523,10.420742,0.098,0.167,0.05251
FFAIW,Unknown,0.22950687,2026-07-20,0.031088115865008925,0.022835687632255523,10.420742,0.098,0.167,0.05251
NFBK,Unknown,0.22950687,2026-07-20,0.031088115865008925,0.022835687632255523,10.420742,0.098,0.167,0.05251
MBAV,Unknown,0.22950687,2026-07-21,0.031088115865008925,0.022835687632255523,10.420742,0.098,0.167,0.05251
TVACW,Unknown,0.22950687,2026-09-21,0.031088115865008925,0.022835687632255523,10.420742,0.098,0.167,0.05251
LPBBW,Unknown,0.22950687,2026-09-21,0.031088115865008925,0.022835687632255523,10.420742,0.098,0.167,0.05251
LKSPR,Unknown,0.22950687,2026-09-21,0.031088115865008925,0.022835687632255523,10.420742,0.098,0.167,0.05251
LPAAW,Unknown,0.22950687,2026-09-21,0.031088115865008925,0.022835687632255523,10.420742,0.098,0.167,0.05251
LTRYW,Unknown,0.22950687,2026-09-21,0.031088115865008925,0.022835687632255523,10.420742,0.098,0.167,0.05251
WSTNR,Unknown,0.22950687,2026-09-21,0.031088115865008925,0.022835687632255523,10.420742,0.098,0.167,0.05251
MKDWW,Unknown,0.22950687,2026-09-21,0.031088115865008925,0.022835687632255523,10.420742,0.098,0.167,0.05251
HUBCZ,Unknown,0.22950687,2026-09-21,0.031088115865008925,0.022835687632255523,10.420742,0.098,0.167,0.05251
HUBCW,Unknown,0.22950687,2026-09-21,0.031088115865008925,0.022835687632255523,10.420742,0.098,0.167,0.05251
ILLRW,Unknown,0.22950687,2026-09-21,0.031088115865008925,0.022835687632255523,10.420742,0.098,0.167,0.05251
HOVRW,Unknown,0.22950687,2026-09-21,0.031088115865008925,0.022835687632255523,10.420742,0.098,0.167,0.05251
HCMAW,Unknown,0.22950687,2026-09-17,0.031088115865008925,0.022835687632255523,10.420742,0.098,0.167,0.05251
YHNAR,Unknown,0.22950687,2026-09-17,0.031088115865008925,0.022835687632255523,10.420742,0.098,0.167,0.05251
POLEW,Unknown,0.22950687,2026-09-17,0.031088115865008925,0.022835687632255523,10.420742,0.098,0.167,0.05251
DVXY,Unknown,0.22950687,2026-09-02,0.031088115865008925,0.022835687632255523,10.420742,0.098,0.167,0.05251
NIVFW,Unknown,0.22950687,2026-09-17,0.031088115865008925,0.022835687632255523,10.420742,0.098,0.167,0.05251
KALV,Unknown,0.22950687,2026-06-10,0.031088115865008925,0.022835687632255523,10.420742,0.098,0.167,0.05251
MYPSW,Unknown,0.22950687,2026-06-17,0.031088115865008925,0.022835687632255523,10.420742,0.098,0.167,0.05251
VIASP,Unknown,0.22950687,2026-06-30,0.031088115865008925,0.022835687632255523,10.420742,0.098,0.167,0.05251
EVGOW,Unknown,0.22950687,2026-07-01,0.031088115865008925,0.022835687632255523,10.420742,0.098,0.167,0.05251
NIXXW,Unknown,0.22950687,2026-07-01,0.031088115865008925,0.022835687632255523,10.420742,0.098,0.167,0.05251
MDAIW,Unknown,0.22950687,2026-09-21,0.031088115865008925,0.022835687632255523,10.420742,0.098,0.167,0.05251
MOBXW,Unknown,0.22950687,2026-09-17,0.031088115865008925,0.022835687632255523,10.420742,0.098,0.167,0.05251
GRMLW,Unknown,0.22950687,2026-09-21,0.031088115865008925,0.022835687632255523,10.420742,0.098,0.167,0.05251
PBMWW,Unknown,0.22950687,2026-09-21,0.031088115865008925,0.022835687632255523,10.420742,0.098,0.167,0.05251
BFRGW,Unknown,0.22950687,2026-09-21,0.031088115865008925,0.022835687632255523,10.420742,0.098,0.167,0.05251
BLRKW,,0.22950687,2026-09-21,0.031088115865008925,0.022835687632255523,10.420742,0.098,0.167,0.05251
ZXZZT,Unknown,0.22950687,2026-09-16,0.031088115865008925,0.022835687632255523,10.420742,0.098,0.167,0.05251
ACAAW,,0.22950687,2026-09-15,0.031088115865008925,0.022835687632255523,10.420742,0.098,0.167,0.05251
FMSTW,Unknown,0.22950687,2026-09-18,0.031088115865008925,0.022835687632255523,10.420742,0.098,0.167,0.05251
FGIWW,Unknown,0.22950687,2026-09-18,0.031088115865008925,0.022835687632255523,10.420742,0.098,0.167,0.05251
FGIIW,Unknown,0.22950687,2026-09-18,0.031088115865008925,0.022835687632255523,10.420742,0.098,0.167,0.05251
QADRW,Unknown,0.22950687,2026-09-18,0.031088115865008925,0.022835687632255523,10.420742,0.098,0.167,0.05251
MCGAW,Unknown,0.22950687,2026-09-18,0.031088115865008925,0.022835687632255523,10.420742,0.098,0.167,0.05251
GAMB,Unknown,0.22950687,2026-07-22,0.031088115865008925,0.022835687632255523,10.420742,0.098,0.167,0.05251
NOEMW,Unknown,0.22950687,2026-09-18,0.031088115865008925,0.022835687632255523,10.420742,0.098,0.167,0.05251
MKLYR,Unknown,0.22950687,2026-09-21,0.031088115865008925,0.022835687632255523,10.420742,0.098,0.167,0.05251
LIDRW,Unknown,0.22950687,2026-08-13,0.031088115865008925,0.022835687632255523,10.420742,0.098,0.167,0.05251
QSEAR,Unknown,0.22950687,2026-09-17,0.031088115865008925,0.022835687632255523,10.420742,0.098,0.167,0.05251
FIGXW,Unknown,0.22950687,2026-09-17,0.031088115865008925,0.022835687632255523,10.420742,0.098,0.167,0.05251
CRANR,,0.22950687,2026-09-16,0.031088115865008925,0.022835687632255523,10.420742,0.098,0.167,0.05251
ITHAW,Unknown,0.22950687,2026-09-16,0.031088115865008925,0.022835687632255523,10.420742,0.098,0.167,0.05251
PLMKW,Unknown,0.22950687,2026-09-16,0.031088115865008925,0.022835687632255523,10.420742,0.098,0.167,0.05251
MLAAW,Unknown,0.22950687,2026-09-16,0.031088115865008925,0.022835687632255523,10.420742,0.098,0.167,0.05251
SORNW,Unknown,0.22950687,2026-09-16,0.031088115865008925,0.022835687632255523,10.420742,0.098,0.167,0.05251
BLUWW,,0.22950687,2026-09-21,0.031088115865008925,0.022835687632255523,10.420742,0.098,0.653,0.05251
NOEMR,Unknown,0.22950687,2026-09-18,0.031088115865008925,0.022835687632255523,10.420742,0.098,0.167,0.05251
XRPNW,Unknown,0.22950687,2026-09-21,0.031088115865008925,0.022835687632255523,10.420742,0.098,0.167,0.05251
SAIHW,Unknown,0.22950687,2026-09-17,0.031088115865008925,0.022835687632255523,10.420742,0.098,0.167,0.05251
GREE,Unknown,0.22950687,2026-07-23,0.031088115865008925,0.022835687632255523,10.420742,0.098,0.167,0.05251
FACTW,Unknown,0.22950687,2026-09-21,0.031088115865008925,0.022835687632255523,10.420742,0.098,0.167,0.05251
ERNAW,Unknown,0.22950687,2026-09-21,0.031088115865008925,0.022835687632255523,10.420742,0.098,0.167,0.05251
EURKR,Unknown,0.22950687,2026-09-21,0.031088115865008925,0.022835687632255523,10.420742,0.098,0.167,0.05251
EUDAW,Unknown,0.22950687,2026-09-21,0.031088115865008925,0.022835687632255523,10.420742,0.098,0.167,0.05251
SIMAW,Unknown,0.22950687,2026-09-21,0.031088115865008925,0.022835687632255523,10.420742,0.098,0.167,0.05251
TWLVR,Unknown,0.22950687,2026-09-21,0.031088115865008925,0.022835687632255523,10.420742,0.098,0.167,0.05251
PDYNW,Unknown,0.22950687,2026-09-21,0.031088115865008925,0.022835687632255523,10.420742,0.098,0.167,0.05251
CRACR,,0.22950687,2026-09-21,0.031088115865008925,0.022835687632255523,10.420742,0.098,5230.917,0.05251
TNONW,Unknown,0.22950687,2026-09-21,0.031088115865008925,0.022835687632255523,10.420742,0.098,0.167,0.05251
EMISR,Unknown,0.22950687,2026-09-03,0.031088115865008925,0.022835687632255523,10.420742,0.098,0.167,0.05251
TMTSW,Unknown,0.22950687,2026-09-03,0.031088115865008925,0.022835687632255523,10.420742,0.098,0.167,0.05251
MMTXW,Unknown,0.22950687,2026-09-03,0.031088115865008925,0.022835687632255523,10.420742,0.098,0.167,0.05251
QETAR,Unknown,0.22950687,2026-09-03,0.031088115865008925,0.022835687632255523,10.420742,0.098,0.167,0.05251
FOXXW,Unknown,0.22950687,2026-09-04,0.031088115865008925,0.022835687632255523,10.420742,0.098,0.167,0.05251
BCARW,,0.22950687,2026-08-27,0.031088115865008925,0.022835687632255523,10.420742,0.098,0.167,0.05251
MESHW,Unknown,0.22950687,2026-09-21,0.031088115865008925,0.022835687632255523,10.420742,0.098,0.167,0.05251
ICUCW,Unknown,0.22950687,2026-09-17,0.031088115865008925,0.022835687632255523,10.420742,0.098,0.167,0.05251
EQR,Unknown,0.22950687,2026-08-17,0.031088115865008925,0.022835687632255523,10.420742,0.098,0.167,0.05251
DRMAW,Unknown,0.22950687,2026-08-17,0.031088115865008925,0.022835687632255523,10.420742,0.098,0.167,0.05251
LBRDK,Unknown,0.22950687,2026-08-19,0.031088115865008925,0.022835687632255523,10.420742,0.098,0.167,0.05251
SSEAR,Unknown,0.22950687,2026-09-02,0.031088115865008925,0.022835687632255523,10.420742,0.098,0.167,0.05251
YDESW,Unknown,0.22950687,2026-09-18,0.031088115865008925,0.022835687632255523,10.420742,0.098,0.167,0.05251
NXGLW,Unknown,0.22950687,2026-09-11,0.031088115865008925,0.022835687632255523,10.420742,0.098,0.167,0.05251
AEAQW,,0.22950687,2026-09-14,0.031088115865008925,0.022835687632255523,10.420742,0.098,0.167,0.05251
BEATW,Unknown,0.22950687,2026-09-14,0.031088115865008925,0.022835687632255523,10.420742,0.098,0.167,0.05251
ALOVW,,0.22950687,2026-09-14,0.031088115865008925,0.022835687632255523,10.420742,0.098,0.167,0.05251
FBYDW,Unknown,0.22950687,2026-09-14,0.031088115865008925,0.022835687632255523,10.420742,0.098,0.167,0.05251
DBCAW,,0.22950687,2026-09-14,0.031088115865008925,0.022835687632255523,10.420742,0.098,0.167,0.05251
HCICR,Unknown,0.22950687,2026-09-14,0.031088115865008925,0.022835687632255523,10.420742,0.098,0.167,0.05251
GTENW,Unknown,0.22950687,2026-09-14,0.031088115865008925,0.022835687632255523,10.420742,0.098,0.167,0.05251
HACQW,Unknown,0.22950687,2026-09-14,0.031088115865008925,0.022835687632255523,10.420742,0.098,0.167,0.05251
SCPQW,Unknown,0.22950687,2026-09-14,0.031088115865008925,0.022835687632255523,10.420742,0.098,0.167,0.05251
ATIIW,,0.22950687,2026-09-21,0.031088115865008925,0.022835687632255523,10.420742,0.098,0.167,0.05251
ZKPW,Unknown,0.22950687,2026-09-17,0.031088115865008925,0.022835687632255523,10.420742,0.098,0.167,0.05251
APXTW,,0.22950687,2026-09-21,0.031088115865008925,0.022835687632255523,10.420742,0.098,0.167,0.05251
ARCIW,,0.22950687,2026-09-21,0.031088115865008925,0.022835687632255523,10.420742,0.098,0.167,0.05251
ZEOWW,Unknown,0.22950687,2026-09-21,0.031088115865008925,0.022835687632255523,10.420742,0.098,0.167,0.05251
LSH,Unknown,0.22950687,2026-08-03,0.031088115865008925,0.022835687632255523,10.420742,0.098,0.167,0.05251
EA,Unknown,0.22950687,2026-08-04,0.031088115865008925,0.022835687632255523,10.420742,0.098,0.167,0.05251
VSEEW,Unknown,0.22950687,2026-08-05,0.031088115865008925,0.022835687632255523,10.420742,0.098,0.167,0.05251
BACCR,,0.22950687,2026-09-21,0.031088115865008925,0.022835687632255523,10.420742,0.098,0.33,0.05251
AXINR,,0.22950687,2026-09-21,0.031088115865008925,0.022835687632255523,10.420742,0.098,2.037,0.05251
ZJZZT,Unknown,0.22950687,2026-09-21,0.031088115865008925,0.022835687632255523,10.420742,0.098,0.167,0.05251
RREVW,Unknown,0.22950687,2026-09-14,0.031088115865008925,0.022835687632255523,10.420742,0.098,0.167,0.05251
SCIIR,Unknown,0.22950687,2026-09-14,0.031088115865008925,0.022835687632255523,10.420742,0.098,0.167,0.05251
FMACR,Unknown,0.22950687,2026-09-14,0.031088115865008925,0.022835687632255523,10.420742,0.098,0.167,0.05251
DNNG,Unknown,0.22950687,2026-07-28,0.031088115865008925,0.022835687632255523,10.420742,0.098,0.167,0.05251
CNCG,Unknown,0.22950687,2026-07-28,0.031088115865008925,0.022835687632255523,10.420742,0.098,0.167,0.05251
ABNG,Unknown,0.22950687,2026-07-28,0.031088115865008925,0.022835687632255523,10.420742,0.098,0.167,0.05251
LPRO,Unknown,0.22950687,2026-07-29,0.031088115865008925,0.022835687632255523,10.420742,0.098,0.167,0.05251
TOIIW,Unknown,0.22950687,2026-07-30,0.031088115865008925,0.022835687632255523,10.420742,0.098,0.167,0.05251
ELSE,Unknown,0.22950687,2026-07-30,0.031088115865008925,0.022835687632255523,10.420742,0.098,0.167,0.05251
PSTV,Unknown,0.22950687,2026-07-31,0.031088115865008925,0.022835687632255523,10.420742,0.098,0.167,0.05251
ZVZZT,Unknown,0.22950687,2026-09-21,0.031088115865008925,0.022835687632255523,10.420742,0.098,0.167,0.05251
DMAAR,Unknown,0.22950687,2026-09-18,0.031088115865008925,0.022835687632255523,10.420742,0.098,0.167,0.05251
ZOOZW,Unknown,0.22950687,2026-09-18,0.031088115865008925,0.022835687632255523,10.420742,0.098,0.167,0.05251
CRACW,,0.22950687,2026-09-18,0.031088115865008925,0.022835687632255523,10.420742,0.098,5230.917,0.05251
SMXWW,Unknown,0.22950687,2026-09-18,0.031088115865008925,0.022835687632255523,10.420742,0.098,0.167,0.05251
SBFMW,Unknown,0.22950687,2026-09-18,0.031088115865008925,0.022835687632255523,10.420742,0.098,0.167,0.05251
PAACW,Unknown,0.22950687,2026-09-17,0.031088115865008925,0.022835687632255523,10.420742,0.098,0.167,0.05251
GPACW,Unknown,0.22950687,2026-09-18,0.031088115865008925,0.022835687632255523,10.420742,0.098,0.167,0.05251
GSHRW,Unknown,0.22950687,2026-09-18,0.031088115865008925,0.022835687632255523,10.420742,0.098,0.167,0.05251
DAAQW,Unknown,0.22950687,2026-09-18,0.031088115865008925,0.022835687632255523,10.420742,0.098,0.167,0.05251
CXAIW,Unknown,0.22950687,2026-09-18,0.031088115865008925,0.022835687632255523,10.420742,0.098,0.167,0.05251
REVBW,Unknown,0.22950687,2026-09-18,0.031088115865008925,0.022835687632255523,10.420742,0.098,0.167,0.05251
DTSQR,Unknown,0.22950687,2026-09-18,0.031088115865008925,0.022835687632255523,10.420742,0.098,0.167,0.05251
CRAQR,,0.22950687,2026-09-15,0.031088115865008925,0.022835687632255523,10.420742,0.098,0.541,0.05251
GIWWR,Unknown,0.22950687,2026-09-17,0.031088115865008925,0.022835687632255523,10.420742,0.098,0.167,0.05251
SNYR,Unknown,0.22950687,2026-09-18,0.031088115865008925,0.022835687632255523,10.420742,0.098,0.167,0.05251
NVNIW,Unknown,0.22950687,2026-09-17,0.031088115865008925,0.022835687632255523,10.420742,0.098,0.167,0.05251
SCLXW,Unknown,0.22950687,2026-09-18,0.031088115865008925,0.022835687632255523,10.420742,0.098,0.167,0.05251
CYCUW,Unknown,0.22950687,2026-09-21,0.031088115865008925,0.022835687632255523,10.420742,0.098,0.167,0.05251
CSHRW,Unknown,0.22950687,2026-09-21,0.031088115865008925,0.022835687632255523,10.420742,0.098,0.167,0.05251
CMIIW,,0.22950687,2026-08-26,0.031088115865008925,0.022835687632255523,10.420742,0.098,0.167,0.05251
PALOW,Unknown,0.22950687,2026-08-27,0.031088115865008925,0.022835687632255523,10.420742,0.098,0.167,0.05251
HOLOW,Unknown,0.22950687,2026-09-21,0.031088115865008925,0.022835687632255523,10.420742,0.098,0.167,0.05251
LPCVW,Unknown,0.22950687,2026-09-21,0.031088115865008925,0.022835687632255523,10.420742,0.098,0.167,0.05251
VWAV,Unknown,0.22950687,2026-09-21,0.031088115865008925,0.022835687632255523,10.420742,0.098,0.167,0.05251
VWAVW,Unknown,0.22950687,2026-09-21,0.031088115865008925,0.022835687632255523,10.420742,0.098,0.167,0.05251
FERAR,Unknown,0.22950687,2026-09-21,0.031088115865008925,0.022835687632255523,10.420742,0.098,0.167,0.05251
FSHPR,Unknown,0.22950687,2026-09-21,0.031088115865008925,0.022835687632255523,10.420742,0.098,0.167,0.05251
FLDDW,Unknown,0.22950687,2026-09-21,0.031088115865008925,0.022835687632255523,10.420742,0.098,0.167,0.05251
SWAGW,Unknown,0.22950687,2026-09-18,0.031088115865008925,0.022835687632255523,10.420742,0.098,0.167,0.05251
IBACR,Unknown,0.22950687,2026-09-21,0.031088115865008925,0.022835687632255523,10.420742,0.098,0.167,0.05251
GRRRW,Unknown,0.22950687,2026-09-21,0.031088115865008925,0.022835687632255523,10.420742,0.098,0.167,0.05251
FUFUW,Unknown,0.22950687,2026-09-21,0.031088115865008925,0.022835687632255523,10.420742,0.098,0.167,0.05251
HTZWW,Unknown,0.22950687,2026-09-21,0.031088115865008925,0.022835687632255523,10.420742,0.098,0.167,0.05251
HVIIR,Unknown,0.22950687,2026-09-21,0.031088115865008925,0.022835687632255523,10.420742,0.098,0.167,0.05251
BLZRW,,0.22950687,2026-09-21,0.031088115865008925,0.022835687632255523,10.420742,0.098,0.167,0.05251
MSAIW,Unknown,0.22950687,2026-09-21,0.031088115865008925,0.022835687632255523,10.420742,0.098,0.167,0.05251
GLNDW,Unknown,0.22950687,2026-09-21,0.031088115865008925,0.022835687632255523,10.420742,0.098,0.167,0.05251
GGROW,Unknown,0.22950687,2026-08-27,0.031088115865008925,0.022835687632255523,10.420742,0.098,0.167,0.05251
MFICL,Unknown,0.22950687,2026-09-21,0.031088115865008925,0.022835687632255523,10.420742,0.098,0.167,0.05251
GTERW,Unknown,0.22950687,2026-09-21,0.031088115865008925,0.022835687632255523,10.420742,0.098,0.167,0.05251
GTERR,Unknown,0.22950687,2026-09-21,0.031088115865008925,0.022835687632255523,10.420742,0.098,0.167,0.05251
IACOW,Unknown,0.22950687,2026-09-21,0.031088115865008925,0.022835687632255523,10.420742,0.098,0.167,0.05251
OLPX,Unknown,0.22950687,2026-07-07,0.031088115865008925,0.022835687632255523,10.420742,0.098,0.167,0.05251
NUVL,Unknown,0.22950687,2026-07-14,0.031088115865008925,0.022835687632255523,10.420742,0.098,0.167,0.05251
QTEXW,Unknown,0.22950687,2026-07-15,0.031088115865008925,0.022835687632255523,10.420742,0.098,0.167,0.05251
EVLVW,Unknown,0.22950687,2026-07-16,0.031088115865008925,0.022835687632255523,10.420742,0.098,0.167,0.05251
VYNE,Unknown,0.22950687,2026-07-27,0.031088115865008925,0.022835687632255523,10.420742,0.098,0.167,0.05251
CZAR,Unknown,0.22950687,2026-07-28,0.031088115865008925,0.022835687632255523,10.420742,0.098,0.167,0.05251
USRD,Unknown,0.22950687,2026-07-28,0.031088115865008925,0.022835687632255523,10.420742,0.098,0.167,0.05251
AXPG,Unknown,0.22950687,2026-07-28,0.031088115865008925,0.022835687632255523,10.420742,0.098,0.167,0.05251
HWAY,Unknown,0.22950687,2026-07-28,0.031088115865008925,0.022835687632255523,10.420742,0.098,0.167,0.05251
OCSAW,Unknown,0.22950687,2026-09-16,0.031088115865008925,0.022835687632255523,10.420742,0.098,0.167,0.05251
HCACR,Unknown,0.22950687,2026-09-18,0.031088115865008925,0.022835687632255523,10.420742,0.098,0.167,0.05251
TVGNW,Unknown,0.22950687,2026-09-18,0.031088115865008925,0.022835687632255523,10.420742,0.098,0.167,0.05251
DAICW,Unknown,0.22950687,2026-09-21,0.031088115865008925,0.022835687632255523,10.420742,0.098,0.167,0.05251
CMGG,Unknown,0.22950687,2026-07-28,0.031088115865008925,0.022835687632255523,10.420742,0.098,0.167,0.05251
SBU,Unknown,0.22950687,2026-07-28,0.031088115865008925,0.022835687632255523,10.420742,0.098,0.167,0.05251
OSCG,Unknown,0.22950687,2026-07-28,0.031088115865008925,0.022835687632255523,10.420742,0.098,0.167,0.05251
KVAC,Unknown,0.22950687,2026-07-31,0.031088115865008925,0.022835687632255523,10.420742,0.098,0.167,0.05251
KVACU,Unknown,0.22950687,2026-07-31,0.031088115865008925,0.022835687632255523,10.420742,0.098,0.167,0.05251
TOI,Unknown,0.22950687,2026-08-03,0.031088115865008925,0.022835687632255523,10.420742,0.098,0.167,0.05251
ARCLW,,0.22950687,2026-09-18,0.031088115865008925,0.022835687632255523,10.420742,0.098,0.167,0.05251
SVREW,Unknown,0.22950687,2026-09-18,0.031088115865008925,0.022835687632255523,10.420742,0.098,0.167,0.05251
WTGUR,Unknown,0.22950687,2026-09-18,0.031088115865008925,0.022835687632255523,10.420742,0.098,0.167,0.05251
TLNCW,Unknown,0.22950687,2026-09-18,0.031088115865008925,0.022835687632255523,10.420742,0.098,0.167,0.05251
SSACR,Unknown,0.22950687,2026-09-18,0.031088115865008925,0.022835687632255523,10.420742,0.098,0.167,0.05251
AACPW,,0.22950687,2026-09-21,0.031088115865008925,0.022835687632255523,10.420742,0.098,0.167,0.05251
UPSG,Unknown,0.22950687,2026-07-28,0.031088115865008925,0.022835687632255523,10.420742,0.098,0.167,0.05251
GIBOW,Unknown,0.22950687,2026-09-11,0.031088115865008925,0.022835687632255523,10.420742,0.098,0.167,0.05251
ESLAW,Unknown,0.22950687,2026-09-11,0.031088115865008925,0.022835687632255523,10.420742,0.098,0.167,0.05251
CTAAR,Unknown,0.22950687,2026-09-11,0.031088115865008925,0.022835687632255523,10.420742,0.098,0.167,0.05251
NEXRW,Unknown,0.22950687,2026-09-17,0.031088115865008925,0.022835687632255523,10.420742,0.098,0.167,0.05251
PMTRW,Unknown,0.22950687,2026-09-17,0.031088115865008925,0.022835687632255523,10.420742,0.098,0.167,0.05251
OIOWW,Unknown,0.22950687,2026-09-17,0.031088115865008925,0.022835687632255523,10.420742,0.098,0.167,0.05251
LOTWW,Unknown,0.22950687,2026-09-16,0.031088115865008925,0.022835687632255523,10.420742,0.098,0.167,0.05251
IEAGR,Unknown,0.22950687,2026-09-16,0.031088115865008925,0.022835687632255523,10.420742,0.098,0.167,0.05251
GIXXR,Unknown,0.22950687,2026-09-18,0.031088115865008925,0.022835687632255523,10.420742,0.098,0.167,0.05251
GFAIW,Unknown,0.22950687,2026-09-18,0.031088115865008925,0.022835687632255523,10.420742,0.098,0.167,0.05251
HSCSW,Unknown,0.22950687,2026-09-18,0.031088115865008925,0.022835687632255523,10.420742,0.098,0.167,0.05251
NUCLW,Unknown,0.22950687,2026-09-21,0.031088115865008925,0.022835687632255523,10.420742,0.098,0.167,0.05251
HVMCW,Unknown,0.22950687,2026-09-18,0.031088115865008925,0.022835687632255523,10.420742,0.098,0.167,0.05251
KITTW,Unknown,0.22950687,2026-09-21,0.031088115865008925,0.022835687632255523,10.420742,0.098,0.167,0.05251
KIDZW,Unknown,0.22950687,2026-09-21,0.031088115865008925,0.022835687632255523,10.420742,0.098,0.167,0.05251
RIBBR,Unknown,0.22950687,2026-09-21,0.031088115865008925,0.022835687632255523,10.420742,0.098,0.167,0.05251
RVMDW,Unknown,0.22950687,2026-09-21,0.031088115865008925,0.022835687632255523,10.420742,0.098,0.167,0.05251
RUMBW,Unknown,0.22950687,2026-09-21,0.031088115865008925,0.022835687632255523,10.420742,0.098,0.167,0.05251
PTORW,Unknown,0.22950687,2026-09-21,0.031088115865008925,0.022835687632255523,10.420742,0.098,0.167,0.05251
DSACW,Unknown,0.22950687,2026-09-21,0.031088115865008925,0.022835687632255523,10.420742,0.098,0.167,0.05251
RGTIW,Unknown,0.22950687,2026-09-21,0.031088115865008925,0.022835687632255523,10.420742,0.098,0.167,0.05251
RAINW,Unknown,0.22950687,2026-09-21,0.031088115865008925,0.022835687632255523,10.420742,0.098,0.167,0.05251
RANGR,Unknown,0.22950687,2026-09-21,0.031088115865008925,0.022835687632255523,10.420742,0.098,0.167,0.05251
TDACW,Unknown,0.22950687,2026-09-21,0.031088115865008925,0.022835687632255523,10.420742,0.098,0.167,0.05251
PCTTW,Unknown,0.22950687,2026-09-18,0.031088115865008925,0.022835687632255523,10.420742,0.098,0.167,0.05251
KTTAW,Unknown,0.22950687,2026-09-15,0.031088115865008925,0.022835687632255523,10.420742,0.098,0.167,0.05251
KTWOR,Unknown,0.22950687,2026-09-15,0.031088115865008925,0.022835687632255523,10.420742,0.098,0.167,0.05251
WLIIW,Unknown,0.22950687,2026-09-15,0.031088115865008925,0.022835687632255523,10.420742,0.098,0.167,0.05251
LNZAW,Unknown,0.22950687,2026-09-15,0.031088115865008925,0.022835687632255523,10.420742,0.098,0.167,0.05251
TVAIR,Unknown,0.22950687,2026-09-15,0.031088115865008925,0.022835687632255523,10.420742,0.098,0.167,0.05251
MUZEW,Unknown,0.22950687,2026-09-15,0.031088115865008925,0.022835687632255523,10.420742,0.098,0.167,0.05251
QUMSR,Unknown,0.22950687,2026-09-15,0.031088115865008925,0.022835687632255523,10.420742,0.098,0.167,0.05251
EVOXW,Unknown,0.22950687,2026-09-18,0.031088115865008925,0.022835687632255523,10.420742,0.098,0.167,0.05251
SDHIR,Unknown,0.22950687,2026-09-21,0.031088115865008925,0.022835687632255523,10.420742,0.098,0.167,0.05251
SDAWW,Unknown,0.22950687,2026-09-21,0.031088115865008925,0.022835687632255523,10.420742,0.098,0.167,0.05251
PONOR,Unknown,0.22950687,2026-09-21,0.031088115865008925,0.022835687632255523,10.420742,0.098,0.167,0.05251
MBVIW,Unknown,0.22950687,2026-09-11,0.031088115865008925,0.022835687632255523,10.420742,0.098,0.167,0.05251
SBCWW,Unknown,0.22950687,2026-09-21,0.031088115865008925,0.022835687632255523,10.420742,0.098,0.167,0.05251
PRENW,Unknown,0.22950687,2026-09-21,0.031088115865008925,0.022835687632255523,10.420742,0.098,0.167,0.05251
SATLW,Unknown,0.22950687,2026-09-21,0.031088115865008925,0.022835687632255523,10.420742,0.098,0.167,0.05251
CCXIW,,0.22950687,2026-09-21,0.031088115865008925,0.022835687632255523,10.420742,0.098,0.167,0.05251
IMSRW,Unknown,0.22950687,2026-09-21,0.031088115865008925,0.022835687632255523,10.420742,0.098,0.167,0.05251
LCFYW,Unknown,0.22950687,2026-09-18,0.031088115865008925,0.022835687632255523,10.420742,0.098,0.167,0.05251
OBAWW,Unknown,0.22950687,2026-09-18,0.031088115865008925,0.022835687632255523,10.420742,0.098,0.167,0.05251
ONMDW,Unknown,0.22950687,2026-09-18,0.031088115865008925,0.022835687632255523,10.420742,0.098,0.167,0.05251
KCHVR,Unknown,0.22950687,2026-09-18,0.031088115865008925,0.022835687632255523,10.420742,0.098,0.167,0.05251
SUMAR,Unknown,0.22950687,2026-09-18,0.031088115865008925,0.022835687632255523,10.420742,0.098,0.167,0.05251
XBPEW,Unknown,0.22950687,2026-09-18,0.031088115865008925,0.022835687632255523,10.420742,0.098,0.167,0.05251
ARTCW,,0.22950687,2026-09-18,0.031088115865008925,0.022835687632255523,10.420742,0.098,0.167,0.05251
SDSTW,Unknown,0.22950687,2026-09-21,0.031088115865008925,0.022835687632255523,10.420742,0.098,0.167,0.05251
SAAQW,Unknown,0.22950687,2026-09-21,0.031088115865008925,0.022835687632255523,10.420742,0.098,0.167,0.05251
SABSW,Unknown,0.22950687,2026-09-21,0.031088115865008925,0.022835687632255523,10.420742,0.098,0.167,0.05251
RVSNW,Unknown,0.22950687,2026-09-21,0.031088115865008925,0.022835687632255523,10.420742,0.098,0.167,0.05251
TRGSR,Unknown,0.22950687,2026-09-21,0.031088115865008925,0.022835687632255523,10.420742,0.098,0.167,0.05251
ZWZZT,Unknown,0.22950687,2026-09-21,0.031088115865008925,0.022835687632255523,10.420742,0.098,0.167,0.05251
SSACW,Unknown,0.22950687,2026-09-21,0.031088115865008925,0.022835687632255523,10.420742,0.098,0.167,0.05251
NMPAR,Unknown,0.22950687,2026-09-21,0.031088115865008925,0.022835687632255523,10.420742,0.098,0.167,0.05251
SVIVW,Unknown,0.22950687,2026-09-21,0.031088115865008925,0.022835687632255523,10.420742,0.098,0.167,0.05251
NCPLW,Unknown,0.22950687,2026-09-21,0.031088115865008925,0.022835687632255523,10.420742,0.098,0.167,0.05251
INACR,Unknown,0.22950687,2026-09-18,0.031088115865008925,0.022835687632255523,10.420742,0.098,0.167,0.05251
CAQUW,,0.22950687,2026-09-21,0.031088115865008925,0.022835687632255523,10.420742,0.098,0.167,0.05251
SVAQW,Unknown,0.22950687,2026-09-21,0.031088115865008925,0.022835687632255523,10.420742,0.098,0.167,0.05251
SZZLR,Unknown,0.22950687,2026-09-11,0.031088115865008925,0.022835687632255523,10.420742,0.098,0.167,0.05251
ONCHW,Unknown,0.22950687,2026-09-11,0.031088115865008925,0.022835687632255523,10.420742,0.098,0.167,0.05251
AACIW,,0.22950687,2026-09-11,0.031088115865008925,0.022835687632255523,10.420742,0.098,0.167,0.05251
LATAW,Unknown,0.22950687,2026-09-15,0.031088115865008925,0.022835687632255523,10.420742,0.098,0.167,0.05251
KOYNW,Unknown,0.22950687,2026-09-15,0.031088115865008925,0.022835687632255523,10.420742,0.098,0.167,0.05251
MDCXW,Unknown,0.22950687,2026-09-15,0.031088115865008925,0.022835687632255523,10.420742,0.098,0.167,0.05251
KWMWW,Unknown,0.22950687,2026-09-08,0.031088115865008925,0.022835687632255523,10.420742,0.098,0.167,0.05251
LIMNW,Unknown,0.22950687,2026-09-09,0.031088115865008925,0.022835687632255523,10.420742,0.098,0.167,0.05251
TACHW,Unknown,0.22950687,2026-09-21,0.031088115865008925,0.022835687632255523,10.420742,0.098,0.167,0.05251
TACOW,Unknown,0.22950687,2026-09-21,0.031088115865008925,0.022835687632255523,10.420742,0.098,0.167,0.05251
NPACW,Unknown,0.22950687,2026-09-21,0.031088115865008925,0.022835687632255523,10.420742,0.098,0.167,0.05251
NUAIW,Unknown,0.22950687,2026-09-21,0.031088115865008925,0.022835687632255523,10.420742,0.098,0.167,0.05251
RSVRW,Unknown,0.22950687,2026-07-27,0.031088115865008925,0.022835687632255523,10.420742,0.098,0.167,0.05251
TAVIR,Unknown,0.22950687,2026-09-21,0.031088115865008925,0.022835687632255523,10.420742,0.098,0.167,0.05251
NHICW,Unknown,0.22950687,2026-09-21,0.031088115865008925,0.022835687632255523,10.420742,0.098,0.167,0.05251
OACCW,Unknown,0.22950687,2026-09-21,0.031088115865008925,0.022835687632255523,10.420742,0.098,0.167,0.05251
NEOVW,Unknown,0.22950687,2026-09-21,0.031088115865008925,0.022835687632255523,10.420742,0.098,0.167,0.05251
NRSNW,Unknown,0.22950687,2026-09-21,0.031088115865008925,0.022835687632255523,10.420742,0.098,0.167,0.05251
SCAGW,Unknown,0.22950687,2026-09-21,0.031088115865008925,0.022835687632255523,10.420742,0.098,0.167,0.05251
WGSWW,Unknown,0.22950687,2026-07-21,0.031088115865008925,0.022835687632255523,10.420742,0.098,0.167,0.05251
WGRX,Unknown,0.22950687,2026-07-21,0.031088115865008925,0.022835687632255523,10.420742,0.098,0.167,0.05251
KRMA,Unknown,0.22950687,2026-07-21,0.031088115865008925,0.022835687632255523,10.420742,0.098,0.167,0.05251
LMFA,Unknown,0.22950687,2026-07-21,0.031088115865008925,0.022835687632255523,10.420742,0.098,0.167,0.05251
MVSTW,Unknown,0.22950687,2026-07-22,0.031088115865008925,0.022835687632255523,10.420742,0.098,0.167,0.05251
WENNW,Unknown,0.22950687,2026-09-21,0.031088115865008925,0.022835687632255523,10.420742,0.098,0.167,0.05251
RZLVW,Unknown,0.22950687,2026-09-21,0.031088115865008925,0.022835687632255523,10.420742,0.098,0.167,0.05251
DRTSW,Unknown,0.22950687,2026-09-21,0.031088115865008925,0.022835687632255523,10.420742,0.098,0.167,0.05251
DRDBW,Unknown,0.22950687,2026-09-21,0.031088115865008925,0.022835687632255523,10.420742,0.098,0.167,0.05251
DSYWW,Unknown,0.22950687,2026-09-21,0.031088115865008925,0.022835687632255523,10.420742,0.098,0.167,0.05251
HPAIW,Unknown,0.22950687,2026-09-09,0.031088115865008925,0.022835687632255523,10.420742,0.098,0.167,0.05251
MYXXR,Unknown,0.22950687,2026-09-09,0.031088115865008925,0.022835687632255523,10.420742,0.098,0.167,0.05251
SVCCW,Unknown,0.22950687,2026-09-09,0.031088115865008925,0.022835687632255523,10.420742,0.098,0.167,0.05251
OABIW,Unknown,0.22950687,2026-09-10,0.031088115865008925,0.022835687632255523,10.420742,0.098,0.167,0.05251
MEVOW,Unknown,0.22950687,2026-09-10,0.031088115865008925,0.022835687632255523,10.420742,0.098,0.167,0.05251
DYORW,Unknown,0.22950687,2026-09-10,0.031088115865008925,0.022835687632255523,10.420742,0.098,0.167,0.05251
MACIW,Unknown,0.22950687,2026-09-11,0.031088115865008925,0.022835687632255523,10.420742,0.098,0.167,0.05251
NBRGR,Unknown,0.22950687,2026-09-21,0.031088115865008925,0.022835687632255523,10.420742,0.098,0.167,0.05251
NIOBW,Unknown,0.22950687,2026-09-21,0.031088115865008925,0.022835687632255523,10.420742,0.098,0.167,0.05251
DYNCW,Unknown,0.22950687,2026-09-21,0.031088115865008925,0.022835687632255523,10.420742,0.098,0.167,0.05251
APPX,Unknown,0.2295042,2026-09-21,-0.861511880317736,0.0595771143838477,10.420742,0.098,0.167,0.05251
LGIH,Unknown,0.22934261,2026-09-21,-0.13309666002585196,0.025136420314412267,10.420742,0.098,0.167,0.05251
OSW,Unknown,0.22929291,2026-09-21,0.021862741586880174,0.027540126115331316,10.420742,0.098,0.167,0.05251
GERN,Unknown,0.22927885,2026-09-21,-0.030303090509739783,0.03252696286826084,10.420742,0.098,0.167,0.05251
EML,Unknown,0.22923347,2026-09-21,-0.02626845246546794,0.029176730633696368,10.420742,0.098,0.167,0.05251
BRLSW,,0.22919488,2026-09-11,0.031088115865008925,0.022835687632255523,10.420742,0.076,0.167,0.05251
BAYAR,,0.22919488,2026-07-06,0.031088115865008925,0.022835687632255523,10.420742,0.098,0.167,0.05251
AFJKR,,0.22919488,2026-09-21,0.031088115865008925,0.022835687632255523,10.420742,0.098,0.167,0.05251
BGLWW,,0.22919488,2026-09-21,0.031088115865008925,0.022835687632255523,10.420742,0.098,0.167,0.05251
ASPCR,,0.22919488,2026-09-21,0.031088115865008925,0.022835687632255523,10.420742,0.098,0.167,0.01285
JFU,Unknown,0.2291756,2026-09-21,-0.0058139019105275525,0.057793530227381845,10.420742,0.098,0.167,0.05251
ALB,Basic Materials,0.22917114,2026-09-21,0.4166520618532126,0.028568197645050555,10.03253,0.311,0.167,0.02648
IBEX,Unknown,0.22908732,2026-09-21,-0.027738117036365306,0.023551816501441468,10.420742,0.098,0.167,0.05251
HRL,Unknown,0.22908233,2026-09-21,-0.1286326970197219,0.02470852539656277,10.420742,0.098,0.167,0.05251
ENLT,Unknown,0.22907366,2026-09-21,1.6471613522657123,0.02768788526583343,10.420742,0.098,0.167,0.05251
XOS,Unknown,0.22907107,2026-09-21,-0.07825619120457727,0.026647677243552843,10.420742,0.098,0.167,0.05251
SCHL,Unknown,0.22905025,2026-09-21,0.3021777663165759,0.01857871569254381,10.420742,0.098,0.167,0.05251
ARMG,Unknown,0.22903454,2026-09-21,1.3414017133813774,0.10886014866993109,10.420742,0.098,0.167,0.05251
JBLU,Unknown,0.2290096,2026-09-21,-0.10707270333122743,0.023999993354827897,10.420742,0.098,0.167,0.05251
MPG,Unknown,0.2289831,2026-09-21,0.031088115865008925,0.06084507878006329,10.420742,0.098,0.167,0.05251
SGRP,Unknown,0.22896245,2026-09-18,-0.3928571390558262,0.0165230359806968,10.420742,0.098,0.167,0.05251
GH,Unknown,0.22886264,2026-09-21,1.9449829172274908,0.030840725829078087,10.420742,0.098,0.167,0.05251
SCSC,Unknown,0.22878583,2026-09-21,0.2914504316553943,0.021105391617714225,10.420742,0.098,0.167,0.05251
NEXR,Unknown,0.22871855,2026-09-21,-0.9975649349767503,0.08738585208034197,10.420742,0.098,0.167,0.05251
IONR,Unknown,0.22870287,2026-09-21,-0.1260053689562648,0.041833055350450905,10.420742,0.098,0.167,0.05251
AOSL,Technology,0.22860157,2026-09-21,-0.10926363720325338,0.030560134657055343,83.09524,-0.035,0.167,-0.05217
ALDFW,,0.22845754,2026-09-21,0.031088115865008925,0.022835687632255523,10.420742,0.098,-0.117,0.05251
CAPNR,,0.22845754,2026-09-21,0.031088115865008925,0.022835687632255523,10.420742,0.098,-0.469,0.05251
EVAX,Unknown,0.22844262,2026-09-21,0.0596026714880904,0.029126168869140955,10.420742,0.098,0.167,0.05251
INGN,Unknown,0.22844002,2026-09-21,-0.41524460878359004,0.013989553903257096,10.420742,0.098,0.167,0.05251
PYPD,Unknown,0.22836629,2026-09-21,0.47714287894112717,0.02166036164456413,10.420742,0.098,0.167,0.05251
UCYB,Unknown,0.22834015,2026-09-21,0.5316687096529207,0.05499946175381255,10.420742,0.098,0.167,0.05251
SPCB,Unknown,0.22830309,2026-09-21,-0.17596560550953633,0.019185152869121123,10.420742,0.098,0.167,0.05251
WSC,Unknown,0.22819164,2026-09-21,-0.19419162082623842,0.020402318864981672,10.420742,0.098,0.167,0.05251
ANSCU,Financial Services,0.2281466,2026-07-22,0.031088115865008925,0.022835687632255523,10.420742,0.098,-0.288,0.05251
CHARR,,0.2281466,2026-09-04,0.031088115865008925,0.022835687632255523,10.420742,0.098,-0.27,0.05251
CCIXU,Financial Services,0.2281466,2026-07-27,0.031088115865008925,0.022835687632255523,10.420742,0.098,-0.45,0.05251
CCIXW,,0.2281466,2026-07-27,0.031088115865008925,0.022835687632255523,10.420742,0.098,-0.45,0.05251
KVHI,Unknown,0.22810745,2026-09-21,0.16693674558102578,0.02750902758368843,10.420742,0.098,0.167,0.05251
GAVA,Unknown,0.22804917,2026-09-21,0.031088115865008925,0.0806743418547434,10.420742,0.098,0.167,0.05251
DRH,Unknown,0.22802025,2026-09-21,0.5294746856010895,0.013438973295697864,10.420742,0.098,0.167,0.05251
MAMA,Unknown,0.22795616,2026-09-21,0.28421560262168133,0.04271199571992239,10.420742,0.098,0.167,0.05251
XYZ,Unknown,0.22790775,2026-09-21,0.007237915712992482,0.02267094388615077,10.420742,0.098,0.167,0.05251
PRGS,Unknown,0.2279077,2026-09-21,-0.06789414755213641,0.03117818014367612,10.420742,0.098,0.167,0.05251
ENTA,Unknown,0.22787215,2026-09-21,0.5408162868107331,0.02843117412048986,10.420742,0.098,0.167,0.05251
ACDC,Energy,0.22785708,2026-09-21,0.32037537950420947,0.045123451931282886,-7.05,-0.008,0.167,-0.44762
RITR,Unknown,0.22783461,2026-09-18,0.031088115865008925,0.022835687632255523,10.420742,0.098,0.167,0.05251
APTV,Consumer Cyclical,0.22781979,2026-09-21,-0.48670495156357896,0.02008847725858871,6.7124753,0.023,-0.353,0.05158
CTNM,Unknown,0.22780633,2026-09-21,0.10322586500185893,0.03197952539288123,10.420742,0.098,0.167,0.05251
CABA,Healthcare,0.22779708,2026-09-21,0.13990817385263532,0.054737930831710926,-1.6715165,0.098,0.167,-0.93205
NICM,Unknown,0.22774065,2026-09-21,0.031088115865008925,0.04690344904061788,10.420742,0.098,0.167,0.05251
OKLL,Unknown,0.22768348,2026-09-21,-0.9601446772947317,0.11268861176332365,10.420742,0.098,0.167,0.05251
BRID,Consumer Defensive,0.22765532,2026-09-21,-0.2584905506467652,0.017465657547853924,10.420742,-0.095,0.167,-0.12668
HIMZ,Unknown,0.22761923,2026-09-21,-0.9133469351692146,0.08001970795294105,10.420742,0.098,0.167,0.05251
KLAG,Unknown,0.22758761,2026-09-21,0.031088115865008925,0.06429607694529618,10.420742,0.098,0.167,0.05251
REAL,Unknown,0.22742644,2026-09-21,-0.09570491268715409,0.02044766113822067,10.420742,0.098,0.167,0.05251
MRK,Unknown,0.22731511,2026-09-21,0.8938378507298443,0.015614214029426797,10.420742,0.098,0.167,0.05251
SSYS,Unknown,0.22727555,2026-09-21,-0.20946629774614012,0.023731126616529333,10.420742,0.098,0.167,0.05251
OSCX,Unknown,0.22714502,2026-09-21,0.031088115865008925,0.16342477970524177,10.420742,0.098,0.167,0.05251
CRON,Healthcare,0.22704655,2026-09-21,0.24344563235034644,0.021645215360261486,-83.125,0.584,0.167,0.07048
ACB,Healthcare,0.22699693,2026-09-21,-0.2196911291808057,0.01801739921927077,-36.818184,-0.088,0.167,-0.09404001
DGXX,Utilities,0.22694328,2026-09-21,0.7530363860531504,0.043031635005593524,10.420742,-0.183,0.167,-0.24707001
HYMC,Unknown,0.22691274,2026-09-21,2.5476602046829706,0.041295224577485024,10.420742,0.098,0.167,0.05251
JEM,Unknown,0.22686438,2026-09-21,-0.9655275470274441,0.19010858615174603,10.420742,0.098,0.167,0.05251
PDFS,Unknown,0.2268327,2026-09-21,1.1272893205070544,0.039352186454851286,10.420742,0.098,0.167,0.05251
ANIP,Healthcare,0.22683036,2026-09-21,-0.1970661269217202,0.016488915466256297,7.459961,0.259,1.911,0.20459
NGHT,Unknown,0.22681648,2026-09-21,0.031088115865008925,0.12927920595654274,10.420742,0.098,0.167,0.05251
VNDA,Unknown,0.22676204,2026-09-21,0.14048677689411693,0.020557320918734218,10.420742,0.098,0.167,0.05251
EXEL,Unknown,0.22675693,2026-09-21,0.4106304152550164,0.02009200498432409,10.420742,0.098,0.167,0.05251
ZUMZ,Unknown,0.22675547,2026-09-21,-0.33555450328093916,0.03824335471782661,10.420742,0.098,0.167,0.05251
PLTZ,Unknown,0.22673938,2026-09-21,-0.7235294139646467,0.0637154319414091,10.420742,0.098,0.167,0.05251
AVX,Technology,0.22669977,2026-09-21,-0.8429078117557874,0.05909294854768618,10.420742,5.232,0.167,-1.8998599
HERE,Unknown,0.22666547,2026-09-21,-0.7918320901307199,0.013032643497392353,10.420742,0.098,0.167,0.05251
VHC,Unknown,0.22662848,2026-09-21,-0.2508771851550279,0.031239196036554007,10.420742,0.098,0.167,0.05251
IPM,Unknown,0.2265868,2026-09-21,-0.24598362416165087,0.01915334784448075,10.420742,0.098,0.167,0.05251
OTEX,Unknown,0.22653168,2026-09-21,-0.35792942749308454,0.025792888594549892,10.420742,0.098,0.167,0.05251
PLRZ,Unknown,0.22650512,2026-09-21,0.7259616751289981,0.05873565089918162,10.420742,0.098,0.167,0.05251
MLYS,Unknown,0.22640456,2026-09-21,-0.29119636353233513,0.04491860371953181,10.420742,0.098,0.167,0.05251
CSCL,Unknown,0.22634739,2026-09-21,1.1727963793742333,0.03046986822450136,10.420742,0.098,0.167,0.05251
OPRA,Unknown,0.22631823,2026-09-21,-0.026345720953154128,0.016743441959388063,10.420742,0.098,0.167,0.05251
PAYP,Unknown,0.22628804,2026-09-21,0.031088115865008925,0.03138410149170844,10.420742,0.098,0.167,0.05251
RAIL,Unknown,0.22614871,2026-09-21,-0.18551038903109096,0.030280035057602208,10.420742,0.098,0.167,0.05251
AMODW,,0.22613597,2026-09-18,0.031088115865008925,0.022835687632255523,10.420742,0.098,0.167,0.05251
BULD,Unknown,0.22611998,2026-09-21,0.38262743570771596,0.015371338239484592,10.420742,0.098,0.167,0.05251
AIOT,Technology,0.2260685,2026-09-21,-0.4779816278573702,0.01715072345243816,10.754717,0.064,0.167,-0.03783
RCKT,Unknown,0.22603965,2026-09-21,0.04258674675525098,0.033673659332487796,10.420742,0.098,0.167,0.05251
DFNS,Industrials,0.22599207,2026-09-21,-0.9885269771174033,0.12767950995422142,-3.3166332,0.098,0.167,-2.75586
TOYO,Unknown,0.22597773,2026-09-21,-0.2224198421449558,0.034655445150313324,10.420742,0.098,0.167,0.05251
ACIU,Healthcare,0.22597301,2026-09-21,0.04761909717695367,0.026409525714701107,4.4264855,10.572,0.167,-0.78528
INDP,Unknown,0.22594658,2026-09-21,0.1459144006773685,0.15452442222799628,10.420742,0.098,0.167,0.05251
BEAT,Healthcare,0.22591765,2026-09-21,-0.7347798793017215,0.03585097032771431,-0.7924529,0.098,0.167,-3.28441
TSAT,Unknown,0.22591585,2026-09-21,1.1205265474925503,0.040172941882082855,10.420742,0.098,0.167,0.05251
UPBD,Unknown,0.22589254,2026-09-21,-0.32242070906389175,0.017962593637217677,10.420742,0.098,0.167,0.05251
AREC,Industrials,0.22580758,2026-09-21,-0.17823249146026277,0.03962629124096825,2.3809524,0.098,0.167,-2.90655
NAMS,Unknown,0.22575516,2026-09-21,-0.164796066394857,0.03559216292748382,10.420742,0.098,0.167,0.05251
AWRE,Technology,0.22574033,2026-09-21,-0.5636363462968306,0.02755925762553159,-9.23077,-0.165,0.167,-0.35032
TNDM,Unknown,0.22571437,2026-09-21,0.3375000162067012,0.0325748786084915,10.420742,0.098,0.167,0.05251
SARK,Unknown,0.22571355,2026-09-21,-0.19807532845917653,0.023714393838711798,10.420742,0.098,0.167,0.05251
TARA,Unknown,0.2256873,2026-09-21,0.09345792795985886,0.02232871103604526,10.420742,0.098,0.167,0.05251
TRAX,Unknown,0.22565798,2026-09-21,0.031088115865008925,0.040873169025847686,10.420742,0.098,0.167,0.05251
RVTY,Unknown,0.22560486,2026-09-21,0.630178671539873,0.028913863975306726,10.420742,0.098,0.167,0.05251
ISSC,Unknown,0.225582,2026-08-24,0.031088115865008925,0.022835687632255523,10.420742,0.098,0.167,0.05251
TYRA,Unknown,0.22556691,2026-09-21,1.0062548806837106,0.07068321144258022,10.420742,0.098,0.167,0.05251
JANX,Unknown,0.22551806,2026-09-21,-0.304918059441583,0.0363817652943325,10.420742,0.098,0.167,0.05251
TENX,Unknown,0.22541913,2026-09-21,-0.7043681706651559,0.08016647329750302,10.420742,0.098,0.167,0.05251
ATHE,Healthcare,0.22540985,2026-09-21,-0.15981735830914856,0.04618543672245237,-3.8114383,-0.79,0.167,-0.54978
TXXH,Unknown,0.22533037,2026-09-21,0.031088115865008925,0.0874881263494729,10.420742,0.098,0.167,0.05251
CHTR,Communication Services,0.22524145,2026-09-21,-0.5225998502814702,0.040257866192687015,2.9878166,-0.017,0.161,0.27201998
ORCU,Unknown,0.2251744,2026-09-21,0.031088115865008925,0.06444941813394904,10.420742,0.098,0.167,0.05251
PFX,Unknown,0.22517055,2026-09-21,-0.032327615425104206,0.03443499995551628,10.420742,0.098,0.167,0.05251
MARPS,Unknown,0.22516575,2026-09-21,0.05459496418822973,0.03507226387188069,10.420742,0.098,0.167,0.05251
LSAK,Unknown,0.22509263,2026-09-21,0.002583818678670413,0.021917525037992255,10.420742,0.098,0.167,0.05251
KSPI,Unknown,0.22505297,2026-09-21,0.14742734287017978,0.020637983152786525,10.420742,0.098,0.167,0.05251
QBTZ,Unknown,0.22502075,2026-09-21,0.031088115865008925,0.09041879877226952,10.420742,0.098,0.167,0.05251
BENFW,,0.2249205,2026-09-21,0.031088115865008925,0.022835687632255523,10.420742,0.098,0.167,0.05251
ZURA,Unknown,0.22492036,2026-09-21,1.170731664767653,0.03957629918879243,10.420742,0.098,0.167,0.05251
DAPP,Unknown,0.22491017,2026-09-21,-0.005990832421409742,0.042413459185926136,10.420742,0.098,0.167,0.05251
TXN,Unknown,0.2248565,2026-09-21,0.5272095730243915,0.01850377019964356,10.420742,0.098,0.167,0.05251
RNAC,Unknown,0.22481695,2026-09-21,-0.2221144392483123,0.02011876813307459,10.420742,0.098,0.167,0.05251
CELC,Healthcare,0.22473621,2026-09-21,0.5264401574292252,0.030836554917315556,-63.857162,0.098,0.167,-14.33703
QCMU,Unknown,0.22472301,2026-09-21,-0.0720630242476209,0.06026640135079641,10.420742,0.098,0.167,0.05251
GRML,Unknown,0.22462635,2026-09-21,-0.6385745308615944,0.5818056042252981,10.420742,0.098,0.167,0.05251
ILMN,Unknown,0.22458367,2026-09-21,1.3282539816065166,0.0328627626078994,10.420742,0.098,0.167,0.05251
PCTY,Unknown,0.224545,2026-09-21,-0.124053099219121,0.021216956658615976,10.420742,0.098,0.167,0.05251
NXTC,Unknown,0.2245126,2026-09-21,-0.013611479628972356,0.0588480515910644,10.420742,0.098,0.167,0.05251
FLEX,Unknown,0.2243754,2026-09-21,0.9150180225247599,0.03263460459782929,10.420742,0.098,0.167,0.05251
COMT,Unknown,0.2243195,2026-09-21,0.49368338790728905,0.013156349806931866,10.420742,0.098,0.167,0.05251
AQST,Healthcare,0.22429402,2026-09-21,-0.026315812335043542,0.031975617841380526,-8.421053,0.381,0.167,0.05251
USAR,Unknown,0.22425896,2026-09-21,0.032932933549949306,0.04082394996607773,10.420742,0.098,0.167,0.05251
SLGL,Healthcare,0.22421658,2026-09-21,1.2067900977537684,0.031093676568343862,-6.962582,-0.966,0.167,-0.40854
MDB,Unknown,0.22420254,2026-09-21,0.26982933504481355,0.04943029871141873,10.420742,0.098,0.167,0.05251
WERN,Unknown,0.22414024,2026-09-21,0.2902718366337269,0.022396380134295412,10.420742,0.098,0.167,0.05251
ODD,Unknown,0.22411029,2026-09-21,-0.708227058659241,0.07472846095015656,10.420742,0.098,0.167,0.05251
CARR,Industrials,0.22409478,2026-09-21,-0.09122626222528007,0.015126112782074031,16.52709,0.039,-0.118,0.08966
AIMD,Technology,0.22404224,2026-09-21,-0.5925926064292728,0.045584111272189407,10.420742,-0.967,0.167,-1.96303
SLXNW,,0.22404039,2026-09-21,0.031088115865008925,0.022835687632255523,10.420742,0.098,0.167,0.05251
BIAFW,,0.22400978,2026-09-21,0.031088115865008925,0.022835687632255523,10.420742,0.19,0.167,-18.60152
ICCC,Unknown,0.22394569,2026-09-21,0.753533649876831,0.01350572728511536,10.420742,0.098,0.167,0.05251
NUG,Unknown,0.2239345,2026-09-21,0.031088115865008925,0.047726549218488776,10.420742,0.098,0.167,0.05251
QQXL,Unknown,0.22388308,2026-09-21,0.46394340775964027,0.022643197677485058,10.420742,0.098,0.167,0.05251
KELYA,Unknown,0.22384372,2026-09-21,0.17413605121644538,0.016796598887127576,10.420742,0.098,0.167,0.05251
VERA,Unknown,0.22374184,2026-09-21,0.29688685077915267,0.037526170233198874,10.420742,0.098,0.167,0.05251
LYFT,Unknown,0.22364679,2026-09-21,-0.2989525910932721,0.028415140948719293,10.420742,0.098,0.167,0.05251
SMH,Unknown,0.2235385,2026-09-21,0.8891454769078027,0.023277151311777926,10.420742,0.098,0.167,0.05251
INDV,Unknown,0.22352019,2026-09-21,0.5495850662514108,0.014500389532133147,10.420742,0.098,0.167,0.05251
ABOS,Healthcare,0.22351944,2026-09-21,1.0037877847148953,0.041083782709135166,-1.8314047,0.098,0.167,-1.20505
CAST,Communication Services,0.22350046,2026-09-21,0.031088115865008925,0.05351904543668579,-5.5555553,-0.354,0.167,0.05251
METD,Unknown,0.22339597,2026-09-21,-0.05981846719914452,0.031117813039047097,10.420742,0.098,0.167,0.05251
RDNW,Unknown,0.223377,2026-09-21,0.33035714570813024,0.0209622809228807,10.420742,0.098,0.167,0.05251
AMCX,Communication Services,0.22329906,2026-09-21,0.4384707439035771,0.025950581229073212,4.379647,-0.088,0.167,-0.00995
WING,Unknown,0.2232907,2026-09-21,-0.5808981979881223,0.03647896777228849,10.420742,0.098,0.167,0.05251
PALU,Unknown,0.22320409,2026-09-21,1.3606902511390833,0.10192060025501234,10.420742,0.098,0.167,0.05251
CRCG,Unknown,0.22315346,2026-09-21,-0.8509496748342001,0.137109770122672,10.420742,0.098,0.167,0.05251
VFF,Unknown,0.22315241,2026-09-21,0.06638373742495984,0.021197223432017572,10.420742,0.098,0.167,0.05251
PLTU,Unknown,0.2231304,2026-09-21,-0.31615490607016494,0.06406329723160306,10.420742,0.098,0.167,0.05251
ACHC,Healthcare,0.22310138,2026-09-21,0.2888536514794353,0.025857795240050514,15.599221,-0.004,-0.636,-0.41445
FEIM,Unknown,0.22309782,2026-09-21,1.8822194260427727,0.10010594200883012,10.420742,0.098,0.167,0.05251
DGICB,Financial Services,0.22296238,2026-09-18,0.3169847802727619,0.03853186079598372,10.420742,-0.024,0.303,0.11179
AFRIW,,0.22288807,2026-09-17,0.031088115865008925,0.022835687632255523,10.420742,-0.222,0.167,-2.02205
CIBR,Unknown,0.22288314,2026-09-21,0.34176129825802515,0.027663716041979206,10.420742,0.098,0.167,0.05251
SUGP,Unknown,0.22283842,2026-09-21,-0.9842948718732474,0.0840158775653055,10.420742,0.098,0.167,0.05251
HRZN,Unknown,0.22273225,2026-09-21,-0.1454254500268597,0.023986571320332807,10.420742,0.098,0.167,0.05251
REXC,Unknown,0.22267279,2026-09-21,0.031088115865008925,0.026131674938232725,10.420742,0.098,0.167,0.05251
IPEXU,Unknown,0.22261743,2026-09-21,0.17272723804820678,0.10341925407756097,10.420742,0.098,0.167,0.05251
SIMO,Unknown,0.22256193,2026-09-21,2.0115241566771993,0.06123947342473099,10.420742,0.098,0.167,0.05251
ENPH,Unknown,0.22253574,2026-09-21,-0.10119665787255194,0.02971719167550543,10.420742,0.098,0.167,0.05251
PSWD,Unknown,0.22242793,2026-09-18,0.27133629924962377,0.02671848001435189,10.420742,0.098,0.167,0.05251
BCG,Financial Services,0.22232975,2026-09-21,-0.3124719305650079,0.03061301917462286,10.420742,0.123,0.167,0.22427
OCUL,Unknown,0.2223288,2026-09-21,-0.2151848661265614,0.031924957705595364,10.420742,0.098,0.167,0.05251
AMSS,Consumer Defensive,0.22212167,2026-09-21,0.031088115865008925,0.057308193528179015,-0.76363635,0.016,0.167,0.05251
CVLT,Unknown,0.22211358,2026-09-21,-0.24847759595014673,0.031089202332457627,10.420742,0.098,0.167,0.05251
AAME,Financial Services,0.22198164,2026-09-21,-0.6093294439362893,0.05764673301688517,10.420742,0.208,0.167,0.04745
NYAX,Unknown,0.2219273,2026-09-21,-0.07659173032310784,0.0380437285791194,10.420742,0.098,0.167,0.05251
UYSCU,Unknown,0.2218813,2026-09-18,0.09011631130592024,0.026583809910163698,10.420742,0.098,0.167,0.05251
AVGG,Unknown,0.22185314,2026-09-21,-0.2012969308217425,0.042964359044893416,10.420742,0.098,0.167,0.05251
FTNT,Unknown,0.22182062,2026-09-21,1.158908639528856,0.03739963097796199,10.420742,0.098,0.167,0.05251
ABNB,Consumer Cyclical,0.22170946,2026-09-21,0.3375706967041161,0.017346895386600943,27.081545,0.165,0.334,0.34542
Z,Unknown,0.2217003,2026-09-21,-0.6574794560457269,0.03060372058548856,10.420742,0.098,0.167,0.05251
SMTC,Unknown,0.22167553,2026-09-21,1.893867576421516,0.060865126159498815,10.420742,0.098,0.167,0.05251
SWBI,Unknown,0.22159363,2026-09-21,0.5119258423333422,0.021921931391177894,10.420742,0.098,0.167,0.05251
CHKP,Technology,0.22153516,2026-09-21,-0.3166530658898349,0.023291127561035435,11.889597,0.013,0.016,0.37639
ASRV,Financial Services,0.22149819,2026-09-21,0.7132709514612872,0.03321461240253691,10.420742,0.426,0.167,0.0728
VSA,Unknown,0.22143589,2026-09-21,-0.9986860841609128,0.03677475243420418,10.420742,0.098,0.167,0.05251
BELT,Unknown,0.22141649,2026-08-12,0.031088115865008925,0.022835687632255523,10.420742,0.098,0.167,0.05251
MDWD,Unknown,0.22141504,2026-09-21,-0.22666665782099182,0.02677305279395743,10.420742,0.098,0.167,0.05251
CAPR,Healthcare,0.22128336,2026-09-21,0.39843744935933567,0.07132683706269569,-6.0766826,0.098,0.167,-0.737
PSIX,Unknown,0.22128192,2026-09-21,-0.5702448144900454,0.05016921877124846,10.420742,0.098,0.167,0.05251
TUGN,Unknown,0.22124755,2026-08-27,0.031088115865008925,0.022835687632255523,10.420742,0.098,0.167,0.05251
ROOT,Unknown,0.22123621,2026-09-21,-0.5037635046402011,0.02364859818389853,10.420742,0.098,0.167,0.05251
MRVL,Unknown,0.22116356,2026-09-21,2.5017191637680907,0.04464622764185646,10.420742,0.098,0.167,0.05251
RNA,Unknown,0.22113934,2026-09-21,0.031088115865008925,0.05427430885540102,10.420742,0.098,0.167,0.05251
AEBI,Industrials,0.22113474,2026-09-21,-0.03880825662649923,0.023792595193118764,9.75,0.787,0.167,0.03568
AIXC,Technology,0.22104336,2026-09-21,-0.6126760362372745,0.11230998184475872,10.420742,0.098,0.167,-11.3665905
CING,Healthcare,0.22103927,2026-09-21,0.49147728080899755,0.026092107740975614,-5.977273,0.098,0.167,-1.9874
IESC,Unknown,0.22095266,2026-09-21,0.7145960523592716,0.04483261082221387,10.420742,0.098,0.167,0.05251
AKAM,Technology,0.220863,2026-09-21,0.5074588741075616,0.03443734642701384,16.147438,0.054,-0.268,0.08918
CLSKW,,0.22082569,2026-09-21,0.031088115865008925,0.022835687632255523,10.420742,-0.305,0.167,-0.68622
RSVR,Unknown,0.22081774,2026-09-21,0.20654910008397498,0.025063818266610142,10.420742,0.098,0.167,0.05251
TSL,Unknown,0.22081067,2026-09-21,-0.17772648224267218,0.03747895361438645,10.420742,0.098,0.167,0.05251
ICHR,Unknown,0.22078389,2026-09-21,2.1065481753702238,0.04048462230364185,10.420742,0.098,0.167,0.05251
BSAA,Financial Services,0.22077413,2026-09-21,0.10059763274096922,0.017585128673602988,10.420742,0.098,0.167,0.05251
KLRA,Unknown,0.22073554,2026-09-21,0.031088115865008925,0.051322073584184696,10.420742,0.098,0.167,0.05251
SUJA,Unknown,0.22071223,2026-09-21,0.031088115865008925,0.05624139501023588,10.420742,0.098,0.167,0.05251
PCVX,Unknown,0.22070833,2026-09-21,0.8217244140506805,0.015047679217612067,10.420742,0.098,0.167,0.05251
MDLN,Unknown,0.22059265,2026-09-21,0.031088115865008925,0.02353230672166216,10.420742,0.098,0.167,0.05251
TERG,Unknown,0.22044696,2026-09-21,0.031088115865008925,0.08657642179435626,10.420742,0.098,0.167,0.05251
LFS,Unknown,0.22043124,2026-09-21,0.031088115865008925,0.02057917610939781,10.420742,0.098,0.167,0.05251
WYFI,Unknown,0.22041485,2026-09-21,-0.14715932154117684,0.05327650456057047,10.420742,0.098,0.167,0.05251
AIMDW,,0.2203873,2026-09-16,0.031088115865008925,0.022835687632255523,10.420742,-0.967,0.167,-1.96303
GMEX,Unknown,0.22035556,2026-09-21,-0.9998840895030271,0.042830676065633615,10.420742,0.098,0.167,0.05251
ULTI,Unknown,0.22032659,2026-09-21,0.031088115865008925,0.03452227486884477,10.420742,0.098,0.167,0.05251
ELTK,Unknown,0.22027056,2026-09-21,-0.2104752655649863,0.04014651402934898,10.420742,0.098,0.167,0.05251
MUD,Unknown,0.22016361,2026-09-21,-0.9912533617699851,0.0327193265325543,10.420742,0.098,0.167,0.05251
CTMX,Unknown,0.22016118,2026-09-21,0.37009810223482353,0.05024577874787935,10.420742,0.098,0.167,0.05251
AMDL,Unknown,0.22014214,2026-09-21,7.102226935681328,0.07382586715159548,10.420742,0.098,0.167,0.05251
OLMA,Unknown,0.22013886,2026-09-21,0.1374853166658112,0.02863952210946665,10.420742,0.098,0.167,0.05251
SCOR,Unknown,0.22010754,2026-09-21,-0.254629643597339,0.030142874703148435,10.420742,0.098,0.167,0.05251
LQDT,Unknown,0.22010213,2026-09-21,0.5332861043910015,0.02000867719654135,10.420742,0.098,0.167,0.05251
ANDE,Consumer Defensive,0.22009815,2026-09-21,0.7452563818091476,0.021711123687109993,11.011696,-0.012,6.182,0.12159
APC,Energy,0.22009017,2026-09-21,0.031088115865008925,0.01640524794401774,17.198114,0.274,-0.102,0.05251
SKYY,Unknown,0.22002773,2026-09-21,0.2265973091462048,0.018882409195803033,10.420742,0.098,0.167,0.05251
MANH,Unknown,0.22001433,2026-09-21,-0.03975031505484117,0.02108559332916159,10.420742,0.098,0.167,0.05251
AQMS,Industrials,0.21984334,2026-09-21,-0.3937197895143967,0.05732141980930654,-1.56875,0.098,0.167,-2.18392
AGPU,Technology,0.21972066,2026-09-21,-0.1344140954929114,0.055011158503832015,10.420742,1197.729,0.167,-15.65237
CHRW,Industrials,0.21959215,2026-09-21,0.13336827353157932,0.01737031336918843,20.415457,0.193,0.238,0.37123
DERM,Healthcare,0.21949309,2026-09-21,-0.0502062960214269,0.02779122720568927,-115.083336,0.233,0.167,-0.23768999
SPRX,Unknown,0.21939223,2026-09-21,0.23862905913895616,0.03458838518563875,10.420742,0.098,0.167,0.05251
NHIC,Unknown,0.2193411,2026-09-21,-0.1397637891358472,0.025057061507702132,10.420742,0.098,0.167,0.05251
SPSC,Unknown,0.2192578,2026-09-21,-0.24325816782322385,0.02584220582711411,10.420742,0.098,0.167,0.05251
MMYT,Unknown,0.21925026,2026-09-21,-0.5131949796001299,0.027161209943617454,10.420742,0.098,0.167,0.05251
EIKN,Unknown,0.21916613,2026-09-21,0.031088115865008925,0.05747880962906017,10.420742,0.098,0.167,0.05251
BTCT,Technology,0.21916129,2026-09-21,-0.5085910978110144,0.16198175506589532,-0.17875,0.004,0.167,-0.23511
AIRG,Technology,0.21914762,2026-09-21,0.20681814265645326,0.02520621390750523,17.129032,0.006,0.167,-0.23716
AIPO,Unknown,0.21904764,2026-09-21,0.3222659001772248,0.022624719570424213,10.420742,0.098,0.167,0.05251
COCHW,,0.21904238,2026-09-18,0.031088115865008925,0.022835687632255523,10.420742,-0.346,0.167,0.05251
IDYA,Unknown,0.21895424,2026-09-21,0.47654466691268693,0.02071547227478754,10.420742,0.098,0.167,0.05251
DFLIW,,0.2188775,2026-09-21,0.031088115865008925,0.022835687632255523,10.420742,-0.19,0.167,-16.93428
COP,Energy,0.21866995,2026-09-21,0.41277633231142774,0.02015534245817081,13.342026,0.355,1.07,0.1418
AACBU,Financial Services,0.2186695,2026-08-27,0.031088115865008925,0.022835687632255523,10.420742,0.098,-0.732,0.05251
LEE,Unknown,0.21865538,2026-09-21,0.33831775234467965,0.024269019949656672,10.420742,0.098,0.167,0.05251
BNTC,Healthcare,0.21862933,2026-09-21,-0.22015725333066838,0.029789961087690577,-1.1650743,0.098,0.167,-0.33208
GIII,Unknown,0.21847604,2026-09-21,0.033545893457376685,0.028847451842586712,10.420742,0.098,0.167,0.05251
ADSEW,,0.21839309,2026-09-21,0.031088115865008925,0.022835687632255523,10.420742,-0.449,0.167,0.05251
IMMR,Unknown,0.2183154,2026-09-21,0.0313594259060308,0.021576798263902873,10.420742,0.098,0.167,0.05251
FLXS,Unknown,0.21823047,2026-09-21,0.594622243460613,0.015327265321701238,10.420742,0.098,0.167,0.05251
CRWL,Unknown,0.21822661,2026-09-21,1.4090463841616305,0.12678919561329166,10.420742,0.098,0.167,0.05251
BIS,Unknown,0.21821475,2026-09-21,-0.555328313397725,0.02621480596152492,10.420742,0.098,0.167,0.05251
PFSA,Unknown,0.21821293,2026-09-21,-0.9992588235350216,0.11269374438967693,10.420742,0.098,0.167,0.05251
FISV,Unknown,0.21820739,2026-09-21,-0.651997300315456,0.022853607942326323,10.420742,0.098,0.167,0.05251
CDNL,Industrials,0.2181136,2026-09-21,0.031088115865008925,0.04191627804449605,13.969433,1.139,0.167,0.11915
UCTT,Unknown,0.21809845,2026-09-21,1.594479798336692,0.04533508652021711,10.420742,0.098,0.167,0.05251
XE,Unknown,0.21809837,2026-09-21,0.031088115865008925,0.05812299850715131,10.420742,0.098,0.167,0.05251
HQY,Unknown,0.21797855,2026-09-21,-0.0068521686828147965,0.027883079024064096,10.420742,0.098,0.167,0.05251
GRWG,Unknown,0.21794371,2026-09-21,-0.09011626093693237,0.01800704793003341,10.420742,0.098,0.167,0.05251
FINX,Unknown,0.21784481,2026-09-21,-0.24719673348279103,0.02092800943779735,10.420742,0.098,0.167,0.05251
INCY,Unknown,0.21782249,2026-09-21,0.45139534528865366,0.016410569709679957,10.420742,0.098,0.167,0.05251
GPCR,Unknown,0.21771921,2026-09-21,0.5546707873499184,0.0417786260377991,10.420742,0.098,0.167,0.05251
SGA,Unknown,0.21770976,2026-09-21,-0.2344923762343536,0.02042221880621861,10.420742,0.098,0.167,0.05251
ASTLW,,0.21769011,2026-09-21,0.031088115865008925,0.022835687632255523,10.420742,-0.546,0.167,-1.39133
RILY,Unknown,0.2176751,2026-09-21,-0.18435750320599742,0.022013193689182833,10.420742,0.098,0.167,0.05251
HUTG,Unknown,0.21766032,2026-09-21,0.031088115865008925,0.1115571694615119,10.420742,0.098,0.167,0.05251
MBUU,Unknown,0.21762541,2026-09-21,-0.28669866075331474,0.034330936305412924,10.420742,0.098,0.167,0.05251
CPSH,Technology,0.2174973,2026-09-21,0.2089553152327841,0.028659002971872325,10.420742,0.029,-0.72,-0.00148
SHEN,Unknown,0.21747138,2026-09-21,-0.13155832414925606,0.02011516753590744,10.420742,0.098,0.167,0.05251
INKT,Unknown,0.21744804,2026-09-21,-0.1918567150039744,0.027519074100096432,10.420742,0.098,0.167,0.05251
EGGQ,Unknown,0.21736835,2026-09-21,0.18454279116902472,0.026744339058755263,10.420742,0.098,0.167,0.05251
CRMG,Unknown,0.21735898,2026-09-21,-0.31521738629660623,0.1086504952110506,10.420742,0.098,0.167,0.05251
FUTG,Unknown,0.21731451,2026-09-21,0.031088115865008925,0.06154313053836195,10.420742,0.098,0.167,0.05251
ABLVW,,0.21728767,2026-09-21,0.031088115865008925,0.022835687632255523,10.420742,-0.106,0.167,-0.37237
RAND,Unknown,0.21698394,2026-09-21,-0.1812711347725091,0.03439512078802778,10.420742,0.098,0.167,0.05251
CYTK,Unknown,0.21695068,2026-09-21,0.37046057612220906,0.024629669983707806,10.420742,0.098,0.167,0.05251
WGS,Unknown,0.21670054,2026-09-21,-0.2508989680501683,0.032278392801526494,10.420742,0.098,0.167,0.05251
FDIG,Unknown,0.21666929,2026-09-21,0.002530603596813119,0.030168110416822894,10.420742,0.098,0.167,0.05251
CELUW,,0.21663101,2026-07-17,0.031088115865008925,0.022835687632255523,10.420742,-0.774,0.167,0.05251
MIRM,Unknown,0.21662998,2026-09-21,0.22470795433262403,0.02334190310317036,10.420742,0.098,0.167,0.05251
SEV,Unknown,0.21659365,2026-09-21,0.031088115865008925,0.028797973543264466,10.420742,0.098,0.167,0.05251
AGCC,Consumer Defensive,0.21656413,2026-09-21,0.031088115865008925,0.03209537211229776,10.420742,2.741,-0.64,0.10357001
SNDX,Unknown,0.21653998,2026-09-21,0.16828475468564275,0.025502489359872895,10.420742,0.098,0.167,0.05251
HALO,Unknown,0.21644238,2026-09-21,0.45507298518765205,0.013135142604133473,10.420742,0.098,0.167,0.05251
GGRP,Unknown,0.21643981,2026-08-28,0.031088115865008925,0.022835687632255523,10.420742,0.098,0.167,0.05251
CISO,Technology,0.21635681,2026-09-21,-0.7984426234954469,0.034313408450687186,-1.4464706,-0.137,0.167,-0.28827998
AACBR,,0.21627279,2026-08-19,0.031088115865008925,0.022835687632255523,10.420742,0.098,-0.732,0.05251
CCAQW,,0.21627279,2026-09-21,0.031088115865008925,0.022835687632255523,10.420742,0.098,-0.666,0.05251
SWMR,Unknown,0.2162609,2026-09-21,0.031088115865008925,0.09047235336655299,10.420742,0.098,0.167,0.05251
UNCY,Unknown,0.2162436,2026-09-21,0.1723716130572699,0.030491953894214774,10.420742,0.098,0.167,0.05251
KINS,Unknown,0.21621361,2026-09-21,0.4271385300841142,0.016908246695116372,10.420742,0.098,0.167,0.05251
STX,Unknown,0.21614201,2026-09-21,3.0557857283315473,0.0372593116793903,10.420742,0.098,0.167,0.05251
TCAN,Unknown,0.21611974,2026-09-21,0.031088115865008925,0.06366580152990116,10.420742,0.098,0.167,0.05251
BRAI,Technology,0.21603487,2026-09-21,0.031088115865008925,0.029482818161040487,10.420742,0.098,0.167,0.05251
ON,Unknown,0.216022,2026-09-21,0.3733358632167223,0.03740969204088926,10.420742,0.098,0.167,0.05251
BEAGR,,0.21597378,2026-09-18,0.031088115865008925,0.022835687632255523,10.420742,0.098,-0.604,0.05251
ALFUW,,0.21597378,2026-09-21,0.031088115865008925,0.022835687632255523,10.420742,0.098,-0.636,0.05251
BKHAR,,0.21597378,2026-09-18,0.031088115865008925,0.022835687632255523,10.420742,0.098,-0.633,0.05251
BRO,Financial Services,0.21593608,2026-09-21,-0.2875032480934666,0.018333396577788937,13.439968,0.324,0.071,0.10023
ADXN,Healthcare,0.21587318,2026-09-21,-0.6700740625828873,0.0576659314428715,-66.81,-0.892,0.167,-1.2228
POCI,Unknown,0.21586008,2026-09-21,0.006756696528056327,0.021420698055865366,10.420742,0.098,0.167,0.05251
FRVO,Unknown,0.21583125,2026-09-21,0.031088115865008925,0.08702789884451398,10.420742,0.098,0.167,0.05251
SANM,Unknown,0.2158066,2026-09-21,0.7350255160003489,0.037036329024373565,10.420742,0.098,0.167,0.05251
NOW,Unknown,0.21575713,2026-09-21,-0.27532868928882104,0.039892653475083986,10.420742,0.098,0.167,0.05251
CRTO,Communication Services,0.2157549,2026-09-21,-0.24082467637297122,0.017806973686436182,4.31337,-0.113,-0.436,0.09319
ATXG,Industrials,0.21567841,2026-09-18,-0.6296296221542282,0.042030029614586815,10.420742,3.16,0.167,-0.09578
ZG,Unknown,0.21567474,2026-09-21,-0.6378412838847844,0.030043388718784335,10.420742,0.098,0.167,0.05251
SPAM,Unknown,0.215671,2026-09-21,0.3462181476294872,0.02744886424084519,10.420742,0.098,0.167,0.05251
AVGU,Unknown,0.21564026,2026-09-21,-0.19306118229008895,0.04305158147774338,10.420742,0.098,0.167,0.05251
III,Unknown,0.21562527,2026-09-21,0.003948605581824527,0.018099071873206165,10.420742,0.098,0.167,0.05251
REAX,Unknown,0.21561281,2026-09-21,-0.6549295904373753,0.07970963491209805,10.420742,0.098,0.167,0.05251
BNTX,Healthcare,0.21559118,2026-09-21,0.023569767729252566,0.026898893366486994,-17.446384,-0.595,0.167,-0.09300999
NTCT,Unknown,0.21541397,2026-09-21,0.4861857381406425,0.015704346813406808,10.420742,0.098,0.167,0.05251
MCFT,Unknown,0.21525796,2026-09-21,-0.11653296385395928,0.03088440204653627,10.420742,0.098,0.167,0.05251
CLNN,Consumer Defensive,0.2152216,2026-09-21,-0.2974683644584002,0.06671318317852108,-1.8196721,2.333,0.167,0.05251
EXPE,Unknown,0.21517201,2026-09-21,0.28492867177392744,0.030577305117423435,10.420742,0.098,0.167,0.05251
KBDU,Unknown,0.21512446,2026-09-21,0.031088115865008925,0.04796482443282165,10.420742,0.098,0.167,0.05251
AVGX,Unknown,0.21500827,2026-09-21,-0.2149988673590748,0.04355004909923458,10.420742,0.098,0.167,0.05251
CPB,Consumer Defensive,0.21499476,2026-09-21,-0.36085444269037514,0.022237708204837253,10.977695,-0.079,0.167,0.1005
GEN,Unknown,0.2148818,2026-09-21,0.03603495992936123,0.02096037113574256,10.420742,0.098,0.167,0.05251
FDRX,Unknown,0.21486822,2026-09-18,0.031088115865008925,0.033682265275342155,10.420742,0.098,0.167,0.05251
BBLG,Healthcare,0.21483055,2026-09-21,-0.7756542138643516,0.029609623739181676,-0.7097015,0.098,0.167,-0.5496
SPTX,Unknown,0.2147754,2026-09-21,0.031088115865008925,0.05402390333876409,10.420742,0.098,0.167,0.05251
CNET,Communication Services,0.21469171,2026-09-21,-0.3077884245941611,0.04721723086128389,10.420742,0.19,0.167,-0.21361999
CENN,Consumer Cyclical,0.21466419,2026-09-21,-0.8682870709314937,0.03662339591389092,10.420742,-0.029,0.167,-1.17962
DUOG,Unknown,0.21459918,2026-09-21,0.031088115865008925,0.07010852792599105,10.420742,0.098,0.167,0.05251
RDNT,Unknown,0.21459706,2026-09-21,-0.04093760853057549,0.02175621483079356,10.420742,0.098,0.167,0.05251
ROCK,Unknown,0.21448594,2026-09-21,-0.32225805713284406,0.0263958616992192,10.420742,0.098,0.167,0.05251
TXXS,Unknown,0.2144679,2026-09-21,0.031088115865008925,0.14849852711603206,10.420742,0.098,0.167,0.05251
GILT,Unknown,0.21433812,2026-09-21,-0.12543854380284836,0.022662825136961662,10.420742,0.098,0.167,0.05251
LYEL,Unknown,0.21432264,2026-09-21,-0.13765828145025794,0.031042517337864728,10.420742,0.098,0.167,0.05251
CGNT,Technology,0.21425128,2026-09-21,-0.002344607821269995,0.02448114372708578,11.0064945,0.12,1.777,0.02181
BBSI,Industrials,0.21424012,2026-09-21,-0.29354385121958115,0.014747053497628707,16.192593,0.038,-0.257,0.16333
HLIT,Unknown,0.2142327,2026-09-21,0.08038138245868343,0.025341606077138232,10.420742,0.098,0.167,0.05251
MSGY,Unknown,0.21421432,2026-09-21,-0.9846141588808608,0.04243512592502273,10.420742,0.098,0.167,0.05251
PLTR,Unknown,0.21417442,2026-09-21,0.027270181358600487,0.03215705331004056,10.420742,0.098,0.167,0.05251
RIGL,Unknown,0.21417363,2026-09-21,0.33494725483046484,0.02136865733598791,10.420742,0.098,0.167,0.05251
AEVA,Technology,0.21410185,2026-09-21,-0.0970193303255713,0.04257930508066887,-9.645522,0.113,0.167,0.05251
VKTX,Unknown,0.2141008,2026-09-21,0.14957751203812353,0.02492296146090895,10.420742,0.098,0.167,0.05251
BGLC,Basic Materials,0.21409157,2026-09-21,-0.736824549685848,0.04335051440940697,10.420742,-0.966,0.167,-0.33661
ANSC,Financial Services,0.21404643,2026-08-11,0.031088115865008925,0.022835687632255523,10.420742,0.098,-0.288,0.05251
CCIX,Financial Services,0.21404643,2026-07-27,0.031088115865008925,0.022835687632255523,10.420742,0.098,-0.45,0.05251
AVS,Unknown,0.21401821,2026-09-21,-0.1897085374169012,0.02137317341098894,10.420742,0.098,0.167,0.05251
ALVOW,,0.21396716,2026-09-18,0.031088115865008925,0.022835687632255523,10.420742,-0.389,0.167,0.05251
QNCX,Unknown,0.21395746,2026-09-21,-0.9050310561375589,0.042340304820151956,10.420742,0.098,0.167,0.05251
OWLS,Unknown,0.21383591,2026-09-21,0.031088115865008925,0.026085267956228654,10.420742,0.098,0.167,0.05251
OLOX,Unknown,0.21381527,2026-09-21,-0.9910836540735685,0.11357735097990418,10.420742,0.098,0.167,0.05251
FVN,Unknown,0.21378648,2026-09-21,-0.0882070996524712,0.17734845816831887,10.420742,0.098,0.167,0.05251
SLB,Energy,0.21378526,2026-09-21,0.5300363775280514,0.026065909879236366,16.171295,0.05,-0.297,0.12909001
TTMI,Unknown,0.21378045,2026-09-21,1.3561695617047134,0.045847773382953136,10.420742,0.098,0.167,0.05251
VEEA,Unknown,0.21373308,2026-09-21,-0.7061155781321409,0.36629459428159483,10.420742,0.098,0.167,0.05251
STAA,Unknown,0.21367316,2026-09-21,-0.25405006101970684,0.023266187702701613,10.420742,0.098,0.167,0.05251
OPXS,Unknown,0.21366462,2026-09-21,-0.1531604797368168,0.022634476895861774,10.420742,0.098,0.167,0.05251
PPTA,Unknown,0.21361043,2026-09-21,0.3532452425290764,0.030121126663398494,10.420742,0.098,0.167,0.05251
LSE,Unknown,0.21357673,2026-09-21,-0.09760584709509124,0.045142183330795574,10.420742,0.098,0.167,0.05251
SRTS,Unknown,0.21352579,2026-09-21,-0.035031888483889495,0.025187240579351455,10.420742,0.098,0.167,0.05251
CNTY,Consumer Cyclical,0.2135013,2026-09-21,-0.5802238910533875,0.016661526423987463,-2.25,0.008,0.167,-6.7608004
IREN,Unknown,0.2133936,2026-09-21,0.31676765321544753,0.053626114320306506,10.420742,0.098,0.167,0.05251
ALGS,Healthcare,0.21339068,2026-09-21,-0.45945943752879403,0.0495492739408318,-1.0292988,27.785,0.167,-1.13588
MEOH,Unknown,0.21335143,2026-09-21,0.5097374678119655,0.022257236170573447,10.420742,0.098,0.167,0.05251
SRZN,Unknown,0.21335013,2026-09-21,0.3864775663631572,0.030043935399075912,10.420742,0.098,0.167,0.05251
CGC,Healthcare,0.21334553,2026-09-21,-0.32985508555901255,0.014741750256036272,-7.609952,0.125,0.167,-0.39508
GSM,Unknown,0.21325107,2026-09-21,0.013108509674737645,0.0330666776638912,10.420742,0.098,0.167,0.05251
LSTR,Unknown,0.21321441,2026-09-21,0.3781551174789002,0.014158907662451788,10.420742,0.098,0.167,0.05251
AVL,Unknown,0.2131691,2026-09-21,-0.18308408020128453,0.04303767914896303,10.420742,0.098,0.167,0.05251
CRNT,Technology,0.21314602,2026-09-21,-0.17125982256400973,0.01828498038211791,11.797752,0.142,0.167,-0.01906
SANA,Unknown,0.21313827,2026-09-21,-0.05927049711361332,0.04436670628540949,10.420742,0.098,0.167,0.05251
PWRL,Unknown,0.21313177,2026-09-21,0.031088115865008925,0.029819986578464852,10.420742,0.098,0.167,0.05251
AGMB,Healthcare,0.21312769,2026-09-21,0.031088115865008925,0.0515337659992025,-5.598063,0.098,0.167,0.05251
DTCR,Unknown,0.21311039,2026-09-21,0.43752412460251855,0.016757135508469058,10.420742,0.098,0.167,0.05251
SKRE,Unknown,0.21308024,2026-09-21,-0.29208278760933404,0.018960565518319785,10.420742,0.098,0.167,0.05251
RYTM,Unknown,0.21305613,2026-09-21,0.0016236658334516374,0.02064805474879811,10.420742,0.098,0.167,0.05251
DAL,Unknown,0.2130531,2026-09-21,0.401750742834591,0.017289589705988068,10.420742,0.098,0.167,0.05251
WGMI,Unknown,0.21302532,2026-09-21,0.24598542544271362,0.04617610380479914,10.420742,0.098,0.167,0.05251
CDLX,Communication Services,0.21293679,2026-09-21,-0.8662322971387555,0.042062882220252555,-1.116874,-0.365,0.167,-5.13156
ENTG,Unknown,0.2128374,2026-09-21,0.5025322812309168,0.03811704306922428,10.420742,0.098,0.167,0.05251
CLRB,Healthcare,0.21283326,2026-09-21,-0.566484478385292,0.014768404446235561,-1.2532638,0.098,0.167,-1.19573
AIFD,Unknown,0.21280149,2026-09-21,0.5332106104012602,0.017392119794062265,10.420742,0.098,0.167,0.05251
FCXG,Unknown,0.21268074,2026-09-21,0.031088115865008925,0.05331117762350926,10.420742,0.098,0.167,0.05251
MTCH,Unknown,0.21267107,2026-09-21,0.14123114023081795,0.016259320816270743,10.420742,0.098,0.167,0.05251
FIGR,Unknown,0.21265814,2026-09-21,-0.17892295566018468,0.050492563899952436,10.420742,0.098,0.167,0.05251
SHOP,Unknown,0.21259555,2026-09-21,-0.10265600835255939,0.03421839684600606,10.420742,0.098,0.167,0.05251
VFS,Unknown,0.21259494,2026-09-21,-0.0015243524591314062,0.02198485976355326,10.420742,0.098,0.167,0.05251
UNIT,Unknown,0.21255101,2026-09-21,0.3895349215984081,0.017929163279803213,10.420742,0.098,0.167,0.05251
ODTX,Unknown,0.21254249,2026-09-21,0.031088115865008925,0.053490513410758625,10.420742,0.098,0.167,0.05251
HYDR,Unknown,0.21252206,2026-09-21,0.375210724333497,0.02507989959868276,10.420742,0.098,0.167,0.05251
FIVE,Unknown,0.21242422,2026-09-21,0.5289500767455038,0.026431108278434205,10.420742,0.098,0.167,0.05251
GEVG,Unknown,0.21225238,2026-09-21,0.031088115865008925,0.06204587120344711,10.420742,0.098,0.167,0.05251
DETX,Industrials,0.21224046,2026-09-21,0.031088115865008925,0.07858905919255772,10.420742,-0.902,0.167,-3.26125
ZNB,Unknown,0.21222444,2026-09-21,-0.9989657738201675,0.04571319373944219,10.420742,0.098,0.167,0.05251
CALM,Consumer Defensive,0.21213494,2026-09-21,-0.2845251020408317,0.015208199760667378,20.267784,-0.499,0.167,0.122200005
FTRK,Unknown,0.21207702,2026-09-18,0.031088115865008925,0.54825112137761,10.420742,0.098,0.167,0.05251
LFWD,Unknown,0.21206346,2026-09-21,0.042410763861220335,0.024543858587190544,10.420742,0.098,0.167,0.05251
BIOA,Healthcare,0.21205351,2026-09-21,0.5172414549087876,0.03248415553376486,-3.2886698,0.016,0.167,-0.28211
CLWT,Industrials,0.21199988,2026-09-21,0.1407406923375185,0.0293416858259566,10.420742,-0.092,-0.558,0.0100300005
DNUT,Unknown,0.2119079,2026-09-21,-0.16758244943250156,0.018169123074278502,10.420742,0.098,0.167,0.05251
ZYME,Unknown,0.21184827,2026-09-21,0.6243177816366856,0.03329782259118074,10.420742,0.098,0.167,0.05251
CAR,Industrials,0.21176921,2026-09-21,-0.24422782374454333,0.02569871138833006,19.523943,-0.013,8.8,0.05251
IQV,Unknown,0.21172883,2026-09-21,0.4165090312858932,0.014108122642060208,10.420742,0.098,0.167,0.05251
DVA,Unknown,0.21172754,2026-09-21,0.40912232609426424,0.02028655948493726,10.420742,0.098,0.167,0.05251
BLIV,Technology,0.21171668,2026-09-21,-0.4473007615971789,0.0250280258978842,10.420742,-0.625,0.167,-1.5514901
SPRB,Unknown,0.21164848,2026-09-21,5.076775556736749,0.05062108564791435,10.420742,0.098,0.167,0.05251
NCNO,Unknown,0.21164596,2026-09-21,-0.32651386982754194,0.029819972824797966,10.420742,0.098,0.167,0.05251
CMII,Financial Services,0.21152748,2026-09-03,0.031088115865008925,0.022835687632255523,10.420742,0.098,0.167,0.05251
TRNS,Unknown,0.21149853,2026-09-21,0.14945867459865858,0.022260877134399632,10.420742,0.098,0.167,0.05251
MST,Unknown,0.21148461,2026-09-21,-0.8793359515729989,0.12305254911424447,10.420742,0.098,0.167,0.05251
ROL,Unknown,0.21146464,2026-09-21,-0.4066301493225949,0.01536983506419442,10.420742,0.098,0.167,0.05251
QQDN,Unknown,0.21129009,2026-09-21,-0.263185705652369,0.021433437789801783,10.420742,0.098,0.167,0.05251
BODI,Communication Services,0.21127877,2026-09-21,-0.26470590297738517,0.020793291667001574,-0.99800396,-0.224,0.167,0.43447
CDT,Healthcare,0.21125108,2026-09-21,-0.999886588923872,0.11756759682340276,10.420742,0.098,0.167,-0.6968
ATOS,Healthcare,0.21124533,2026-09-21,-0.827272726944327,0.034184491385986476,-0.522831,0.098,0.167,-0.89225996
AMAL,Financial Services,0.21120076,2026-09-21,0.6968805211313218,0.011582242923774692,10.299076,0.235,0.369,0.14276
METC,Unknown,0.21104805,2026-09-21,-0.6993855092704113,0.057524418413155524,10.420742,0.098,0.167,0.05251
BTOC,Industrials,0.21103884,2026-09-21,-0.7711864214147577,0.033105621021057595,10.420742,-0.091,0.167,-0.94988996
DHCNL,,0.21103056,2026-09-21,0.031088115865008925,0.022835687632255523,10.420742,-0.0,0.167,-0.15776
DJCO,Unknown,0.21096131,2026-09-21,0.5064191072141548,0.015461818080022892,10.420742,0.098,0.167,0.05251
AALG,Unknown,0.21096063,2026-09-21,-0.17962016108313417,0.03582614673770921,10.420742,0.098,0.167,0.05251
QRVO,Unknown,0.2108151,2026-09-21,0.301566165655911,0.0365666271538655,10.420742,0.098,0.167,0.05251
NICE,Unknown,0.21077707,2026-09-21,-0.24667945139345215,0.03347813607175095,10.420742,0.098,0.167,0.05251
MDAI,Unknown,0.21063899,2026-09-21,-0.23981904138040255,0.019291975872112867,10.420742,0.098,0.167,0.05251
PEGA,Unknown,0.21050146,2026-09-21,-0.4140427519022112,0.028123154111489856,10.420742,0.098,0.167,0.05251
AFJKU,Financial Services,0.21047577,2026-09-18,0.15555555555555545,0.0327234633524184,10.420742,0.098,0.167,0.05251
CRBP,Healthcare,0.21044955,2026-09-21,-0.34165230888904086,0.05718597923182264,-1.3784772,0.098,0.167,-0.9558
IMTX,Unknown,0.21033275,2026-09-21,0.31921332691298443,0.023048143091297327,10.420742,0.098,0.167,0.05251
UCAR,Unknown,0.21024674,2026-09-21,-0.7906490395857385,3.2983510210967055,10.420742,0.098,0.167,0.05251
WWD,Unknown,0.21018358,2026-09-21,0.36175971039612276,0.016224077692404817,10.420742,0.098,0.167,0.05251
F,Unknown,0.2100939,2026-09-21,0.17455409631487284,0.021067816359518356,10.420742,0.098,0.167,0.05251
SETM,Unknown,0.2100597,2026-09-21,0.39560636526781456,0.021812484831236295,10.420742,0.098,0.167,0.05251
ASMB,Healthcare,0.21000913,2026-09-21,0.15356982514572337,0.037148553066649596,-9.9853525,0.389,0.167,-0.00026
IVZ,Unknown,0.210001,2026-09-21,0.4233076814870802,0.016725441906723558,10.420742,0.098,0.167,0.05251
TMDX,Unknown,0.20997751,2026-09-21,-0.2720065666974467,0.025465253948273134,10.420742,0.098,0.167,0.05251
ITRN,Unknown,0.20983817,2026-09-21,0.5365221720288025,0.012937911369728532,10.420742,0.098,0.167,0.05251
ARKO,Consumer Cyclical,0.20980465,2026-09-21,-0.13089223838887154,0.027731482207247755,85.299995,0.222,-0.75,0.040949997
BNZIW,,0.20975356,2026-08-06,0.031088115865008925,0.022835687632255523,10.420742,-0.202,0.167,-4.93849
BA,Industrials,0.20969735,2026-09-21,-0.06772239051433426,0.01510895832471927,49.10546,0.08,0.167,1.73537
MDRR,Unknown,0.20964907,2026-09-18,-0.10949707848334633,0.03121189382466388,10.420742,0.098,0.167,0.05251
VRCA,Unknown,0.20962895,2026-09-21,0.11014855838198301,0.038150593588053346,10.420742,0.098,0.167,0.05251
BANFP,Unknown,0.20957236,2026-09-21,0.12930868646667948,0.026567046501097813,10.420742,0.098,0.167,0.05251
API,Technology,0.20953,2026-09-21,0.1105398599385885,0.027074693963705588,-48.22222,0.18,1.4,0.019550001
BEEP,Industrials,0.20947719,2026-09-21,-0.10191087928996823,0.024720614360575485,-16.588234,-0.011,0.167,-0.15803
MOS,Unknown,0.20946838,2026-09-21,-0.2754717652746226,0.021459898124119033,10.420742,0.098,0.167,0.05251
CRUS,Technology,0.20943256,2026-09-21,-0.020896150235488853,0.02447126523594765,13.496326,0.129,0.289,0.20903999
KYIV,Unknown,0.20935616,2026-09-21,0.19111107720269094,0.02310479799663039,10.420742,0.098,0.167,0.05251
QQUP,Unknown,0.20934127,2026-09-21,0.18199101449368005,0.021559229305001357,10.420742,0.098,0.167,0.05251
HAL,Unknown,0.20933416,2026-09-21,0.5315127269923356,0.01922842817780018,10.420742,0.098,0.167,0.05251
NSYS,Unknown,0.20920387,2026-09-21,0.19783782958984375,0.02831615473628258,10.420742,0.098,0.167,0.05251
RILYZ,Unknown,0.20920241,2026-09-21,0.6065080408885648,0.014295424978736378,10.420742,0.098,0.167,0.05251
FANG,Unknown,0.2091771,2026-09-21,0.3709471151399626,0.02356476388928221,10.420742,0.098,0.167,0.05251
DRUG,Unknown,0.20908827,2026-09-21,0.18556187496724097,0.025051222632393583,10.420742,0.098,0.167,0.05251
NRG,Unknown,0.20893474,2026-09-21,-0.36548088674297985,0.02516547675644162,10.420742,0.098,0.167,0.05251
PTF,Unknown,0.20891726,2026-09-21,0.42350059849581756,0.03394635726652062,10.420742,0.098,0.167,0.05251
MESO,Unknown,0.20890982,2026-09-21,-0.01746029324001741,0.034109851584254114,10.420742,0.098,0.167,0.05251
LMRI,Unknown,0.20890744,2026-09-21,0.031088115865008925,0.024147619148426572,10.420742,0.098,0.167,0.05251
TSEM,Unknown,0.20885158,2026-09-21,2.4090249276421587,0.04523231831343794,10.420742,0.098,0.167,0.05251
AFSC,Unknown,0.20884684,2026-09-21,0.10354283635579908,0.01870039472526169,10.420742,0.098,0.167,0.05251
USAU,Unknown,0.20878367,2026-09-21,-0.011377961755609567,0.024832379404990855,10.420742,0.098,0.167,0.05251
PTH,Unknown,0.20878287,2026-09-21,0.5498927830898994,0.013321602968173274,10.420742,0.098,0.167,0.05251
PANW,Unknown,0.20877945,2026-09-21,0.8055718025164835,0.05137664732125429,10.420742,0.098,0.167,0.05251
TJGC,Unknown,0.20874348,2026-09-21,2.0842292687778987,0.14658542003403963,10.420742,0.098,0.167,0.05251
GBLI,Unknown,0.20873573,2026-09-21,-0.06896941419423386,0.035455864424449604,10.420742,0.098,0.167,0.05251
CABR,Healthcare,0.20864962,2026-09-21,0.031088115865008925,0.06003253749119331,10.420742,0.098,0.167,-3.3373802
WDAY,Unknown,0.20864315,2026-09-21,-0.17520344180774894,0.03185949577022977,10.420742,0.098,0.167,0.05251
ALGT,Industrials,0.20854448,2026-09-21,0.29083354036198195,0.022853909003430498,7.324353,0.369,0.167,0.018339999
NEM,Unknown,0.20844954,2026-09-21,0.5859831658681058,0.021048712401804223,10.420742,0.098,0.167,0.05251
SVC,Unknown,0.20840463,2026-09-21,-0.5296361524629799,0.017115493332862868,10.420742,0.098,0.167,0.05251
CRWV,Unknown,0.20837042,2026-09-21,-0.2871735792538793,0.04623295025290857,10.420742,0.098,0.167,0.05251
NMRK,Unknown,0.20829622,2026-09-21,-0.2801727506864561,0.01941458863815126,10.420742,0.098,0.167,0.05251
GBUG,Unknown,0.20827986,2026-09-21,0.4911270889453001,0.02596358364834477,10.420742,0.098,0.167,0.05251
JBL,Unknown,0.20826477,2026-09-21,0.3554060201234521,0.023778506593728006,10.420742,0.098,0.167,0.05251
SWVL,Unknown,0.20815614,2026-09-21,0.18954419733668115,0.20146655353093706,10.420742,0.098,0.167,0.05251
EXTR,Unknown,0.20808686,2026-09-21,-0.0066137397051111435,0.01973203225676179,10.420742,0.098,0.167,0.05251
TKNS,Unknown,0.20805195,2026-09-18,0.031088115865008925,0.031067412746001465,10.420742,0.098,0.167,0.05251
APLM,Healthcare,0.20805119,2026-09-21,0.29713009901180665,0.051534182219795124,-36.78462,0.098,0.167,-13.0536995
AQB,Consumer Defensive,0.20801269,2026-09-21,-0.26174495516690666,0.046833837269300314,-0.48245615,0.098,0.167,-0.50228
CSX,Unknown,0.20799457,2026-09-21,0.3914244119858654,0.011723835106815506,10.420742,0.098,0.167,0.05251
ZBRA,Unknown,0.20793445,2026-09-21,0.08504704856234313,0.016226483594400896,10.420742,0.098,0.167,0.05251
INBX,Unknown,0.20789102,2026-09-21,3.1849906332361764,0.04645818806521155,10.420742,0.098,0.167,0.05251
SW,Unknown,0.20785515,2026-09-21,0.0686033649316451,0.022052558651180908,10.420742,0.098,0.167,0.05251
CCTG,Industrials,0.20779456,2026-09-21,-0.9596515156594408,0.04340320634682184,10.420742,0.05,0.167,-0.41042
MNDY,Unknown,0.20775299,2026-09-21,-0.5742554956953014,0.04769425527460022,10.420742,0.098,0.167,0.05251
AGMI,Unknown,0.20773607,2026-09-21,0.6172329576809774,0.025899000020541896,10.420742,0.098,0.167,0.05251
APYX,Healthcare,0.20773375,2026-09-21,0.3258928642703258,0.020412757313057153,-11.3953495,0.221,0.167,-0.90693
DD,Basic Materials,0.20758082,2026-09-21,0.3474335697574764,0.013261637070313664,16.323782,0.04,1.496,0.01792
ALP,Financial Services,0.20756626,2026-09-21,-0.15124553771196558,8.157270758286202,-28.058823,0.098,0.167,-13.56047
ADV,Communication Services,0.20746125,2026-09-21,-0.3019047489872685,0.021887957934430026,4.2969975,0.018,0.167,-0.50802
SFM,Unknown,0.2074251,2026-09-21,-0.43356416473077897,0.03140508156959479,10.420742,0.098,0.167,0.05251
ULH,Unknown,0.2074061,2026-09-21,-0.28913712893003196,0.023173274439319404,10.420742,0.098,0.167,0.05251
AMDD,Unknown,0.20737514,2026-09-21,-0.8404159288958297,0.03700896114287407,10.420742,0.098,0.167,0.05251
YSWY,Unknown,0.20732293,2026-09-21,0.031088115865008925,0.022994284411590665,10.420742,0.098,0.167,0.05251
STRR,Unknown,0.20724906,2026-09-21,-0.11408813566474973,0.01793279740731464,10.420742,0.098,0.167,0.05251
VRDN,Unknown,0.2071855,2026-09-21,0.10346578452930344,0.020667231219746555,10.420742,0.098,0.167,0.05251
BAERW,,0.2071476,2026-09-21,0.031088115865008925,0.022835687632255523,10.420742,-0.008,0.167,-0.32422
SLVR,Unknown,0.20709182,2026-09-21,0.6765986212003607,0.030694286837961642,10.420742,0.098,0.167,0.05251
LEN,Unknown,0.20709111,2026-09-21,-0.40121628778999174,0.020231236805407515,10.420742,0.098,0.167,0.05251
DVRE,Unknown,0.20698039,2026-09-02,0.031088115865008925,0.022835687632255523,10.420742,0.098,0.167,0.05251
IBAT,Unknown,0.2069474,2026-09-21,0.4646432706494208,0.012663832100625997,10.420742,0.098,0.167,0.05251
CRM,Technology,0.2069216,2026-09-21,-0.018985872174271057,0.05525119009279945,-125.08684,0.108,1.189,0.19381
AUC,Financial Services,0.20684361,2026-09-21,-0.09010005412287525,0.10169936567495577,10.420742,3.0,0.167,-0.111990005
PFG,Unknown,0.20674817,2026-09-21,0.47138081679260235,0.019597049294275488,10.420742,0.098,0.167,0.05251
FDTX,Unknown,0.20669295,2026-09-21,0.42185241205006396,0.01661200079864618,10.420742,0.098,0.167,0.05251
PCG,Unknown,0.20661476,2026-09-21,-0.11691143648480495,0.05531448683523414,10.420742,0.098,0.167,0.05251
AMOD,Technology,0.20659313,2026-09-21,-0.9606589141197771,0.1050119835911488,10.420742,0.098,0.167,0.05251
OMSE,Unknown,0.20656484,2026-09-21,-0.14326921401644543,0.022845028180621972,10.420742,0.098,0.167,0.05251
HROW,Unknown,0.20654343,2026-09-21,-0.24647424217779024,0.02822095165040217,10.420742,0.098,0.167,0.05251
TRUP,Unknown,0.20648743,2026-09-21,-0.444543659298254,0.028245204800887366,10.420742,0.098,0.167,0.05251
ISUL,Unknown,0.20648052,2026-09-21,0.031088115865008925,0.035587655612106736,10.420742,0.098,0.167,0.05251
KEYS,Unknown,0.20646487,2026-09-21,0.9310422619619094,0.02427522191906631,10.420742,0.098,0.167,0.05251
VBIO,Unknown,0.20645083,2026-09-21,-0.9692799987792968,0.12156426939095144,10.420742,0.098,0.167,0.05251
ADM,Consumer Defensive,0.20642354,2026-09-21,0.41912929613088923,0.019844986720554975,14.640776,0.072,3.156,0.07642
AMZD,Unknown,0.20631602,2026-09-21,-0.15909428654175495,0.017780563932577306,10.420742,0.098,0.167,0.05251
SKK,Industrials,0.20631155,2026-09-21,-0.021531023791095172,0.05203866378306149,10.420742,-0.046,0.167,-0.40215
OLLI,Unknown,0.20629536,2026-09-21,-0.4229267308923683,0.03255034036661562,10.420742,0.098,0.167,0.05251
WCT,Unknown,0.20628384,2026-09-21,-0.4208494123193661,0.8554624976645347,10.420742,0.098,0.167,0.05251
GLBE,Unknown,0.20625608,2026-09-21,0.07812500161969149,0.027485515373330514,10.420742,0.098,0.167,0.05251
TBCH,Unknown,0.20615506,2026-09-21,-0.17799352970547389,0.030057025456766823,10.420742,0.098,0.167,0.05251
ANGO,Healthcare,0.20604634,2026-09-21,0.397820165611908,0.011119948440648824,-340.3333,0.08,0.167,-0.2077
RKLB,Unknown,0.20599166,2026-09-21,0.4674650309986599,0.03426403284898463,10.420742,0.098,0.167,0.05251
PRAX,Unknown,0.20597242,2026-09-21,5.629670315860817,0.022181649675783253,10.420742,0.098,0.167,0.05251
THRM,Unknown,0.20595965,2026-09-21,-0.002333216682970485,0.0171172957422649,10.420742,0.098,0.167,0.05251
FNWB,Unknown,0.20589012,2026-09-21,0.40068494716579095,0.01505430219390486,10.420742,0.098,0.167,0.05251
JBHT,Unknown,0.20586166,2026-09-21,0.7633528809086234,0.03580228067756503,10.420742,0.098,0.167,0.05251
WEYS,Unknown,0.20576477,2026-09-21,0.5795837556305159,0.013033913116916393,10.420742,0.098,0.167,0.05251
FSLR,Unknown,0.20565893,2026-09-21,-0.044984056265427674,0.02837653780679343,10.420742,0.098,0.167,0.05251
EFSI,Unknown,0.20562838,2026-09-21,0.20036634265428743,0.024863418747628416,10.420742,0.098,0.167,0.05251
GFS,Unknown,0.2054968,2026-09-21,0.4568606197281426,0.029693996788568218,10.420742,0.098,0.167,0.05251
DUOL,Unknown,0.20545126,2026-09-21,-0.4878827826694888,0.034757582844953165,10.420742,0.098,0.167,0.05251
ILPT,Unknown,0.20541722,2026-09-21,0.25676967362890957,0.012419902219094708,10.420742,0.098,0.167,0.05251
ICLR,Unknown,0.20539246,2026-09-21,-0.06353449457629667,0.021951763185978947,10.420742,0.098,0.167,0.05251
SOXX,Unknown,0.20535168,2026-09-21,1.100235604427592,0.025988777819948013,10.420742,0.098,0.167,0.05251
BBGI,Communication Services,0.20534568,2026-09-21,2.0026409895445894,0.05295789544121482,-5.685,-0.167,0.167,-1.1584101
KLIC,Unknown,0.20534155,2026-09-21,0.9711354901477713,0.02745801702748837,10.420742,0.098,0.167,0.05251
HURN,Unknown,0.20518146,2026-09-21,0.09959641945189857,0.019278031751504613,10.420742,0.098,0.167,0.05251
ARBK,Financial Services,0.20517091,2026-09-21,-0.9550735185124798,0.020858160520376257,-10.4,-0.552,0.167,0.05251
CSIQ,Unknown,0.20513232,2026-09-21,-0.004248104400189967,0.03793817341098855,10.420742,0.098,0.167,0.05251
EEFT,Unknown,0.20510435,2026-09-21,-0.2600314308475178,0.022994936386588064,10.420742,0.098,0.167,0.05251
CLGN,Healthcare,0.2050981,2026-09-21,-0.8386363526349552,0.083162657341061,-10.923078,-0.964,0.167,-1.51988
ELVA,Unknown,0.2050919,2026-09-21,0.008124051476156025,0.0314574904853671,10.420742,0.098,0.167,0.05251
GM,Unknown,0.20506683,2026-09-21,0.4379493637616856,0.020769855660688986,10.420742,0.098,0.167,0.05251
KJD,Unknown,0.20502296,2026-09-21,0.031088115865008925,0.024717261664612692,10.420742,0.098,0.167,0.05251
FORM,Unknown,0.20501582,2026-09-21,2.3336568698949054,0.04780344354455258,10.420742,0.098,0.167,0.05251
AACB,Financial Services,0.204995,2026-08-27,0.031088115865008925,0.022835687632255523,10.420742,0.098,-0.732,0.05251
LMNR,Unknown,0.20497163,2026-09-21,-0.1684924406470275,0.03147161008504151,10.420742,0.098,0.167,0.05251
CTSH,Unknown,0.20493875,2026-09-21,-0.1346184979583389,0.0259666487044494,10.420742,0.098,0.167,0.05251
HUM,Unknown,0.20479816,2026-09-21,0.4373828382784277,0.016827454820377986,10.420742,0.098,0.167,0.05251
MPLT,Unknown,0.20472702,2026-09-21,0.031088115865008925,0.04087574736807776,10.420742,0.098,0.167,0.05251
STT,Unknown,0.20468539,2026-09-21,0.6743405207155904,0.012742932809018247,10.420742,0.098,0.167,0.05251
VSNT,Unknown,0.20457862,2026-09-21,0.031088115865008925,0.023011034974735618,10.420742,0.098,0.167,0.05251
GDS,Unknown,0.20452045,2026-09-21,-0.11076922294421077,0.02861908248674965,10.420742,0.098,0.167,0.05251
IMCC,Unknown,0.20450546,2026-09-21,-0.9473773269815288,0.34578516313285995,10.420742,0.098,0.167,0.05251
AMST,Technology,0.20448783,2026-09-21,-0.6677018500170928,0.028366087896704594,10.420742,1.715,0.167,-1.21489
MDXG,Unknown,0.20448692,2026-09-21,-0.33216782773734366,0.014996391511998733,10.420742,0.098,0.167,0.05251
ZM,Unknown,0.20438829,2026-09-21,0.052746766491678754,0.03125189335021888,10.420742,0.098,0.167,0.05251
TPL,Unknown,0.20429298,2026-09-21,0.21743271542290787,0.025451334299380693,10.420742,0.098,0.167,0.05251
AERT,Industrials,0.20427734,2026-09-21,-0.05028228567275472,0.021477317297312105,10.420742,0.43,0.053,0.05251
BEG,Unknown,0.20413047,2026-09-21,0.031088115865008925,0.09399804976874342,10.420742,0.098,0.167,0.05251
MQ,Unknown,0.20408154,2026-09-21,-0.3227194524038133,0.017509846065516563,10.420742,0.098,0.167,0.05251
ACXP,Healthcare,0.20403615,2026-09-21,-0.693548387982825,0.020859918370848225,-0.75428575,0.098,0.167,-1.2811
ESOA,Unknown,0.20399053,2026-09-21,0.08886821064108674,0.020843615352713035,10.420742,0.098,0.167,0.05251
LEXX,Unknown,0.20398986,2026-09-21,-0.8180327834679768,0.14800618470862367,10.420742,0.098,0.167,0.05251
ROAD,Unknown,0.20393392,2026-09-21,-0.27365852833525006,0.02696460121076744,10.420742,0.098,0.167,0.05251
BOOM,Industrials,0.20392099,2026-09-21,-0.20599738044194282,0.026857414591575004,14.186046,0.009,0.167,-0.043270003
ALLR,Healthcare,0.20391111,2026-09-21,-0.2626582720191435,0.03749260048727543,-1.3593023,0.098,0.167,-1.57091
BOT,Financial Services,0.20386532,2026-09-21,0.031088115865008925,0.03264241573961937,10.420742,0.098,0.167,0.05251
ROST,Unknown,0.20383458,2026-09-21,0.609008741636373,0.01444971618068868,10.420742,0.098,0.167,0.05251
LIFE,Unknown,0.20379864,2026-09-21,0.031088115865008925,0.04229436562538883,10.420742,0.098,0.167,0.05251
TTWO,Unknown,0.20368645,2026-09-21,-0.15878512816154444,0.023434336975460168,10.420742,0.098,0.167,0.05251
DVN,Unknown,0.2036389,2026-09-21,0.39139933929602,0.02061414801831805,10.420742,0.098,0.167,0.05251
ATRA,Healthcare,0.20362356,2026-09-21,-0.2162385851423385,0.034377505581571176,6.1229777,-0.964,0.167,0.05251
HWM,Unknown,0.20358303,2026-09-21,0.18571214279520087,0.03342577644694963,10.420742,0.098,0.167,0.05251
KE,Unknown,0.20355812,2026-09-21,-0.22698461259637637,0.02855438610886054,10.420742,0.098,0.167,0.05251
TSN,Unknown,0.20355017,2026-09-21,8.97097243366396e-05,0.01920872599781974,10.420742,0.098,0.167,0.05251
IPEX,Unknown,0.20348881,2026-09-21,-0.011718739086063357,0.09336972614760866,10.420742,0.098,0.167,0.05251
URNJ,Unknown,0.20345521,2026-09-21,-0.07144393268074267,0.03405005491519899,10.420742,0.098,0.167,0.05251
VEEV,Unknown,0.20344885,2026-09-21,-0.06231182803341717,0.03857763769405139,10.420742,0.098,0.167,0.05251
CARG,Communication Services,0.20344329,2026-09-21,-0.11538459195329354,0.017280503231345157,10.972636,0.131,1.41,0.53470004
TEM,Unknown,0.20331383,2026-09-21,-0.10790165012053954,0.05754449450881113,10.420742,0.098,0.167,0.05251
ARTL,Healthcare,0.2032324,2026-09-21,-0.9725712756589984,0.0838547156438035,-4.653409,0.098,0.167,-7.05709
ARE,Real Estate,0.20322303,2026-09-21,-0.34688995613884077,0.02355439155711335,-66.67901,-0.119,0.167,-0.040760003
VTRS,Unknown,0.2031819,2026-09-21,0.8078411468118876,0.013914031654483756,10.420742,0.098,0.167,0.05251
SHLS,Unknown,0.2031611,2026-09-21,0.03311258194493716,0.04205249845976887,10.420742,0.098,0.167,0.05251
GCBC,Unknown,0.20307352,2026-09-21,0.4571339233796583,0.013004761706712872,10.420742,0.098,0.167,0.05251
HMH,Unknown,0.20301515,2026-09-21,0.031088115865008925,0.027543738447843847,10.420742,0.098,0.167,0.05251
RFAI,Unknown,0.2029897,2026-09-21,2.5776835537964367,0.10041545108320021,10.420742,0.098,0.167,0.05251
NFLX,Unknown,0.20290117,2026-09-21,-0.38875459915831434,0.024892934015532456,10.420742,0.098,0.167,0.05251
CETY,Industrials,0.20290035,2026-09-21,-0.7685185277167658,0.03091504158480436,10.420742,0.574,0.167,-0.99583
LMTL,Unknown,0.2028805,2026-09-21,0.11296623011434637,0.02593494247736706,10.420742,0.098,0.167,0.05251
BHDG,Unknown,0.20283382,2026-09-18,0.031088115865008925,0.018972308214500647,10.420742,0.098,0.167,0.05251
GTIM,Unknown,0.20275302,2026-09-21,-0.05555557599610583,0.016608425483107005,10.420742,0.098,0.167,0.05251
CGTL,Consumer Cyclical,0.20275275,2026-09-21,-0.57267947867583,0.03998426279484543,10.420742,0.503,0.167,-0.11692
GGLL,Unknown,0.20271072,2026-09-21,0.6443916165646895,0.029630205971207833,10.420742,0.098,0.167,0.05251
MQQQ,Unknown,0.20236479,2026-09-21,0.396358854170235,0.020920101608414232,10.420742,0.098,0.167,0.05251
BLRX,Healthcare,0.2022817,2026-09-21,-0.33222219182949975,0.037334445923187284,-1.0255159,-0.033,0.167,-0.55272
BF-B,Consumer Defensive,0.20222156,2026-09-21,-0.008753523831630639,0.018875791219087255,15.333898,-0.014,0.057,0.18122
QTEC,Unknown,0.20220518,2026-09-21,0.4343676751696963,0.016219315610011022,10.420742,0.098,0.167,0.05251
FOXA,Unknown,0.20208992,2026-09-21,0.09528441373690666,0.020697478657520002,10.420742,0.098,0.167,0.05251
MU,Unknown,0.2020887,2026-09-21,5.205485692319304,0.033320515996319224,10.420742,0.098,0.167,0.05251
RKLX,Unknown,0.20208508,2026-09-21,-0.2981596331709766,0.06816036779555085,10.420742,0.098,0.167,0.05251
LBRDA,Unknown,0.20202886,2026-08-21,-0.5890614189767551,0.04785487415551618,10.420742,0.098,0.167,0.05251
WILC,Unknown,0.20200573,2026-09-03,0.031088115865008925,0.022835687632255523,10.420742,0.098,0.167,0.05251
DVXK,Unknown,0.20194955,2026-09-02,0.031088115865008925,0.022835687632255523,10.420742,0.098,0.167,0.05251
ACIW,Technology,0.20192619,2026-09-21,-0.020340326497194083,0.015470424220605412,12.858612,0.073,1.652,0.15617
RIVN,Unknown,0.20191996,2026-09-21,0.055517681433286725,0.021535805094614776,10.420742,0.098,0.167,0.05251
ADSK,Technology,0.20190254,2026-09-21,-0.3223285429188857,0.03498618939028078,15.4108095,0.161,0.596,0.53854
PI,Unknown,0.20166352,2026-09-21,-0.06272666144608297,0.02859827141043447,10.420742,0.098,0.167,0.05251
XOM,Unknown,0.20158798,2026-09-21,0.4343256898829795,0.01750543752635207,10.420742,0.098,0.167,0.05251
DFSC,Industrials,0.20157233,2026-09-21,-0.6318840685874266,0.05205937250667405,10.420742,0.92,0.167,-1.8776801
TEAM,Unknown,0.20154873,2026-09-21,0.15377581031786636,0.03725223457077694,10.420742,0.098,0.167,0.05251
OXY,Unknown,0.20144702,2026-09-21,0.23149608071596584,0.02040672366438363,10.420742,0.098,0.167,0.05251
BNGO,Healthcare,0.20136356,2026-09-21,0.02513970796254128,0.0582096320233155,-1.8958762,0.214,0.167,-0.83562
BGDE,Financial Services,0.20135951,2026-09-21,-0.28273805131176777,0.05502237839668532,10.420742,-0.355,0.167,-10.76317
MSTR,Unknown,0.20125535,2026-09-21,-0.5184177153005027,0.07181508004702665,10.420742,0.098,0.167,0.05251
GSIW,Unknown,0.20123866,2026-09-21,-0.4741496517434367,0.04929039440747631,10.420742,0.098,0.167,0.05251
RKLZ,Unknown,0.20120464,2026-09-21,0.031088115865008925,0.06710569168592541,10.420742,0.098,0.167,0.05251
IBM,Unknown,0.20118877,2026-09-21,-0.10881521168264408,0.023028190028579795,10.420742,0.098,0.167,0.05251
BGL,Basic Materials,0.20116536,2026-09-21,-0.9775793286504436,0.043144918685536854,1.2365,0.098,0.167,0.05251
VTVT,Unknown,0.20113583,2026-09-21,0.468053249944159,0.020729467112086876,10.420742,0.098,0.167,0.05251
MORN,Unknown,0.20108804,2026-09-21,-0.1269614990280984,0.023395696087821757,10.420742,0.098,0.167,0.05251
TTEQ,Unknown,0.20108153,2026-09-21,0.39019675945199483,0.01760551385717108,10.420742,0.098,0.167,0.05251
ASRT,Healthcare,0.20107426,2026-06-15,0.031088115865008925,0.022835687632255523,9.108527,-0.625,0.167,-0.38759
NTWK,Unknown,0.20102046,2026-09-21,-0.13239215649608826,0.017385842775484023,10.420742,0.098,0.167,0.05251
DASH,Unknown,0.20089555,2026-09-21,-0.2742194492378176,0.02222947438887583,10.420742,0.098,0.167,0.05251
CPAY,Technology,0.20079185,2026-09-21,0.3071051966258016,0.011729782178077046,12.709226,0.215,-0.07,0.29215
LBTYB,Unknown,0.20070161,2026-09-18,0.06976748006627576,0.023248883393410566,10.420742,0.098,0.167,0.05251
IONS,Unknown,0.20069696,2026-09-21,-0.2730806632976148,0.032595430673208525,10.420742,0.098,0.167,0.05251
RING,Unknown,0.20065397,2026-09-21,0.43581127123909336,0.023923938849607335,10.420742,0.098,0.167,0.05251
TILE,Unknown,0.20047729,2026-09-21,0.15172861995849218,0.017777966218597688,10.420742,0.098,0.167,0.05251
FDXF,Unknown,0.20044068,2026-09-21,0.031088115865008925,0.022440592574676635,10.420742,0.098,0.167,0.05251
PSCE,Unknown,0.20042506,2026-09-21,0.44213748588937185,0.016878494699347577,10.420742,0.098,0.167,0.05251
GPN,Unknown,0.20023802,2026-09-21,0.005893884397859761,0.016287078508917526,10.420742,0.098,0.167,0.05251
KLXE,Unknown,0.20011902,2026-09-21,-0.16388886938860336,0.019907084661849855,10.420742,0.098,0.167,0.05251
HOFT,Unknown,0.20009632,2026-09-21,0.27640021512680346,0.027317452125481253,10.420742,0.098,0.167,0.05251
ADP,Technology,0.20005849,2026-09-21,-0.04201336735975869,0.013738271907309535,20.203098,0.068,0.098,0.72239
KLAC,Unknown,0.1999703,2026-09-21,0.775378544320857,0.03208360289545817,10.420742,0.098,0.167,0.05251
ARVN,Healthcare,0.19991137,2026-09-21,0.0744819043690701,0.019518886537060322,-2.5619843,10.147,0.167,0.01588
AMDG,Unknown,0.19981338,2026-09-21,7.0218241918069815,0.0739392465579888,10.420742,0.098,0.167,0.05251
CZWI,Unknown,0.19972044,2026-09-21,0.2971844215599282,0.013255842942829195,10.420742,0.098,0.167,0.05251
BMR,Technology,0.19956899,2026-09-21,-0.5714285827441186,0.029222702125004652,-3.4864864,-0.172,0.167,-0.48400003
RAYA,Unknown,0.19951615,2026-09-21,-0.9864381513126709,0.05130861350894753,10.420742,0.098,0.167,0.05251
CCXIU,Financial Services,0.1994964,2026-09-21,0.031088115865008925,0.05772061986322279,10.420742,0.098,0.167,0.05251
KRUS,Unknown,0.1994505,2026-09-21,-0.5426879934342929,0.038735821565422365,10.420742,0.098,0.167,0.05251
DLO,Unknown,0.1993599,2026-09-21,-0.011522837535375974,0.019810596122028092,10.420742,0.098,0.167,0.05251
VRSK,Unknown,0.19929928,2026-09-21,-0.2906197564969729,0.0249035678466537,10.420742,0.098,0.167,0.05251
FNRN,Unknown,0.19929592,2026-09-21,0.45650599576164175,0.012717137705901438,10.420742,0.098,0.167,0.05251
DAIO,Unknown,0.19929008,2026-09-21,-0.121212079614756,0.016549474090641912,10.420742,0.098,0.167,0.05251
MNST,Unknown,0.19925736,2026-09-21,0.37360770040085,0.012912520558176538,10.420742,0.098,0.167,0.05251
AIRE,Real Estate,0.19920532,2026-09-21,-0.9510714284011296,0.031001984382329505,-0.7942857,-0.113,0.167,-6.20737
DRNZ,Unknown,0.1991706,2026-09-21,0.031088115865008925,0.02060073910699817,10.420742,0.098,0.167,0.05251
BBCQU,Financial Services,0.19908434,2026-08-27,0.031088115865008925,0.022835687632255523,10.420742,0.098,0.167,0.05251
OLED,Unknown,0.19904047,2026-09-21,-0.430846591550598,0.027910678959983146,10.420742,0.098,0.167,0.05251
LMB,Unknown,0.19899987,2026-09-21,-0.49248301127692606,0.03412989156534198,10.420742,0.098,0.167,0.05251
METL,Unknown,0.19896404,2026-09-21,0.333126468723014,0.021582761147415044,10.420742,0.098,0.167,0.05251
QCLN,Unknown,0.19888754,2026-09-21,0.18634723115078766,0.01955964673694714,10.420742,0.098,0.167,0.05251
ARBB,Technology,0.19884196,2026-09-21,-0.09263159099378082,0.03871872920747511,10.420742,0.82,0.167,-0.28542
CVS,Unknown,0.19878297,2026-09-21,0.21141408791915728,0.014915409015423672,10.420742,0.098,0.167,0.05251
NKTR,Unknown,0.1987809,2026-09-21,0.1446562977790684,0.021860539895378596,10.420742,0.098,0.167,0.05251
ULBI,Unknown,0.19869582,2026-09-21,-0.20658262355942913,0.017945818889647934,10.420742,0.098,0.167,0.05251
OMCL,Unknown,0.19869003,2026-09-21,0.017138427569753478,0.023264096771833043,10.420742,0.098,0.167,0.05251
PAYX,Unknown,0.19857517,2026-09-21,-0.08444045440663217,0.014572808731420731,10.420742,0.098,0.167,0.05251
UAL,Unknown,0.19849573,2026-09-21,0.0832236067865848,0.023929180297291686,10.420742,0.098,0.167,0.05251
FCFS,Unknown,0.1984222,2026-09-21,0.4821418320636315,0.022134660427258986,10.420742,0.098,0.167,0.05251
MAT,Unknown,0.1983452,2026-09-21,-0.24437389932611053,0.019494169429181727,10.420742,0.098,0.167,0.05251
CHDN,Consumer Cyclical,0.19826292,2026-09-21,-0.1399985188923858,0.021527434016061154,11.145878,0.049,0.144,0.33848
TRI,Unknown,0.19823824,2026-09-21,-0.3787742109995804,0.037115404692038945,10.420742,0.098,0.167,0.05251
ELVR,Unknown,0.19817114,2026-09-21,1.2801796964220977,0.02950572386396734,10.420742,0.098,0.167,0.05251
LITP,Unknown,0.19809602,2026-09-21,0.3969089959411136,0.021068824839055783,10.420742,0.098,0.167,0.05251
FLYW,Unknown,0.19807611,2026-09-21,0.271386374455989,0.016037078843876274,10.420742,0.098,0.167,0.05251
BON,Basic Materials,0.19788393,2026-09-21,-0.3522340296487454,0.02458711601782976,2.0996552,0.098,0.167,-0.04005
UFPT,Unknown,0.19787233,2026-09-21,0.3918402416943674,0.010683767310175191,10.420742,0.098,0.167,0.05251
HCKT,Unknown,0.19785449,2026-09-21,-0.4809708692799166,0.018929785450880376,10.420742,0.098,0.167,0.05251
SYNA,Unknown,0.19780973,2026-09-21,0.2796234208769175,0.036202554980872416,10.420742,0.098,0.167,0.05251
CJMB,Industrials,0.19780633,2026-09-21,-0.540816335467585,0.03837942718036398,10.420742,-0.174,0.167,-3.00327
SWKS,Unknown,0.19779721,2026-09-21,0.19097440793109133,0.05205408789671978,10.420742,0.098,0.167,0.05251
SLGB,Industrials,0.19773774,2026-09-21,0.031088115865008925,0.05538358153627528,10.420742,-0.221,0.167,-0.14713
MAZE,Unknown,0.19753073,2026-09-21,-0.04386706982017141,0.023320732785973873,10.420742,0.098,0.167,0.05251
IBBQ,Unknown,0.19750494,2026-09-21,0.4532083294140734,0.0131892278779669,10.420742,0.098,0.167,0.05251
ACON,Healthcare,0.19739607,2026-09-21,-0.6951219441279421,0.033482653648542,-0.45521027,0.305,0.167,-0.58966
MRAL,Unknown,0.19724472,2026-09-21,-0.7907308532613025,0.11299421553548405,10.420742,0.098,0.167,0.05251
NBIX,Unknown,0.19719866,2026-09-21,-0.010881550693517483,0.0165448241255085,10.420742,0.098,0.167,0.05251
BG,Consumer Defensive,0.19713153,2026-09-21,0.4513152722163667,0.023840584939907136,9.990063,0.883,0.33,0.071779996
CLIR,Industrials,0.19711536,2026-09-21,-0.23600001335144039,0.05289263405266829,-7.2761908,3.211,0.167,-0.51729
CDZI,Industrials,0.19706517,2026-09-21,-0.1113743634025881,0.04254748569831241,-7.028302,-0.763,0.167,-1.83132
SKYW,Industrials,0.1970645,2026-09-21,-0.03970526243563244,0.02170413215103412,8.215112,0.065,-0.127,0.15341
TER,Unknown,0.19703482,2026-09-21,2.230365519725561,0.04407113976634698,10.420742,0.098,0.167,0.05251
FTXN,Unknown,0.19696814,2026-09-21,0.4063182349404362,0.014314457269861332,10.420742,0.098,0.167,0.05251
GNPX,Unknown,0.19691439,2026-09-21,-0.9870148421660867,0.02987568734914048,10.420742,0.098,0.167,0.05251
XNET,Unknown,0.19689728,2026-09-21,-0.3813037959404443,0.01464799365821167,10.420742,0.098,0.167,0.05251
TMUS,Unknown,0.19670485,2026-09-21,-0.29047566390084134,0.02081169702157289,10.420742,0.098,0.167,0.05251
MZTI,Unknown,0.1965674,2026-09-21,-0.4094501140290496,0.022873460573123502,10.420742,0.098,0.167,0.05251
ABTS,Financial Services,0.19656235,2026-09-21,-0.7713248751136708,0.04276568054071034,10.420742,0.688,0.167,-0.31599
LSBK,Unknown,0.19654101,2026-09-21,0.4397650298329312,0.016267496080130894,10.420742,0.098,0.167,0.05251
CXDO,Unknown,0.19635168,2026-09-21,-0.1539589683733218,0.01640731767972687,10.420742,0.098,0.167,0.05251
ILIT,Unknown,0.19630185,2026-09-21,0.31681086442605944,0.01610478275759516,10.420742,0.098,0.167,0.05251
PGACU,Unknown,0.19624126,2026-09-18,0.04527940865577951,0.023098435897421155,10.420742,0.098,0.167,0.05251
ODFL,Unknown,0.19597894,2026-09-21,0.23785841199201996,0.01874638438655521,10.420742,0.098,0.167,0.05251
TTAN,Unknown,0.19593556,2026-09-21,-0.5105838309978461,0.0781817049321987,10.420742,0.098,0.167,0.05251
NEMG,Unknown,0.19593078,2026-09-21,0.031088115865008925,0.04346011296186316,10.420742,0.098,0.167,0.05251
GASS,Unknown,0.1959001,2026-09-21,0.31926862704635073,0.017651042315278476,10.420742,0.098,0.167,0.05251
FIS,Unknown,0.1958929,2026-09-21,-0.44296750358077874,0.019553896770355468,10.420742,0.098,0.167,0.05251
CNCKW,,0.1958783,2026-09-21,0.031088115865008925,0.022835687632255523,10.420742,0.361,0.167,-0.079569995
FBIOP,Unknown,0.19586639,2026-09-21,0.9533851203524255,0.007858395719134957,10.420742,0.098,0.167,0.05251
PRTA,Unknown,0.19578668,2026-09-21,0.04034228745654844,0.022367217755805444,10.420742,0.098,0.167,0.05251
CHMG,Financial Services,0.19576168,2026-09-21,0.5709622908205911,0.014506486415482668,10.120404,2.417,0.167,0.13274999
BKR,Energy,0.19575803,2026-09-21,0.24441266081958313,0.01922306562693205,18.63436,-0.024,-0.042,0.16463
BPOP,Financial Services,0.19575408,2026-09-21,0.3037172806675579,0.010523272385813773,9.3921175,0.076,0.409,0.15647
INVE,Unknown,0.19575158,2026-09-21,-0.3279132843858059,0.015208055993018865,10.420742,0.098,0.167,0.05251
ATHR,Technology,0.1956163,2026-09-21,-0.2888016155130019,0.053141247695176225,10.420742,-0.04,0.167,-1.46555
VCEL,Unknown,0.19545557,2026-09-21,0.24536893062658716,0.01741308813066444,10.420742,0.098,0.167,0.05251
ARKR,Consumer Cyclical,0.19536419,2026-09-21,-0.37103449065109784,0.047906647946147345,10.420742,-0.065,0.167,-0.08454
INOD,Unknown,0.19535232,2026-09-21,-0.1441853998431123,0.03714919877260865,10.420742,0.098,0.167,0.05251
SION,Unknown,0.19535047,2026-09-21,-0.7449418722560823,0.07706007346035747,10.420742,0.098,0.167,0.05251
NOVT,Unknown,0.19531725,2026-09-21,0.14596485610110732,0.021801186023219586,10.420742,0.098,0.167,0.05251
KMTS,Unknown,0.19531314,2026-09-21,-0.01468257254093197,0.02821771778404301,10.420742,0.098,0.167,0.05251
APVO,Healthcare,0.19529375,2026-09-21,-0.9483726132185899,0.0902010937412412,-0.17692308,0.098,0.167,-4.20342
BIDU,Communication Services,0.19529004,2026-09-21,-0.3166912875642618,0.024130210921831565,11.923717,-0.042,-0.738,-0.0139
VMET,Unknown,0.19523099,2026-09-21,0.031088115865008925,0.028938964656452106,10.420742,0.098,0.167,0.05251
RMIX,Unknown,0.19521269,2026-09-21,0.031088115865008925,0.029680321466283275,10.420742,0.098,0.167,0.05251
ORBX,Unknown,0.19490969,2026-09-21,0.031088115865008925,0.0226097523128345,10.420742,0.098,0.167,0.05251
CLOD,Unknown,0.19481096,2026-09-18,-0.003961366232075769,0.02183134180051026,10.420742,0.098,0.167,0.05251
ELMT,Unknown,0.19477835,2026-09-21,0.031088115865008925,0.09045398472355307,10.420742,0.098,0.167,0.05251
CAH,Healthcare,0.1947542,2026-09-21,0.5230082047421596,0.014615262457622175,16.080072,0.058,0.688,0.05251
RTXG,Unknown,0.19475107,2026-09-21,0.29426848632291236,0.017558373755808734,10.420742,0.098,0.167,0.05251
AIFA,Technology,0.19473091,2026-09-21,-0.476072610182236,0.04133939912275546,10.420742,-0.35,0.167,-0.68801004
BNY,Financial Services,0.19470283,2026-09-21,0.44541323968296775,0.01159085634871555,15.023113,0.131,0.269,0.14124
TBLA,Unknown,0.19467893,2026-09-21,0.02706553529012723,0.017562112019881875,10.420742,0.098,0.167,0.05251
DVIN,Unknown,0.19466819,2026-08-31,0.031088115865008925,0.022835687632255523,10.420742,0.098,0.167,0.05251
SONO,Unknown,0.19466099,2026-09-21,0.06100708255568965,0.03141272105661671,10.420742,0.098,0.167,0.05251
DG,Consumer Defensive,0.1946389,2026-09-21,0.1740537231023671,0.02334077105215106,14.849892,0.052,0.333,0.19692
VALU,Unknown,0.19455981,2026-09-21,0.0437777148206544,0.028101997436176952,10.420742,0.098,0.167,0.05251
JUNS,Unknown,0.19442298,2026-09-21,-0.9727813525077624,0.06484871199488595,10.420742,0.098,0.167,0.05251
QCOM,Unknown,0.19441786,2026-09-21,0.17644091430729292,0.030178492255967432,10.420742,0.098,0.167,0.05251
MRA,Unknown,0.19438957,2026-09-21,0.031088115865008925,0.03845380501269475,10.420742,0.098,0.167,0.05251
LINT,Unknown,0.19433008,2026-09-21,0.031088115865008925,0.0895318589723683,10.420742,0.098,0.167,0.05251
STOK,Unknown,0.19398028,2026-09-21,0.2021276595744681,0.01986372203087388,10.420742,0.098,0.167,0.05251
JATT,Unknown,0.19397604,2026-09-21,0.031088115865008925,0.018509577158002284,10.420742,0.098,0.167,0.05251
FPXI,Unknown,0.19396165,2026-09-21,0.17775437689690166,0.014130375943962726,10.420742,0.098,0.167,0.05251
IMXI,Unknown,0.19386457,2026-09-21,-0.15331950219783674,0.018822655979702296,10.420742,0.098,0.167,0.05251
TXRH,Unknown,0.19379814,2026-09-21,0.05411667046927415,0.016816919272452633,10.420742,0.098,0.167,0.05251
CNEY,Basic Materials,0.19375217,2026-09-21,-0.7523364741080221,0.03281682247711126,10.420742,0.082,0.167,-0.84271
FUNC,Unknown,0.19373925,2026-09-21,0.15945187153362772,0.016986808913918523,10.420742,0.098,0.167,0.05251
AIRT,Industrials,0.1937169,2026-09-21,0.3689872848257303,0.04469576671446854,10.420742,0.629,0.167,1.5743401
CCB,Financial Services,0.19357719,2026-09-21,-0.6058583951572816,0.020923191361063565,7.698943,-0.015,0.167,-0.00833
PDBC,Unknown,0.19356886,2026-09-21,0.5090846467336958,0.012445508243901995,10.420742,0.098,0.167,0.05251
WHF,Unknown,0.1935645,2026-09-21,-0.06067367797648027,0.01774187987320018,10.420742,0.098,0.167,0.05251
VMD,Unknown,0.193517,2026-09-21,0.29706927032397257,0.016745442086084916,10.420742,0.098,0.167,0.05251
PATK,Unknown,0.1933834,2026-09-21,-0.33992589697943354,0.017987546828268138,10.420742,0.098,0.167,0.05251
ACN,Technology,0.1933554,2026-09-21,-0.20432734642532668,0.027836296938162596,12.744283,0.056,0.09,0.24406
BEN,Financial Services,0.19330774,2026-09-21,0.45085271144223715,0.014768135567551145,10.56059,0.143,1.067,0.07887
GYRO,Unknown,0.19327922,2026-09-21,-0.5042871435831223,0.014075816154340953,10.420742,0.098,0.167,0.05251
TATT,Unknown,0.19309475,2026-09-21,-0.08135068701220738,0.025063761092949673,10.420742,0.098,0.167,0.05251
DVXC,Unknown,0.19305393,2026-09-02,0.031088115865008925,0.022835687632255523,10.420742,0.098,0.167,0.05251
SNDK,Unknown,0.19301042,2026-09-21,16.64610089490087,0.04811196320502614,10.420742,0.098,0.167,0.05251
RUSHB,Unknown,0.193007,2026-09-21,0.36007560945555706,0.026806762115827266,10.420742,0.098,0.167,0.05251
RCKY,Unknown,0.19299883,2026-09-21,0.46386311730811425,0.012321619414495494,10.420742,0.098,0.167,0.05251
CRH,Basic Materials,0.19299681,2026-09-21,-0.2161018818249365,0.016169260239371125,13.394183,0.056,0.139,0.15812
HVII,Unknown,0.19299176,2026-09-21,0.05017218207533225,0.07961008065836629,10.420742,0.098,0.167,0.05251
WARP,Unknown,0.19286302,2026-09-21,0.031088115865008925,0.02133234443743063,10.420742,0.098,0.167,0.05251
NTGR,Unknown,0.19283432,2026-09-21,-0.24215554076977264,0.027002045314171448,10.420742,0.098,0.167,0.05251
CSGP,Unknown,0.1928222,2026-09-21,-0.6702890477163657,0.02200765765835049,10.420742,0.098,0.167,0.05251
MWH,Unknown,0.19277631,2026-09-21,0.031088115865008925,0.02802897458707315,10.420742,0.098,0.167,0.05251
FDS,Unknown,0.19263582,2026-09-21,-0.04430333406276421,0.0293729049307521,10.420742,0.098,0.167,0.05251
XPEL,Unknown,0.19262664,2026-09-21,0.35684407555608955,0.01731146218552941,10.420742,0.098,0.167,0.05251
RIBBU,Unknown,0.19253121,2026-09-18,0.09952152926653146,0.15466047907403663,10.420742,0.098,0.167,0.05251
DVUT,Unknown,0.19246295,2026-09-02,0.031088115865008925,0.022835687632255523,10.420742,0.098,0.167,0.05251
SHAZ,Unknown,0.19241971,2026-09-21,0.031088115865008925,0.053241788586009545,10.420742,0.098,0.167,0.05251
PGNY,Unknown,0.19237168,2026-09-21,0.19293957482387936,0.017408124055472648,10.420742,0.098,0.167,0.05251
CHD,Consumer Defensive,0.19222617,2026-09-21,0.05035753949571031,0.012171517788387952,23.621832,0.016,0.09,0.17041
IT,Unknown,0.19217074,2026-09-21,-0.27136195756353654,0.03863460992499928,10.420742,0.098,0.167,0.05251
ANGH,Communication Services,0.19214879,2026-09-21,0.2229298681142875,0.044276092102376756,10.420742,0.053,0.167,-2.11584
MSTX,Unknown,0.19208333,2026-09-21,-0.9137422407341658,0.14319167108665914,10.420742,0.098,0.167,0.05251
ONC,Unknown,0.19205837,2026-09-21,0.06599776429312687,0.016661284740760993,10.420742,0.098,0.167,0.05251
KEQU,Unknown,0.19197543,2026-09-21,-0.2396929971692603,0.019427119451815026,10.420742,0.098,0.167,0.05251
BSET,Consumer Cyclical,0.19194911,2026-09-21,0.1235621994409215,0.017979761093426944,12.490974,-0.007,0.075,0.033099998
DXCM,Unknown,0.19193448,2026-09-21,0.17814727127823882,0.015506832304019134,10.420742,0.098,0.167,0.05251
BIVI,Healthcare,0.19185485,2026-09-21,-0.11657756887890425,0.05825528018296747,-2.9824562,0.098,0.167,-1.50759
BITS,Unknown,0.19180183,2026-09-21,-0.07693676918272174,0.035077083014969125,10.420742,0.098,0.167,0.05251
PBM,Unknown,0.19167392,2026-09-21,-0.9667683013340213,0.038133952683299485,10.420742,0.098,0.167,0.05251
COO,Healthcare,0.19166058,2026-09-21,-0.18655163177332912,0.03701680957651509,11.655905,0.006,3.571,0.06838
GTBP,Unknown,0.19162332,2026-09-21,7.808618544841316,5.324778748557726,10.420742,0.098,0.167,0.05251
PAX,Unknown,0.191593,2026-09-21,-0.28577497839777,0.016616793762477905,10.420742,0.098,0.167,0.05251
TARS,Unknown,0.19158155,2026-09-21,0.43137435718557615,0.039765842360372776,10.420742,0.098,0.167,0.05251
VLY,Unknown,0.19157751,2026-09-21,0.2537636876725071,0.01221654970529553,10.420742,0.098,0.167,0.05251
AMRN,Healthcare,0.19149537,2026-09-21,-0.09718497331437748,0.01697206616624753,13.724489,-0.42,0.167,-0.059710003
WDAF,Unknown,0.19130377,2026-09-21,-0.010834276115942676,0.021088112194610324,10.420742,0.098,0.167,0.05251
BGC,Financial Services,0.19129811,2026-09-21,0.2711730419814711,0.01226370882599332,7.9047613,0.083,0.277,0.15882
PICS,Unknown,0.1912193,2026-09-21,0.031088115865008925,0.033976660440597356,10.420742,0.098,0.167,0.05251
SLM,Financial Services,0.19115444,2026-09-21,-0.09550326569854972,0.016796740903688788,7.480763,0.081,-0.094,0.30333
BCDA,Healthcare,0.19111912,2026-09-21,-0.05128200425668883,0.04722785568373794,-1.9051725,0.098,0.167,-18.03194
SOHU,Unknown,0.19095452,2026-09-21,-0.18499681704367021,0.018230920916432386,10.420742,0.098,0.167,0.05251
FGBI,Unknown,0.19087118,2026-09-21,0.039884000331039005,0.03454987726631736,10.420742,0.098,0.167,0.05251
LUV,Unknown,0.19082916,2026-09-21,0.3138644203270544,0.016725670579413685,10.420742,0.098,0.167,0.05251
SRPT,Unknown,0.19078736,2026-09-21,0.08558310179783057,0.04757174423990185,10.420742,0.098,0.167,0.05251
FPA,Unknown,0.19071472,2026-09-21,0.3734043614711249,0.016263176702472276,10.420742,0.098,0.167,0.05251
FFIV,Unknown,0.19071347,2026-09-21,0.3423598716091043,0.025453730600123695,10.420742,0.098,0.167,0.05251
SMX,Unknown,0.190635,2026-09-21,-0.9424938966624511,0.09300470955390348,10.420742,0.098,0.167,0.05251
NTCL,Unknown,0.1906269,2026-09-21,-0.9737241844725765,0.05986079784576496,10.420742,0.098,0.167,0.05251
HLNE,Unknown,0.1906171,2026-09-21,-0.40150505675511794,0.019793903051260105,10.420742,0.098,0.167,0.05251
LMNX,Unknown,0.19057824,2026-08-27,0.031088115865008925,0.06382218325135804,10.420742,0.098,0.167,0.05251
GOU,Unknown,0.19056642,2026-09-21,0.031088115865008925,0.029535955865344698,10.420742,0.098,0.167,0.05251
JAKK,Unknown,0.19052836,2026-09-21,0.3852107907305662,0.013213376065027947,10.420742,0.098,0.167,0.05251
DVXB,Unknown,0.19048145,2026-08-31,0.031088115865008925,0.022835687632255523,10.420742,0.098,0.167,0.05251
CRMD,Healthcare,0.19045317,2026-09-21,-0.33319073087269035,0.016359386070253498,22.3,1.565,0.067,0.54932
VOLT,Unknown,0.19043607,2026-09-21,0.2803820203414651,0.015978314393312876,10.420742,0.098,0.167,0.05251
IBB,Unknown,0.19039609,2026-09-21,0.4459797970593815,0.013116526206130808,10.420742,0.098,0.167,0.05251
UPS,Unknown,0.19034487,2026-09-21,0.18647576048944203,0.01684720826424648,10.420742,0.098,0.167,0.05251
NTES,Unknown,0.19033001,2026-09-21,-0.21359207770773903,0.020747343911774487,10.420742,0.098,0.167,0.05251
FGNXP,Unknown,0.1901908,2026-09-18,0.4664302524835191,0.01897904463916414,10.420742,0.098,0.167,0.05251
MTSI,Unknown,0.19015206,2026-09-21,1.1527789098663428,0.04257038187486962,10.420742,0.098,0.167,0.05251
CLRO,Technology,0.19011022,2026-09-21,-0.12451359593578881,0.04883509530790693,-6.4285717,0.098,0.167,-0.60062003
INSM,Unknown,0.19010529,2026-09-21,-0.1651240846269636,0.023077590540407603,10.420742,0.098,0.167,0.05251
PODD,Unknown,0.1900985,2026-09-21,-0.578438436317079,0.019637617714133138,10.420742,0.098,0.167,0.05251
COLA,Financial Services,0.1900215,2026-09-21,0.10186091654920104,0.07476327279440452,10.420742,0.098,-0.657,6.9629602
RMBS,Unknown,0.19001353,2026-09-21,-0.0870739310232519,0.042066556630611034,10.420742,0.098,0.167,0.05251
BBH,Unknown,0.18996829,2026-09-21,0.4314392331939889,0.014412241583142376,10.420742,0.098,0.167,0.05251
AMUU,Unknown,0.18995851,2026-09-21,7.21186004608075,0.0746593402172118,10.420742,0.098,0.167,0.05251
SYK,Unknown,0.18990022,2026-09-21,-0.26745540549636815,0.02419171214729343,10.420742,0.098,0.167,0.05251
GMM,Unknown,0.18981394,2026-09-21,-0.9795145641252833,0.04226030835784258,10.420742,0.098,0.167,0.05251
TBBK,Unknown,0.18976875,2026-09-21,-0.3654522702289422,0.05156112297299768,10.420742,0.098,0.167,0.05251
CANC,Unknown,0.18976033,2026-09-21,0.5182157721803822,0.012970380288827113,10.420742,0.098,0.167,0.05251
DLTR,Unknown,0.18975516,2026-09-21,0.15082433719345278,0.026866312469375882,10.420742,0.098,0.167,0.05251
CMMB,Healthcare,0.1897445,2026-09-21,-0.04030425110279923,0.04719781654019803,-83.333336,0.098,0.167,-0.82168996
DVXV,Unknown,0.18972558,2026-08-31,0.031088115865008925,0.022835687632255523,10.420742,0.098,0.167,0.05251
UFCS,Unknown,0.18967418,2026-09-21,0.6788772791486464,0.012291017179684746,10.420742,0.098,0.167,0.05251
SITM,Unknown,0.18966986,2026-09-21,1.1033664176118316,0.048326434229620574,10.420742,0.098,0.167,0.05251
NXST,Unknown,0.18962705,2026-09-21,-0.16333561590297752,0.025145294666923532,10.420742,0.098,0.167,0.05251
HNRG,Unknown,0.18958806,2026-09-21,-0.2090292351950025,0.02728544208916494,10.420742,0.098,0.167,0.05251
BLKB,Technology,0.18952703,2026-09-21,-0.36963837048367976,0.01896802356370728,7.1934676,0.03,0.436,1.94448
DRIV,Unknown,0.18946746,2026-09-21,0.23357094051881444,0.013577051780101986,10.420742,0.098,0.167,0.05251
RIBB,Unknown,0.18946153,2026-09-21,-0.2649071048460082,0.08657187420358498,10.420742,0.098,0.167,0.05251
CCSI,Technology,0.18945785,2026-09-21,0.21301976712664494,0.031205656413587607,5.7896876,0.042,0.338,12.54762
PTCT,Unknown,0.1894051,2026-09-21,0.036736662437214074,0.019103225491569092,10.420742,0.098,0.167,0.05251
FEED,Unknown,0.18940099,2026-09-21,-0.9903129656742611,0.17020340062501943,10.420742,0.098,0.167,0.05251
MKSI,Unknown,0.18921664,2026-09-21,0.983948699241733,0.03628482236832659,10.420742,0.098,0.167,0.05251
ACTG,Industrials,0.18913019,2026-09-21,0.28676466978957604,0.01325259724995402,-12.5,1.236,0.167,-0.04172
SGC,Unknown,0.189001,2026-09-21,0.09410432513394107,0.014092393904092828,10.420742,0.098,0.167,0.05251
NEWT,Unknown,0.18894725,2026-09-21,-0.0052736552937106,0.016033564310221463,10.420742,0.098,0.167,0.05251
PWR,Unknown,0.18880564,2026-09-21,0.6521032528176276,0.023771040596903156,10.420742,0.098,0.167,0.05251
VSEC,Unknown,0.18879184,2026-09-21,0.046260152810198685,0.031146048603613488,10.420742,0.098,0.167,0.05251
CCEP,Consumer Defensive,0.18868014,2026-09-21,0.1642710965046179,0.014668006658055366,17.937912,0.044,0.09,0.23544
PPIH,Unknown,0.18866959,2026-09-21,0.3377135793949535,0.022092089871231475,10.420742,0.098,0.167,0.05251
BFRI,Healthcare,0.18866692,2026-09-21,0.34259251913436684,0.0600771533036377,2.7093022,0.329,0.167,-9.88354
ZD,Unknown,0.18856281,2026-09-21,0.476785669973224,0.014056170967654926,10.420742,0.098,0.167,0.05251
CAAS,Consumer Cyclical,0.18855876,2026-09-21,0.005976137434728246,0.04052001161475406,7.8906255,0.17,0.94,0.14718
AOS,Industrials,0.18840085,2026-09-21,-0.20078509447669302,0.012915932900211183,13.972264,-0.007,-0.15,0.27133
LDOS,Unknown,0.18834391,2026-09-21,-0.3065146689146485,0.01877686878449777,10.420742,0.098,0.167,0.05251
STRT,Unknown,0.18832311,2026-09-21,-0.061647651928041225,0.035766735319882045,10.420742,0.098,0.167,0.05251
NVVE,Unknown,0.1883129,2026-09-21,-0.9920865629194657,0.0805550540650915,10.420742,0.098,0.167,0.05251
LYB,Unknown,0.1882987,2026-09-21,0.21715046309390362,0.021204993009518742,10.420742,0.098,0.167,0.05251
MNVT,Unknown,0.18827167,2026-09-21,0.031088115865008925,0.020742489690608816,10.420742,0.098,0.167,0.05251
KXIN,Unknown,0.18823344,2026-09-21,-0.9954672437725645,0.21394038631616608,10.420742,0.098,0.167,0.05251
DXR,Unknown,0.1882077,2026-09-21,-0.011403435536549766,0.03255446401177296,10.420742,0.098,0.167,0.05251
WFRD,Unknown,0.1881659,2026-09-21,0.2726988880972123,0.02561065249667338,10.420742,0.098,0.167,0.05251
FUTU,Unknown,0.18808423,2026-09-21,-0.33036277946998205,0.030187091815850987,10.420742,0.098,0.167,0.05251
SAMG,Unknown,0.18802738,2026-09-21,-0.40040927778924573,0.013580715927069437,10.420742,0.098,0.167,0.05251
TANH,Unknown,0.18801215,2026-09-21,-0.87942381359282,0.19759909828135444,10.420742,0.098,0.167,0.05251
YUM,Unknown,0.18800528,2026-09-21,-0.019810436700633538,0.01941138920610985,10.420742,0.098,0.167,0.05251
LHSW,Unknown,0.18799317,2026-09-21,-0.9894406614756663,0.24971748496195445,10.420742,0.098,0.167,0.05251
RUSHA,Unknown,0.18797359,2026-09-21,0.2776063630203063,0.016602648535527377,10.420742,0.098,0.167,0.05251
MCHP,Unknown,0.1878579,2026-09-21,0.15512454507246165,0.021978656937245912,10.420742,0.098,0.167,0.05251
VC,Unknown,0.18784274,2026-09-21,-0.26194040216927794,0.01584562095440364,10.420742,0.098,0.167,0.05251
POWI,Unknown,0.18766877,2026-09-21,0.11038379743764803,0.03050586676798236,10.420742,0.098,0.167,0.05251
EOG,Unknown,0.18763484,2026-09-21,0.24054318022866883,0.019245847853859223,10.420742,0.098,0.167,0.05251
A,Healthcare,0.18759127,2026-09-21,0.2779605318662226,0.01949763050656062,23.93764,0.081,0.085,0.20971
ADSE,Industrials,0.18758439,2026-09-21,0.3017143249511718,0.01658515355970776,13.818624,-0.449,0.167,0.05251
RJET,Unknown,0.18752164,2026-09-21,-0.14761906578427264,0.023014399994658704,10.420742,0.098,0.167,0.05251
GWRS,Unknown,0.18751769,2026-09-21,-0.1285309694275374,0.016622351791263167,10.420742,0.098,0.167,0.05251
SYM,Unknown,0.18742955,2026-09-21,-0.14777598900271705,0.03169085666848591,10.420742,0.098,0.167,0.05251
AEHL,Industrials,0.18742175,2026-09-21,-0.9801651555670945,0.31546797291294576,10.420742,-0.386,0.167,0.05251
FCAP,Unknown,0.18741885,2026-09-21,0.39225417441299126,0.014724127576538943,10.420742,0.098,0.167,0.05251
JKHY,Unknown,0.18719728,2026-09-21,0.002376288062752696,0.021970322270178103,10.420742,0.098,0.167,0.05251
HRMY,Unknown,0.18715753,2026-09-21,0.2911431102980573,0.017519954023496813,10.420742,0.098,0.167,0.05251
GBFH,Unknown,0.18709527,2026-09-21,-0.5311587300290206,0.01666671407714009,10.420742,0.098,0.167,0.05251
ECBK,Unknown,0.18708107,2026-09-21,0.2925336990213223,0.015326776210738939,10.420742,0.098,0.167,0.05251
ALZN,Healthcare,0.18696423,2026-09-21,-0.2228915922215029,0.020011771388802706,-2.2241378,0.098,0.167,-1.63226
NXTG,Unknown,0.1868593,2026-09-21,0.533227440888185,0.011935928958595979,10.420742,0.098,0.167,0.05251
AMGN,Healthcare,0.18684386,2026-09-21,0.4618369544292602,0.025496320844083105,16.061192,0.095,0.649,0.91473
UHS,Unknown,0.18678008,2026-09-21,-0.0692722052896737,0.016229722803117186,10.420742,0.098,0.167,0.05251
GOSS,Unknown,0.1867783,2026-09-21,-0.953590502611148,0.08171099254468471,10.420742,0.098,0.167,0.05251
QQQG,Unknown,0.18676744,2026-09-21,0.345819273196885,0.015798546883467605,10.420742,0.098,0.167,0.05251
APOG,Industrials,0.18676528,2026-09-21,-0.10601789840513609,0.01906413822723482,9.365823,-0.011,0.167,0.13756
XAIX,Unknown,0.18671772,2026-09-21,0.44200920237209007,0.013212724518594943,10.420742,0.098,0.167,0.05251
CLBK,Financial Services,0.18653317,2026-09-21,0.6369069788748098,0.009139152525384272,18.583107,0.131,0.167,0.05019
UMMA,Unknown,0.18635593,2026-09-21,0.3616469977843506,0.011258595809319875,10.420742,0.098,0.167,0.05251
HBAN,Unknown,0.1862466,2026-09-21,-0.06818478563266106,0.016574723661140586,10.420742,0.098,0.167,0.05251
BBCQ,Financial Services,0.18624628,2026-08-27,0.031088115865008925,0.022835687632255523,10.420742,0.098,0.167,0.05251
GLDB,Unknown,0.18619095,2026-09-21,0.031088115865008925,0.020972197495707313,10.420742,0.098,0.167,0.05251
CIIT,Industrials,0.18616699,2026-09-21,-0.9582258871712586,0.042257057304114796,10.420742,1.213,0.167,-0.58917
AFCG,Financial Services,0.18615556,2026-09-21,-0.16905580135552234,0.025225841714936848,4.7239604,0.098,0.167,-0.01758
NEXT,Unknown,0.18613127,2026-09-21,0.09302331770736694,0.01968877365251646,10.420742,0.098,0.167,0.05251
ZS,Unknown,0.18602127,2026-09-21,-0.2898216622714196,0.05288269725746732,10.420742,0.098,0.167,0.05251
GE,Unknown,0.18590344,2026-09-21,0.08356587172057894,0.017380433444438875,10.420742,0.098,0.167,0.05251
ISTM,Unknown,0.1858633,2026-09-21,0.42337402808336977,0.014526033095287726,10.420742,0.098,0.167,0.05251
JHAI,Unknown,0.18583342,2026-09-21,0.30444233172633783,0.017527130811878625,10.420742,0.098,0.167,0.05251
SBGI,Unknown,0.18571645,2026-09-21,-0.001502827647706484,0.0201913618328954,10.420742,0.098,0.167,0.05251
BAX,Healthcare,0.18571591,2026-09-21,-0.025351772961539898,0.013216611530684404,11.282165,0.053,0.368,-0.14371
VIVK,Unknown,0.18567412,2026-09-21,-0.9997476919136108,0.07552368346315226,10.420742,0.098,0.167,0.05251
JEMA,Unknown,0.18562399,2026-09-21,0.3845617961498704,0.014081417089994764,10.420742,0.098,0.167,0.05251
LINC,Unknown,0.18537071,2026-09-21,0.17800567405134737,0.019698740727312418,10.420742,0.098,0.167,0.05251
CACC,Financial Services,0.18532234,2026-09-21,0.13064437074522095,0.012196885523175754,10.3923,0.095,0.706,0.31932
MYRG,Unknown,0.18530451,2026-09-21,0.5536179236724013,0.026486125231894593,10.420742,0.098,0.167,0.05251
EZGO,Unknown,0.18525028,2026-09-21,-0.9983426950783876,0.029430446560026302,10.420742,0.098,0.167,0.05251
VFLO,Unknown,0.18524604,2026-09-21,0.4162015656090716,0.009328233779934475,10.420742,0.098,0.167,0.05251
ASTI,Technology,0.18515451,2026-09-21,0.33839447840086323,0.028448443341554115,10.420742,4.613,0.167,-0.86578006
DHI,Unknown,0.18511076,2026-09-21,-0.16830912721404867,0.01621596749117892,10.420742,0.098,0.167,0.05251
APWC,Industrials,0.1849056,2026-09-21,-0.34803918245800214,0.017519394662047567,10.420742,0.077,-0.324,0.04602
KRNY,Unknown,0.18488659,2026-09-21,0.5104723129424575,0.012967414495853334,10.420742,0.098,0.167,0.05251
WIX,Unknown,0.18487641,2026-09-21,-0.5454992025555516,0.039211960630818346,10.420742,0.098,0.167,0.05251
CBRE,Real Estate,0.18472204,2026-09-21,-0.13938328269013567,0.019979294496750757,15.642042,0.155,-0.042,0.15798001
NFE,Unknown,0.18456447,2026-09-21,4.489999771118164,8.429647345534333,10.420742,0.098,0.167,0.05251
SFD,Unknown,0.18455811,2026-09-21,-0.12640923259495718,0.017265763239244628,10.420742,0.098,0.167,0.05251
HUBG,Unknown,0.18452537,2026-09-21,-0.13672988519574303,0.021982621773571603,10.420742,0.098,0.167,0.05251
UFOX,Unknown,0.18449232,2026-09-21,0.40381191541129735,0.018163969001939548,10.420742,0.098,0.167,0.05251
ESEA,Unknown,0.18446665,2026-09-21,0.2433604289116873,0.01659912157309561,10.420742,0.098,0.167,0.05251
LIVN,Unknown,0.18423885,2026-09-21,0.4000179170006204,0.013914318002944698,10.420742,0.098,0.167,0.05251
LGN,Unknown,0.18420619,2026-09-21,0.8539703818015318,0.03696348602379444,10.420742,0.098,0.167,0.05251
RICK,Unknown,0.18419293,2026-09-21,0.01350206147680355,0.0177499343922568,10.420742,0.098,0.167,0.05251
ERIC,Unknown,0.18412903,2026-09-21,0.31061927460628636,0.015118344461724328,10.420742,0.098,0.167,0.05251
RKNG,Unknown,0.18408613,2026-09-21,0.031088115865008925,0.030051870576017596,10.420742,0.098,0.167,0.05251
TPG,Unknown,0.18407138,2026-09-21,-0.23407605159236355,0.01846627273749927,10.420742,0.098,0.167,0.05251
CMCO,Industrials,0.18393207,2026-09-21,0.010967805594451985,0.028230283980103348,5.8827534,1.253,0.167,-0.27747
YBMN,Unknown,0.18385963,2026-08-24,0.031088115865008925,0.022835687632255523,10.420742,0.098,0.167,0.05251
DVXP,Unknown,0.18385963,2026-09-02,0.031088115865008925,0.022835687632255523,10.420742,0.098,0.167,0.05251
SEDG,Unknown,0.18381833,2026-09-21,0.025208874188401342,0.04133005153266873,10.420742,0.098,0.167,0.05251
ORCS,Unknown,0.18370014,2026-09-21,0.031088115865008925,0.03350212566141971,10.420742,0.098,0.167,0.05251
BXP,Real Estate,0.18358937,2026-09-21,-0.1405188519261099,0.01729716259765622,28.790005,0.037,-0.232,0.05308
ORCL,Unknown,0.18357034,2026-09-21,-0.4948467296579613,0.03233116087217738,10.420742,0.098,0.167,0.05251
SWIM,Unknown,0.18355912,2026-09-21,-0.18367347311149373,0.020938886562421412,10.420742,0.098,0.167,0.05251
BRNS,Healthcare,0.18354209,2026-09-18,0.031088115865008925,0.04226650143940752,-0.6520705,0.098,0.167,-0.52384996
Q,Unknown,0.18338597,2026-09-21,0.031088115865008925,0.02642016262861488,10.420742,0.098,0.167,0.05251
TMO,Unknown,0.18319295,2026-09-21,0.3744554641875184,0.0156836378469766,10.420742,0.098,0.167,0.05251
LYTS,Unknown,0.18313667,2026-09-21,-0.1085226010085042,0.019958874783544283,10.420742,0.098,0.167,0.05251
IEX,Unknown,0.18312128,2026-09-21,0.3976157352795173,0.010966663843429987,10.420742,0.098,0.167,0.05251
TSCO,Unknown,0.1831069,2026-09-21,-0.44331830335286904,0.01647821918380925,10.420742,0.098,0.167,0.05251
CNSP,Healthcare,0.18301876,2026-09-21,-0.40290618616028673,0.03436850541629364,-13.381025,0.098,0.167,-1.06621
BCARU,Financial Services,0.18301444,2026-08-27,0.031088115865008925,0.022835687632255523,10.420742,0.098,0.167,0.05251
PDD,Unknown,0.18299799,2026-09-21,-0.40139897473704245,0.013996252355285406,10.420742,0.098,0.167,0.05251
PSMT,Unknown,0.18262547,2026-09-21,0.4615502456400513,0.010179946765700401,10.420742,0.098,0.167,0.05251
AMP,Financial Services,0.18258424,2026-09-21,0.10364655472412188,0.012979111143653452,10.382929,0.116,0.117,0.63432
STEP,Unknown,0.18242088,2026-09-21,-0.2436980786182369,0.025276455825137063,10.420742,0.098,0.167,0.05251
COYA,Healthcare,0.18238752,2026-09-21,-0.13850167790196954,0.03346748759285826,-2.6293085,0.49,0.167,-0.60541
FER,Unknown,0.18235691,2026-09-21,-0.017109161270270068,0.016326839841831888,10.420742,0.098,0.167,0.05251
BNBX,Financial Services,0.18233527,2026-09-21,-0.9529616687290844,0.08255871610312704,10.420742,0.989,0.167,-4.3947
DRI,Unknown,0.18224849,2026-09-21,0.13197917384760105,0.020294897557632773,10.420742,0.098,0.167,0.05251
CG,Financial Services,0.18224323,2026-09-21,-0.39196132173689613,0.017106645009153734,8.02612,-0.329,-0.575,0.077659994
HST,Unknown,0.18223925,2026-09-21,0.3660900076062932,0.01114768014469665,10.420742,0.098,0.167,0.05251
BTBD,Consumer Cyclical,0.18206735,2026-09-21,0.09554138289604919,0.03999314117512526,10.420742,-0.061,9.066,-0.089490004
ASUR,Technology,0.1820114,2026-09-21,-0.0012345961001080097,0.02183717515735818,7.4837937,0.232,0.167,-0.042969998
AIDX,Healthcare,0.18167594,2026-09-21,0.031088115865008925,0.042880836586594924,10.420742,0.365,0.167,-3.31224
PTN,Unknown,0.1816545,2026-09-21,0.24705886840820312,0.08109495741230657,10.420742,0.098,0.167,0.05251
WSM,Unknown,0.18138677,2026-09-21,0.1558666756378062,0.016689728190640213,10.420742,0.098,0.167,0.05251
NHPAP,Unknown,0.18114999,2026-09-11,0.031088115865008925,0.022835687632255523,10.420742,0.098,0.167,0.05251
EPSN,Unknown,0.18111874,2026-09-21,0.200942241091131,0.018003748761935362,10.420742,0.098,0.167,0.05251
LULU,Unknown,0.1809355,2026-09-21,-0.4066034173540507,0.04625739744932138,10.420742,0.098,0.167,0.05251
PRAA,Unknown,0.18069854,2026-09-21,0.2012781110520312,0.019281631687403905,10.420742,0.098,0.167,0.05251
MNDO,Unknown,0.18065096,2026-09-21,-0.1195726275491048,0.019219548478692484,10.420742,0.098,0.167,0.05251
WSE,Unknown,0.18046738,2026-09-21,0.031088115865008925,0.01758425541452356,10.420742,0.098,0.167,0.05251
WYNN,Unknown,0.18044658,2026-09-21,-0.34643937278061676,0.016379086150591603,10.420742,0.098,0.167,0.05251
MRTN,Unknown,0.18030447,2026-09-21,0.19405418227877913,0.013290110999676702,10.420742,0.098,0.167,0.05251
JYNT,Unknown,0.18021448,2026-09-21,-0.16861602897831363,0.018284847510162832,10.420742,0.098,0.167,0.05251
PXI,Unknown,0.1802111,2026-09-21,0.41368586676100727,0.013423846881715289,10.420742,0.098,0.167,0.05251
NUWE,Unknown,0.18008046,2026-09-21,-0.9934421768425276,0.10097344062466053,10.420742,0.098,0.167,0.05251
PLAB,Unknown,0.1799807,2026-09-21,0.17406964471032849,0.031188460173526427,10.420742,0.098,0.167,0.05251
SCA,Unknown,0.17994015,2026-09-21,0.031088115865008925,0.018404599563201108,10.420742,0.098,0.167,0.05251
PIE,Unknown,0.17986313,2026-09-21,0.44043470762389614,0.01261134090171995,10.420742,0.098,0.167,0.05251
AFBI,Financial Services,0.17983633,2026-07-31,0.031088115865008925,0.022835687632255523,10.420742,0.042,0.167,0.02049
NNDM,Unknown,0.17980826,2026-09-21,0.09936170610310158,0.01659083522684841,10.420742,0.098,0.167,0.05251
USOI,Unknown,0.17976533,2026-09-21,0.39608440020495284,0.010514972793389114,10.420742,0.098,0.167,0.05251
NXT,Unknown,0.17965344,2026-09-21,0.16699767426881817,0.028948843181849714,10.420742,0.098,0.167,0.05251
DVXF,Unknown,0.17962576,2026-09-02,0.031088115865008925,0.022835687632255523,10.420742,0.098,0.167,0.05251
DVXE,Unknown,0.17962576,2026-09-02,0.031088115865008925,0.022835687632255523,10.420742,0.098,0.167,0.05251
SLMT,Technology,0.17962375,2026-09-21,-0.9842771085869356,0.07524661475195706,10.420742,5.008,0.167,-5.1765504
MS,Unknown,0.17959467,2026-09-21,0.3259252181854886,0.013487187126204295,10.420742,0.098,0.167,0.05251
ICLN,Unknown,0.17942569,2026-09-21,0.1928964687637078,0.014078585148546038,10.420742,0.098,0.167,0.05251
SPOK,Unknown,0.17938443,2026-09-21,-0.34134333660652716,0.014146697311302515,10.420742,0.098,0.167,0.05251
AFRI,Consumer Defensive,0.1793779,2026-09-21,0.2444444232516818,0.018371885459806867,10.420742,-0.222,0.167,-2.02205
GGLS,Unknown,0.17931104,2026-09-21,-0.32468937166609924,0.014989342588880942,10.420742,0.098,0.167,0.05251
FMTM,Unknown,0.1792915,2026-09-21,0.2931019749404733,0.01376103397290325,10.420742,0.098,0.167,0.05251
AGIX,Unknown,0.17928259,2026-09-21,0.32818868810810176,0.01774820246973695,10.420742,0.098,0.167,0.05251
EQIX,Unknown,0.1791542,2026-09-21,0.374520582417988,0.01720993607233892,10.420742,0.098,0.167,0.05251
LECO,Unknown,0.17913963,2026-09-21,0.09378897292561805,0.023156631605596553,10.420742,0.098,0.167,0.05251
CNVS,Communication Services,0.17896223,2026-09-21,-0.3622753984499223,0.011956145285915818,-16.5,1.752,0.167,-0.28417
DOW,Unknown,0.17888205,2026-09-21,0.2330253622662044,0.01977576677567471,10.420742,0.098,0.167,0.05251
PHUN,Unknown,0.17883307,2026-09-21,-0.3038194323717449,0.012399058947665948,10.420742,0.098,0.167,0.05251
GS,Unknown,0.17882667,2026-09-21,0.2153302296127504,0.018042471378164497,10.420742,0.098,0.167,0.05251
VEEE,Unknown,0.17877312,2026-09-21,-0.795593907573946,0.24981340445266315,10.420742,0.098,0.167,0.05251
HWKN,Unknown,0.1787381,2026-09-21,-0.2885990195952176,0.01706653201165524,10.420742,0.098,0.167,0.05251
EFX,Unknown,0.17867044,2026-09-21,-0.382656013702824,0.02041835717616699,10.420742,0.098,0.167,0.05251
TLN,Unknown,0.17866498,2026-09-21,-0.2756652648301099,0.027781330419533328,10.420742,0.098,0.167,0.05251
ETN,Unknown,0.17861398,2026-09-21,0.19212507431452974,0.029342316052631684,10.420742,0.098,0.167,0.05251
OMC,Unknown,0.17856775,2026-09-21,0.03681775951479094,0.019886389701974105,10.420742,0.098,0.167,0.05251
MRVU,Unknown,0.17850006,2026-09-21,0.031088115865008925,0.0889076240736572,10.420742,0.098,0.167,0.05251
POWL,Unknown,0.17842954,2026-09-21,0.8445873535953787,0.0304818737866167,10.420742,0.098,0.167,0.05251
BYFC,Financial Services,0.17840281,2026-09-21,0.6766760293689074,0.012872724001185996,10.420742,0.046,87.101,-0.07514
QQQP,Unknown,0.17833446,2026-09-21,0.3453555200144858,0.018520798924666487,10.420742,0.098,0.167,0.05251
LKFT,Unknown,0.17826872,2026-09-21,-0.10935625609746158,0.022633207567418122,10.420742,0.098,0.167,0.05251
GRNQ,Unknown,0.17825964,2026-09-18,-0.29219863317506845,0.11628738394960987,10.420742,0.098,0.167,0.05251
BOTT,Unknown,0.17825302,2026-09-21,0.0858365479071328,0.02025781545697519,10.420742,0.098,0.167,0.05251
IRM,Unknown,0.17816181,2026-09-21,0.2185999557224012,0.018141703793524998,10.420742,0.098,0.167,0.05251
VALG,Unknown,0.1781148,2026-09-18,0.031088115865008925,0.0418985347379477,10.420742,0.098,0.167,0.05251
NIKL,Unknown,0.17791912,2026-09-21,0.10134341092996246,0.018594880827685723,10.420742,0.098,0.167,0.05251
PAA,Unknown,0.1778417,2026-09-21,0.5530038562707156,0.012321512494771206,10.420742,0.098,0.167,0.05251
OPCH,Unknown,0.17774256,2026-09-21,-0.15610698661606537,0.015768219725714586,10.420742,0.098,0.167,0.05251
ALLE,Industrials,0.17772613,2026-09-21,-0.13888115264090184,0.012395017687459056,15.529686,0.127,0.162,0.3373
COCP,Healthcare,0.17771764,2026-09-21,-0.03826768436984096,0.03355867870240774,-2.1206896,0.098,0.167,-3.11683
EW,Unknown,0.1776002,2026-09-21,0.18430579881036713,0.015326684198930239,10.420742,0.098,0.167,0.05251
WINA,Unknown,0.17757855,2026-09-21,-0.42581388537592035,0.013853716651463127,10.420742,0.098,0.167,0.05251
AIXI,Technology,0.17755216,2026-09-21,-0.9461988306335799,1.3883516432580665,-3.4074073,-0.978,0.167,0.05251
AON,Financial Services,0.17751233,2026-09-21,-0.16517509162706256,0.02589411560132943,14.442582,0.022,-0.03,0.44699
APLMW,Unknown,0.17750433,2026-09-18,0.031088115865008925,0.022835687632255523,10.420742,0.098,0.167,0.05251
CPSS,Financial Services,0.17743269,2026-09-21,0.14684466890255465,0.02498266068104652,6.517241,0.189,0.35,0.06944
IRTC,Unknown,0.1774275,2026-09-21,-0.37395123934414887,0.022335878942818358,10.420742,0.098,0.167,0.05251
FRPT,Unknown,0.17739865,2026-09-21,0.19483888722380138,0.01774742106184043,10.420742,0.098,0.167,0.05251
RGS,Unknown,0.17718595,2026-09-21,-0.02669477510402818,0.019636845731712954,10.420742,0.098,0.167,0.05251
ERIE,Unknown,0.17715621,2026-09-21,-0.2416194700602592,0.018639355418046274,10.420742,0.098,0.167,0.05251
SKYQ,Energy,0.1771478,2026-09-21,-0.3491124375135859,0.05755607051758837,10.420742,0.098,0.167,-1.3278999
PBOG,Unknown,0.17687246,2026-09-21,0.031088115865008925,0.015624501940717139,10.420742,0.098,0.167,0.05251
BOSC,Technology,0.17676121,2026-09-21,-0.04056791404240989,0.014468748789787598,7.770491,0.289,0.683,0.13163
VNOM,Unknown,0.17672834,2026-09-21,0.16867430130462013,0.01781363152674355,10.420742,0.098,0.167,0.05251
CTEC,Unknown,0.17668226,2026-09-21,0.1850860161981398,0.01752731790857705,10.420742,0.098,0.167,0.05251
AIA,Unknown,0.17659453,2026-09-21,0.5963286875656058,0.01669474281295377,10.420742,0.098,0.167,0.05251
SEMY,Unknown,0.17646787,2026-09-21,0.031088115865008925,0.013133902202273208,10.420742,0.098,0.167,0.05251
GEV,Unknown,0.17638975,2026-09-21,0.5630173173760968,0.03111003959661916,10.420742,0.098,0.167,0.05251
TPR,Unknown,0.17619689,2026-09-21,0.011268237539912018,0.019697531547300542,10.420742,0.098,0.167,0.05251
EBAY,Unknown,0.1761309,2026-09-21,0.22964748403128632,0.0199661659138628,10.420742,0.098,0.167,0.05251
PEBK,Unknown,0.17612816,2026-09-21,0.3880590293747561,0.011424809614306072,10.420742,0.098,0.167,0.05251
URI,Unknown,0.17604223,2026-09-21,0.09986254002613704,0.01828684778445674,10.420742,0.098,0.167,0.05251
SOLS,Unknown,0.17597586,2026-09-21,0.031088115865008925,0.03652115806093261,10.420742,0.098,0.167,0.05251
EME,Unknown,0.1759352,2026-09-21,0.20261326940380053,0.024243735401446132,10.420742,0.098,0.167,0.05251
REGN,Unknown,0.17593074,2026-09-21,0.33761851098376483,0.017698360097249777,10.420742,0.098,0.167,0.05251
BWFG,Financial Services,0.17579752,2026-09-21,0.4807889414448536,0.01005945378607988,11.323937,0.197,0.333,0.14130001
LBTYK,Unknown,0.17579146,2026-09-21,-0.18464733163909075,0.014889499775632616,10.420742,0.098,0.167,0.05251
IPAR,Unknown,0.17573929,2026-09-21,0.11762191324555538,0.014276897054699368,10.420742,0.098,0.167,0.05251
WAFD,Unknown,0.17563969,2026-09-21,0.047995770834409646,0.01401302345261997,10.420742,0.098,0.167,0.05251
UBER,Unknown,0.17560893,2026-09-21,-0.2494720249348279,0.018281019226610264,10.420742,0.098,0.167,0.05251
CASS,Industrials,0.1755616,2026-09-21,0.3277386709900054,0.009089031676809732,15.224827,0.122,0.243,0.15125
VSECU,Unknown,0.17549388,2026-09-21,0.031088115865008925,0.02395728180938224,10.420742,0.098,0.167,0.05251
ELV,Unknown,0.17538732,2026-09-21,0.3177729274170147,0.017690734645728644,10.420742,0.098,0.167,0.05251
FSV,Unknown,0.17533353,2026-09-21,-0.3367378713903717,0.017772637164969563,10.420742,0.098,0.167,0.05251
LKQ,Unknown,0.17532119,2026-09-21,-0.2204453635306114,0.018111175336337944,10.420742,0.098,0.167,0.05251
KEY,Unknown,0.17527267,2026-09-21,0.13556134838962697,0.014522833236779883,10.420742,0.098,0.167,0.05251
FRST,Unknown,0.17487271,2026-09-21,0.4773970513687653,0.011893720415483469,10.420742,0.098,0.167,0.05251
ATPC,Consumer Defensive,0.17474495,2026-09-21,-0.9639843739569187,0.021018366465652208,10.420742,-0.934,0.167,-0.05481
RDWR,Unknown,0.17470147,2026-09-21,0.10304624879257451,0.025354682573205122,10.420742,0.098,0.167,0.05251
KOID,Unknown,0.17462917,2026-09-21,0.12944108765286244,0.015641885878527807,10.420742,0.098,0.167,0.05251
KIDZ,Unknown,0.1746251,2026-09-21,-0.9997159817447401,0.05923365811903615,10.420742,0.098,0.167,0.05251
RGLD,Unknown,0.17461208,2026-09-21,0.33873405320921623,0.01727034810020139,10.420742,0.098,0.167,0.05251
ITIC,Unknown,0.1745272,2026-09-21,0.1736047777063332,0.015422293104075405,10.420742,0.098,0.167,0.05251
PWRD,Unknown,0.17448626,2026-09-21,0.10433098464226287,0.016363939005881206,10.420742,0.098,0.167,0.05251
BMY,Healthcare,0.17443697,2026-09-21,0.4446751360346868,0.010191536858535783,9.583646,0.057,1.531,0.46598998
SSS,Unknown,0.17438187,2026-09-21,0.031088115865008925,0.016569330374064536,10.420742,0.098,0.167,0.05251
LBTYA,Unknown,0.17433189,2026-09-21,-0.1633165726796899,0.014808043535335656,10.420742,0.098,0.167,0.05251
CMPR,Industrials,0.17431347,2026-09-21,0.2701112472434417,0.014707968691703014,14.169627,0.087,0.167,0.05251
CMI,Industrials,0.17404735,2026-09-21,0.2779918893851798,0.01477251973282599,15.563545,0.094,0.047,0.21114
OPTZ,Unknown,0.17397591,2026-09-21,0.29982672683020795,0.011784716010953279,10.420742,0.098,0.167,0.05251
LEGH,Unknown,0.17380862,2026-09-21,0.017934003409283195,0.012720508050953157,10.420742,0.098,0.167,0.05251
DGX,Healthcare,0.17379971,2026-09-21,0.3619511005302567,0.013195978269721166,20.375345,0.102,0.15,0.14602
AZO,Consumer Cyclical,0.17368437,2026-09-21,-0.3135527188211392,0.014647095925112546,16.30853,0.084,0.077,0.05251
SNPS,Unknown,0.17335714,2026-09-21,-0.16011956082043988,0.042306360889790486,10.420742,0.098,0.167,0.05251
GIS,Unknown,0.17322348,2026-09-21,-0.23684369031419206,0.01723576958402582,10.420742,0.098,0.167,0.05251
AVNW,Technology,0.17308187,2026-09-21,-0.16067738689603384,0.031840426318242104,6.832776,0.048,0.167,0.00957
BKNG,Consumer Cyclical,0.1729469,2026-09-21,-0.21405459663047954,0.02195557031474087,13.698941,0.081,1.3,0.05251
WAT,Unknown,0.17290293,2026-09-21,0.38101371986142674,0.013344724862236456,10.420742,0.098,0.167,0.05251
CARE,Financial Services,0.1727981,2026-09-21,0.5362811634698843,0.012494261623182202,11.819231,0.683,2.539,0.27216
RCL,Unknown,0.17279345,2026-09-21,-0.2093975705017842,0.014352045428734804,10.420742,0.098,0.167,0.05251
AKTX,Healthcare,0.17269734,2026-09-21,-0.6978124976158142,0.06927296779417373,-1.1179191,0.098,0.167,-1.4009
AVXX,Unknown,0.17260504,2026-09-21,0.031088115865008925,0.06516561460576745,10.420742,0.098,0.167,0.05251
EART,Unknown,0.1725884,2026-09-21,0.3559472147756231,0.015153989814882245,10.420742,0.098,0.167,0.05251
BTOG,Financial Services,0.17257662,2026-09-10,0.031088115865008925,0.08295909152883188,10.420742,0.098,0.167,0.05251
NRDS,Unknown,0.17256716,2026-09-21,-0.19326235843156758,0.016440871940869198,10.420742,0.098,0.167,0.05251
AVB,Real Estate,0.17249154,2026-08-24,0.031088115865008925,0.016576863411483424,36.754955,0.023,-0.413,0.08487
MSFT,Unknown,0.17244446,2026-09-21,-0.007854013040177854,0.01411147315936137,10.420742,0.098,0.167,0.05251
PSEC,Unknown,0.17232284,2026-09-21,0.009048807058054331,0.015705597590559593,10.420742,0.098,0.167,0.05251
DOO,Unknown,0.17231524,2026-09-21,-0.07078214254141268,0.028748395937930514,10.420742,0.098,0.167,0.05251
LLY,Unknown,0.17229028,2026-09-21,0.5337301774189485,0.012130951876551355,10.420742,0.098,0.167,0.05251
DAKT,Unknown,0.17210872,2026-09-21,-0.22339489775009191,0.017984936416239612,10.420742,0.098,0.167,0.05251
FINW,Unknown,0.17208417,2026-09-21,-0.4018419459727529,0.011045527055699049,10.420742,0.098,0.167,0.05251
BR,Technology,0.1720178,2026-09-21,-0.3044836219527026,0.01693744595205917,14.2188635,0.075,0.084,0.40916002
BOLT,Healthcare,0.17201512,2026-09-21,-0.323251427311538,0.043741023242603407,-0.17731549,-0.997,0.167,-1.11647
CVCO,Unknown,0.17197405,2026-09-21,-0.03497040939535534,0.014825426075414098,10.420742,0.098,0.167,0.05251
WST,Unknown,0.1716778,2026-09-21,0.4211583345339289,0.013849583886912296,10.420742,0.098,0.167,0.05251
STZ,Unknown,0.17165874,2026-09-21,-0.08126627199094794,0.016972400818262533,10.420742,0.098,0.167,0.05251
CSCS,Unknown,0.17156962,2026-09-21,-0.4192737486522762,0.01492678241885857,10.420742,0.098,0.167,0.05251
BCAB,Healthcare,0.17150278,2026-09-21,-0.9444283647038365,0.23553437856517498,-1.3840364,0.098,0.167,0.05251
BRKRP,Healthcare,0.17145206,2026-09-21,0.7328631251580096,0.03594861383712621,10.420742,0.052,0.167,-0.029979998
NXPI,Unknown,0.1714493,2026-09-21,0.040082172309431785,0.02278754112350788,10.420742,0.098,0.167,0.05251
EWZS,Unknown,0.17139556,2026-09-21,-0.008110801014498903,0.01611777501287193,10.420742,0.098,0.167,0.05251
SLVO,Unknown,0.17134142,2026-09-21,0.35847670485635263,0.016565156440174898,10.420742,0.098,0.167,0.05251
MSTP,Unknown,0.171308,2026-09-21,-0.9031382219141119,0.14132967312164343,10.420742,0.098,0.167,0.05251
ASBP,Consumer Cyclical,0.17129229,2026-09-21,-0.5062500345436002,0.0404564690338351,10.420742,0.098,0.167,-10.32142
QRHC,Unknown,0.17117363,2026-09-21,-0.1375000158324835,0.0157466631709724,10.420742,0.098,0.167,0.05251
ADUS,Healthcare,0.17114396,2026-09-21,0.05618801507620086,0.012560137788475947,15.4772835,0.08,0.242,0.09706
RNIN,Unknown,0.17109938,2026-09-21,0.34755956186659875,0.011069863833841627,10.420742,0.098,0.167,0.05251
RVSN,Unknown,0.17104727,2026-09-21,-0.9890058479811016,0.052725489499247644,10.420742,0.098,0.167,0.05251
QQQS,Unknown,0.17098057,2026-09-21,0.3526559478974347,0.011887916553955494,10.420742,0.098,0.167,0.05251
PTC,Unknown,0.17096886,2026-09-21,-0.34720401324130457,0.028018351428472643,10.420742,0.098,0.167,0.05251
STRD,Unknown,0.17084654,2026-09-21,0.07834625566788245,0.01468237844704915,10.420742,0.098,0.167,0.05251
TMUSI,Unknown,0.17084633,2026-09-21,-0.16275093937531848,0.01618818780498407,10.420742,0.098,0.167,0.05251
CVNA,Unknown,0.17069301,2026-09-21,-0.1036863031029821,0.02711930380205203,10.420742,0.098,0.167,0.05251
SVRN,Unknown,0.17059837,2026-09-21,0.09251970144736976,0.14659836828945577,10.420742,0.098,0.167,0.05251
TSLA,Unknown,0.17052862,2026-09-21,-0.09763706755691948,0.029700856037405188,10.420742,0.098,0.167,0.05251
ESQ,Unknown,0.17045341,2026-09-21,0.177897987867619,0.017982668235714205,10.420742,0.098,0.167,0.05251
YMT,Unknown,0.17040999,2026-09-21,-0.9964883551068388,0.07019464054790565,10.420742,0.098,0.167,0.05251
FOX,Unknown,0.17029352,2026-09-21,0.08458879216536608,0.02014827167427145,10.420742,0.098,0.167,0.05251
ZION,Unknown,0.17024928,2026-09-21,0.1273896322628385,0.01348218643030594,10.420742,0.098,0.167,0.05251
VICR,Unknown,0.17012928,2026-09-21,3.2177750013054567,0.06109377840308747,10.420742,0.098,0.167,0.05251
SFST,Unknown,0.17012636,2026-09-21,0.34804563362924457,0.013792554488497727,10.420742,0.098,0.167,0.05251
NSSC,Unknown,0.17011103,2026-09-21,-0.13609223470087906,0.01905734197165097,10.420742,0.098,0.167,0.05251
BOLD,Healthcare,0.1700823,2026-09-21,1.4824561045770825,0.009747296058640989,-2.887755,0.098,0.167,-0.67857003
AYTU,Healthcare,0.17002362,2026-09-21,-0.08902952567778277,0.024194020546911055,-28.466665,-0.327,0.167,-0.9742
PATN,Unknown,0.17000958,2026-09-21,0.4456777423705103,0.011916679450272348,10.420742,0.098,0.167,0.05251
ACGL,Financial Services,0.16995132,2026-09-21,0.08923908492253818,0.011496691186248279,9.855592,-0.105,-0.071,0.19936001
URBN,Unknown,0.16987135,2026-09-21,0.04791841600215907,0.030925998386884486,10.420742,0.098,0.167,0.05251
SFLO,Unknown,0.16980895,2026-09-21,0.30369723280788063,0.010188587964203027,10.420742,0.098,0.167,0.05251
MGYR,Unknown,0.16979812,2026-09-18,0.15829321441240563,0.017120718757674746,10.420742,0.098,0.167,0.05251
LASR,Unknown,0.1697235,2026-09-21,0.279326921137127,0.033887404425561284,10.420742,0.098,0.167,0.05251
PRN,Unknown,0.1696817,2026-09-21,0.17294896757559286,0.019030974132040256,10.420742,0.098,0.167,0.05251
SOLT,Unknown,0.16954266,2026-09-21,-0.8864651003506658,0.1043221407485049,10.420742,0.098,0.167,0.05251
KKR,Unknown,0.16953938,2026-09-21,-0.3199011620086595,0.018055726776823416,10.420742,0.098,0.167,0.05251
EXPD,Unknown,0.1694995,2026-09-21,0.567093016289764,0.01002910071124628,10.420742,0.098,0.167,0.05251
PNRG,Unknown,0.16949835,2026-09-21,0.21821152879017158,0.014066253009383224,10.420742,0.098,0.167,0.05251
COYY,Unknown,0.16935329,2026-09-21,-0.5966255039845444,0.012074883391545789,10.420742,0.098,0.167,0.05251
ASTC,Technology,0.16932082,2026-09-21,0.315795911753987,0.03453129240600365,-9.558824,-0.358,0.167,-0.76359004
IRON,Unknown,0.16927439,2026-09-21,0.09508219566978582,0.01980186489734176,10.420742,0.098,0.167,0.05251
APEI,Consumer Defensive,0.16920532,2026-09-21,0.19102665226888904,0.006668011520285556,11.482713,0.055,0.167,0.1558
BALL,Consumer Cyclical,0.16913275,2026-09-21,0.24067397524559242,0.00979012623080087,13.304899,0.197,0.092,0.17151
ROP,Unknown,0.16912805,2026-09-21,-0.27459356803401513,0.015607292658425705,10.420742,0.098,0.167,0.05251
UNH,Unknown,0.16907746,2026-09-21,0.1547337102587505,0.013253560986137232,10.420742,0.098,0.167,0.05251
GOOGL,Unknown,0.16906632,2026-09-21,0.41489098556864246,0.014863607471396654,10.420742,0.098,0.167,0.05251
PHM,Unknown,0.16900451,2026-09-21,-0.1039039081426898,0.015598207215013132,10.420742,0.098,0.167,0.05251
ESGE,Unknown,0.16897763,2026-09-21,0.3247581582601091,0.013453770336198748,10.420742,0.098,0.167,0.05251
VREX,Unknown,0.16885918,2026-09-21,0.49797409900963174,0.0014252101548822606,10.420742,0.098,0.167,0.05251
STHO,Unknown,0.16875087,2026-09-21,0.015194172808572493,0.01391536480498664,10.420742,0.098,0.167,0.05251
AIQ,Unknown,0.16870533,2026-09-21,0.3602499270519077,0.01433374959335173,10.420742,0.098,0.167,0.05251
RBKB,Unknown,0.1686403,2026-09-21,0.5141901971192369,0.011169275913352898,10.420742,0.098,0.167,0.05251
LINE,Unknown,0.1686228,2026-09-21,-0.019677379733797573,0.013621155993030426,10.420742,0.098,0.167,0.05251
GILD,Unknown,0.1686189,2026-09-21,0.36300876756052824,0.013274981558417975,10.420742,0.098,0.167,0.05251
PH,Unknown,0.16831568,2026-09-21,0.28152340561794764,0.015905332163238816,10.420742,0.098,0.167,0.05251
FDRS,Unknown,0.16827533,2026-09-21,0.031088115865008925,0.018656214314080023,10.420742,0.098,0.167,0.05251
CVX,Unknown,0.16827141,2026-09-21,0.3366534216600041,0.015306076920702315,10.420742,0.098,0.167,0.05251
WMG,Unknown,0.1682234,2026-09-21,-0.16001292831706604,0.018831564101390915,10.420742,0.098,0.167,0.05251
ALL,Financial Services,0.16821954,2026-09-21,0.2033612875987163,0.014295242330027996,8.8474865,0.118,0.612,0.46113998
WTW,Unknown,0.16821197,2026-09-21,-0.06051476027358027,0.01684484161743178,10.420742,0.098,0.167,0.05251
NTRS,Unknown,0.16795576,2026-09-21,0.37961229613303726,0.013333116332523442,10.420742,0.098,0.167,0.05251
UTMD,Unknown,0.16794321,2026-09-21,0.20047270213795865,0.016931605589129223,10.420742,0.098,0.167,0.05251
UPGR,Unknown,0.16787252,2026-09-21,0.021631268848725682,0.013908301142880771,10.420742,0.098,0.167,0.05251
WISE,Unknown,0.1678711,2026-09-21,-0.14201295312507523,0.01787227246969552,10.420742,0.098,0.167,0.05251
ZTS,Unknown,0.16785935,2026-09-21,-0.50386850855785,0.013687339406428908,10.420742,0.098,0.167,0.05251
TUR,Unknown,0.16765897,2026-09-21,0.12183492548650476,0.02185513973678937,10.420742,0.098,0.167,0.05251
NCSM,Unknown,0.1675347,2026-09-02,0.031088115865008925,0.022835687632255523,10.420742,0.098,0.167,0.05251
EXE,Unknown,0.16734174,2026-09-21,-0.0960615380780151,0.017124524859866014,10.420742,0.098,0.167,0.05251
C,Financial Services,0.1671423,2026-09-21,0.3521004141269499,0.013045955612887437,10.510514,0.155,0.61,0.08529
PKG,Unknown,0.16702381,2026-09-21,0.14916168518498196,0.01641007658609369,10.420742,0.098,0.167,0.05251
ICUI,Unknown,0.1670233,2026-09-21,0.17125242856433287,0.013568465068446365,10.420742,0.098,0.167,0.05251
PBHC,Unknown,0.16701257,2026-09-21,0.20241527387383185,0.01972859746787839,10.420742,0.098,0.167,0.05251
JTEK,Unknown,0.16677405,2026-09-21,0.13200718460807193,0.017814416258942888,10.420742,0.098,0.167,0.05251
WOK,Unknown,0.1667595,2026-09-21,-0.9999976226415275,0.027975058478966194,10.420742,0.098,0.167,0.05251
UTHR,Unknown,0.16671568,2026-09-21,0.203088762841924,0.014627143660007114,10.420742,0.098,0.167,0.05251
LFSC,Unknown,0.1666688,2026-09-21,0.5339233591582806,0.011338174220771652,10.420742,0.098,0.167,0.05251
MLM,Unknown,0.16659789,2026-09-21,-0.19028088360838047,0.014170642014112325,10.420742,0.098,0.167,0.05251
LRHC,Unknown,0.16630706,2026-09-21,-0.9969476371584877,1.082933726036506,10.420742,0.098,0.167,0.05251
PDP,Unknown,0.1662713,2026-09-21,0.18025190398556434,0.014796045602304526,10.420742,0.098,0.167,0.05251
ROKU,Unknown,0.16623646,2026-09-21,0.555062437005178,0.009872525254022014,10.420742,0.098,0.167,0.05251
FIX,Unknown,0.16620915,2026-09-21,1.048946935095561,0.03175187363852187,10.420742,0.098,0.167,0.05251
LOGI,Unknown,0.16617674,2026-09-21,-0.04729521041739937,0.01891411571300868,10.420742,0.098,0.167,0.05251
PAGP,Unknown,0.16617194,2026-09-21,0.5840681569730766,0.011875433738470298,10.420742,0.098,0.167,0.05251
VMAR,Unknown,0.16613062,2026-09-21,-0.9987250000032886,0.09265068138731003,10.420742,0.098,0.167,0.05251
DRS,Unknown,0.1661303,2026-09-21,-0.10255448678703605,0.01599250676447557,10.420742,0.098,0.167,0.05251
SMTK,Unknown,0.1660765,2026-09-21,-0.9780000001192093,0.0793517923139975,10.420742,0.098,0.167,0.05251
META,Unknown,0.16586706,2026-09-21,-0.0419519763802052,0.03095716272557874,10.420742,0.098,0.167,0.05251
VMC,Unknown,0.16576815,2026-09-21,-0.1657448220768204,0.015440904668117726,10.420742,0.098,0.167,0.05251
DVQQ,Unknown,0.16573106,2026-09-21,0.2325336014607613,0.016506180137488186,10.420742,0.098,0.167,0.05251
ULTA,Unknown,0.1655971,2026-09-21,0.04698865951932629,0.021554608947904258,10.420742,0.098,0.167,0.05251
ALRM,Technology,0.16540904,2026-09-21,-0.04189137110935337,0.012057914236024798,17.332247,0.092,-0.234,0.13311
CASH,Financial Services,0.1653306,2026-09-21,-0.007197716311379554,0.012050501459287766,7.9590106,-0.135,-0.247,0.21176
GOOG,Unknown,0.16532145,2026-09-21,0.3971303608990664,0.014219208784352252,10.420742,0.098,0.167,0.05251
IMCR,Unknown,0.16516148,2026-09-21,-0.03695946660224925,0.01702260163950155,10.420742,0.098,0.167,0.05251
AMPH,Healthcare,0.16511223,2026-09-21,-0.08782798106803602,0.01915593429421059,7.870384,0.054,0.047,0.10297
GNRC,Unknown,0.16503747,2026-09-21,0.11511091931222683,0.050070992775803055,10.420742,0.098,0.167,0.05251
RL,Unknown,0.16499281,2026-09-21,0.09067306329167146,0.016123663710731925,10.420742,0.098,0.167,0.05251
RILYT,Unknown,0.16496377,2026-09-21,0.506614171707592,0.007346736776769466,10.420742,0.098,0.167,0.05251
XBIT,Unknown,0.16495694,2026-09-21,-0.2065217156566458,0.012467511550870421,10.420742,0.098,0.167,0.05251
BULG,Unknown,0.16482496,2026-09-21,-0.7802170945436848,0.09869178510405259,10.420742,0.098,0.167,0.05251
IBAC,Unknown,0.16482237,2026-09-21,0.06010414142002252,0.017176691630188035,10.420742,0.098,0.167,0.05251
UFPI,Unknown,0.16463849,2026-09-21,-0.16598973679153872,0.014918665268314224,10.420742,0.098,0.167,0.05251
FNWD,Unknown,0.1644788,2026-09-21,0.3250629514021257,0.00962337594540786,10.420742,0.098,0.167,0.05251
UMBF,Unknown,0.16442691,2026-09-21,0.0938860011394762,0.012635799658864627,10.420742,0.098,0.167,0.05251
TLA,Unknown,0.16438976,2026-09-21,0.031088115865008925,0.014486835034395238,10.420742,0.098,0.167,0.05251
BSAAU,Financial Services,0.16436361,2026-09-18,0.07283462423541787,0.00863516376693728,10.420742,0.098,0.167,0.05251
MELI,Unknown,0.16433778,2026-09-21,-0.2616086994928234,0.018921739347363367,10.420742,0.098,0.167,0.05251
BKCH,Unknown,0.16432709,2026-09-21,-0.004827892473093787,0.04851191028434617,10.420742,0.098,0.167,0.05251
MCRI,Unknown,0.16431762,2026-09-21,0.18560892617573344,0.012475658717092778,10.420742,0.098,0.167,0.05251
PERI,Unknown,0.1643068,2026-09-21,-0.10306124583923093,0.01923155349164322,10.420742,0.098,0.167,0.05251
OFLX,Unknown,0.16427818,2026-09-21,-0.22819029651272205,0.015858092290111068,10.420742,0.098,0.167,0.05251
RYAAY,Unknown,0.16413593,2026-09-21,-0.035947602739818674,0.015816043340649594,10.420742,0.098,0.167,0.05251
AUMI,Unknown,0.16408229,2026-09-21,0.3740511679891054,0.02414181413531668,10.420742,0.098,0.167,0.05251
ADIL,Healthcare,0.16399565,2026-09-21,-0.4845714024135045,0.07183765490787729,-0.60536915,0.098,0.167,-20.116379
GRMN,Unknown,0.16371377,2026-09-21,0.20059041522584553,0.014757557506110033,10.420742,0.098,0.167,0.05251
COLM,Consumer Cyclical,0.1636762,2026-09-21,0.06490161009988671,0.01349223227918085,13.55635,0.015,0.167,0.12658
MRCY,Unknown,0.1634583,2026-09-21,0.10752271179758721,0.02607722441162331,10.420742,0.098,0.167,0.05251
NOVTU,Unknown,0.16345403,2026-09-21,0.031088115865008925,0.01921552559881154,10.420742,0.098,0.167,0.05251
ROK,Unknown,0.16331838,2026-09-21,0.23363559100749032,0.013038124740848197,10.420742,0.098,0.167,0.05251
SUPP,Unknown,0.16330498,2026-09-18,0.12186181688986397,0.0145225430509261,10.420742,0.098,0.167,0.05251
DAAQU,Unknown,0.16324049,2026-09-18,0.1104815920147113,0.016517320504829326,10.420742,0.098,0.167,0.05251
MATW,Unknown,0.16303355,2026-09-21,-0.19894923349794302,0.015455650649515118,10.420742,0.098,0.167,0.05251
RRR,Unknown,0.16303019,2026-09-21,-0.15004846009123707,0.013498177114948901,10.420742,0.098,0.167,0.05251
FITB,Unknown,0.16296932,2026-09-21,0.19221013174268742,0.013626468000532115,10.420742,0.098,0.167,0.05251
GLNG,Unknown,0.16272394,2026-09-21,0.30872639473878527,0.015885102179023294,10.420742,0.098,0.167,0.05251
AMSF,Financial Services,0.16261011,2026-09-21,-0.3984776475864672,0.013373488376902392,12.2975,0.134,0.068,0.18225001
KRNT,Unknown,0.16255248,2026-09-21,0.037086998891731504,0.019457559802942028,10.420742,0.098,0.167,0.05251
PLUS,Unknown,0.16237864,2026-09-21,0.25033963846991436,0.017227370372726723,10.420742,0.098,0.167,0.05251
FSTR,Unknown,0.16235356,2026-09-21,0.3392283285772275,0.010621708001737534,10.420742,0.098,0.167,0.05251
ATCX,Unknown,0.16216846,2026-09-21,0.031088115865008925,0.03340315068959915,-3.817561,0.098,0.167,0.05251
IDCC,Unknown,0.16207384,2026-09-21,-0.029732236113740096,0.020588608807684265,10.420742,0.098,0.167,0.05251
CNP,Utilities,0.16206646,2026-09-21,0.020594091185230923,0.009900400254384392,18.192488,0.107,0.233,0.09825
AGEN,Healthcare,0.16203257,2026-09-21,0.8725274946389883,0.05039796133847286,-141.83334,0.344,0.167,0.05251
BANF,Financial Services,0.16202989,2026-09-21,-0.1748987156477454,0.01145307196514314,13.974963,0.087,0.059,0.13668
GEME,Unknown,0.16190936,2026-09-21,0.4356814082247391,0.011958157687829953,10.420742,0.098,0.167,0.05251
SIBN,Unknown,0.16174795,2026-09-21,0.21541504558789315,0.013168051829153263,10.420742,0.098,0.167,0.05251
AMT,Real Estate,0.16161732,2026-09-21,-0.05660806304940891,0.012905934097856196,24.985592,0.047,1.385,0.33914003
MAYS,Unknown,0.16156688,2026-09-21,0.06103892140574274,0.0183139904784954,10.420742,0.098,0.167,0.05251
TKO,Unknown,0.16150159,2026-09-21,-0.037328298228314294,0.019941536881273272,10.420742,0.098,0.167,0.05251
QBY,Unknown,0.16149762,2026-09-21,0.031088115865008925,0.013154877988391009,10.420742,0.098,0.167,0.05251
IPGP,Unknown,0.16147216,2026-09-21,-0.06041367595724767,0.024645849638390588,10.420742,0.098,0.167,0.05251
AAPD,Unknown,0.16133809,2026-09-21,-0.30005040195592314,0.013266986758823839,10.420742,0.098,0.167,0.05251
OKE,Unknown,0.16131423,2026-09-21,0.31677993184521536,0.014193310501893583,10.420742,0.098,0.167,0.05251
APO,Financial Services,0.16114064,2026-09-21,-0.09092324219987236,0.014019419912564729,11.951656,0.638,0.637,0.11412
JD,Unknown,0.16110435,2026-09-21,-0.20277151525505865,0.011903572398391305,10.420742,0.098,0.167,0.05251
JCI,Unknown,0.16104238,2026-09-21,0.3396605418509111,0.018631518910582703,10.420742,0.098,0.167,0.05251
AOTG,Unknown,0.16089717,2026-09-21,0.26021727201109135,0.015166323638737477,10.420742,0.098,0.167,0.05251
REMG,Unknown,0.16088688,2026-09-21,0.34004996647483665,0.012724433168176915,10.420742,0.098,0.167,0.05251
WAB,Unknown,0.16076428,2026-09-21,0.4905695444958247,0.01088562960376037,10.420742,0.098,0.167,0.05251
OMH,Unknown,0.1607524,2026-09-21,-0.9638759701751,0.07352309592665629,10.420742,0.098,0.167,0.05251
ADTX,Healthcare,0.16053136,2026-09-21,-0.9999998296289873,0.17707966874730602,-0.00038086803,10.944,0.167,0.05251
GWW,Unknown,0.16052938,2026-09-21,0.2811241827984703,0.01285479030054762,10.420742,0.098,0.167,0.05251
AGEM,Unknown,0.160518,2026-09-21,0.3901456579105105,0.014291653521479453,10.420742,0.098,0.167,0.05251
HYP,Unknown,0.1603527,2026-09-21,0.031088115865008925,0.020212581248590957,10.420742,0.098,0.167,0.05251
TJX,Unknown,0.16030067,2026-09-21,-0.0503705386328509,0.015091366281342979,10.420742,0.098,0.167,0.05251
NHP,Unknown,0.16028248,2026-09-21,0.031088115865008925,0.014086370013483982,10.420742,0.098,0.167,0.05251
FMAO,Unknown,0.16025639,2026-09-21,0.3917826711944743,0.008572395550039122,10.420742,0.098,0.167,0.05251
AEE,Utilities,0.16023399,2026-09-21,0.06116566755720587,0.007397594579484994,17.49089,-0.062,0.119,0.11943
POOL,Unknown,0.16022316,2026-09-21,-0.469081699924086,0.013705518385398562,10.420742,0.098,0.167,0.05251
MEDP,Unknown,0.16006108,2026-09-21,0.23891322547950855,0.014107225185061687,10.420742,0.098,0.167,0.05251
AME,Industrials,0.16004106,2026-09-21,0.2905165863127732,0.016173165405870393,25.229473,0.15,0.142,0.14562
MPWR,Unknown,0.16003942,2026-09-21,0.39557432753699673,0.028460825736504557,10.420742,0.098,0.167,0.05251
GRID,Unknown,0.16002394,2026-09-21,0.2232458636713226,0.015474527656283505,10.420742,0.098,0.167,0.05251
ROBT,Unknown,0.15988338,2026-09-21,0.12563561752965757,0.01461398174983156,10.420742,0.098,0.167,0.05251
DOX,Unknown,0.15986584,2026-09-21,-0.2717615392490458,0.014962217777572664,10.420742,0.098,0.167,0.05251
VRSN,Unknown,0.15973432,2026-09-21,0.08725807833987775,0.01380951863431748,10.420742,0.098,0.167,0.05251
MSBI,Unknown,0.15968595,2026-09-21,0.9217673800273691,0.0082970970884325,10.420742,0.098,0.167,0.05251
AIZ,Financial Services,0.15967949,2026-09-21,0.3539498987102936,0.009273274750339755,11.938699,0.094,0.305,0.18341999
FNLC,Unknown,0.15966052,2026-09-21,0.3407527371500545,0.00993419360957297,10.420742,0.098,0.167,0.05251
CWST,Unknown,0.15939341,2026-09-21,-0.010513229875660501,0.014654935555150005,10.420742,0.098,0.167,0.05251
NKSH,Unknown,0.15935306,2026-09-21,0.41511308924418366,0.011854314993296393,10.420742,0.098,0.167,0.05251
MDGL,Unknown,0.1593515,2026-09-21,0.17751557625496317,0.019031479653066705,10.420742,0.098,0.167,0.05251
SMRI,Unknown,0.15931326,2026-09-21,0.36900980575258346,0.008026326200150926,10.420742,0.098,0.167,0.05251
CCG,Communication Services,0.15928331,2026-09-21,7.503401195044722,0.07445880677896774,-22.266586,-0.344,0.167,-0.11229
CFG,Financial Services,0.15919802,2026-09-21,0.29662936444000243,0.014654213959787667,10.341374,0.147,0.413,0.08270001
PPC,Unknown,0.15909363,2026-09-21,-0.2877506649683783,0.013414233365715227,10.420742,0.098,0.167,0.05251
DGRE,Unknown,0.15903538,2026-09-21,0.4628680883592804,0.013264540411524728,10.420742,0.098,0.167,0.05251
SUPN,Unknown,0.159013,2026-09-21,-0.07565579010747225,0.01412932942586155,10.420742,0.098,0.167,0.05251
UBCP,Unknown,0.15888724,2026-09-21,0.24277084928864912,0.017333304762500508,10.420742,0.098,0.167,0.05251
GXDW,Unknown,0.15888679,2026-09-18,-0.09415358820730002,0.014373299157390615,10.420742,0.098,0.167,0.05251
UFO,Unknown,0.15883975,2026-09-21,0.28688199951592774,0.01432056203429683,10.420742,0.098,0.167,0.05251
TAP,Unknown,0.15870397,2026-09-21,-0.15913842835283432,0.017288154478583787,10.420742,0.098,0.167,0.05251
HUBB,Unknown,0.15868841,2026-09-21,0.05010364019515734,0.01673695728700038,10.420742,0.098,0.167,0.05251
ELAB,Unknown,0.15863156,2026-09-21,-0.996994535453984,0.04653677624989023,10.420742,0.098,0.167,0.05251
ONFO,Unknown,0.15847902,2026-09-21,-0.9849207207963273,0.05159384286344869,10.420742,0.098,0.167,0.05251
SJM,Consumer Defensive,0.15843534,2026-09-21,0.1721981406443902,0.01522799295083759,11.066243,0.05,0.167,0.03931
NEUP,Unknown,0.15816638,2026-09-21,-0.6053191288610875,0.00986168311337503,10.420742,0.098,0.167,0.05251
RGYY,Unknown,0.15815482,2026-09-21,0.031088115865008925,0.012975614226241676,10.420742,0.098,0.167,0.05251
IR,Unknown,0.1580302,2026-09-21,-0.1091374497773121,0.01323442638059908,10.420742,0.098,0.167,0.05251
AXP,Financial Services,0.157978,2026-09-21,-0.07238208037929628,0.011839761081766303,15.596709,0.128,0.11,0.34377
AFOS,Unknown,0.15794967,2026-09-21,0.5298728091220328,0.011041312436035563,10.420742,0.098,0.167,0.05251
STRL,Unknown,0.15785965,2026-09-21,0.47607449973380955,0.038868231829352444,10.420742,0.098,0.167,0.05251
AISPW,,0.1578218,2026-09-21,0.031088115865008925,0.022835687632255523,10.420742,0.921,0.167,0.05251
PAHC,Unknown,0.15781772,2026-09-21,-0.12067548993045119,0.02186199316824466,10.420742,0.098,0.167,0.05251
WLDN,Unknown,0.1578147,2026-09-21,-0.23848700917922572,0.020401234208919792,10.420742,0.098,0.167,0.05251
MSFD,Unknown,0.15763655,2026-09-21,-0.037033480511094785,0.01429558600664468,10.420742,0.098,0.167,0.05251
FTFT,Unknown,0.15762344,2026-09-21,-0.9670455215357292,0.4509956344462702,10.420742,0.098,0.167,0.05251
FRPH,Unknown,0.15759489,2026-09-21,-0.1407954116297646,0.012779168495503668,10.420742,0.098,0.167,0.05251
JOYY,Unknown,0.15746385,2026-09-21,0.34522056644091137,0.010691108807144788,10.420742,0.098,0.167,0.05251
UNP,Unknown,0.1573799,2026-09-21,0.24441882123626613,0.011971823696884586,10.420742,0.098,0.167,0.05251
RDCM,Unknown,0.15735814,2026-09-21,-0.2799026801232455,0.015473041696038185,10.420742,0.098,0.167,0.05251
AFYA,Consumer Defensive,0.15732299,2026-09-21,-0.11345091125436657,0.014587677866473418,6.798398,0.057,0.176,0.16683
SPIT,Unknown,0.15729752,2026-09-21,0.031088115865008925,0.010526781724584613,10.420742,0.098,0.167,0.05251
FIZZ,Unknown,0.1572895,2026-09-21,-0.09676405120892084,0.01679029629944046,10.420742,0.098,0.167,0.05251
HCSG,Unknown,0.15723199,2026-09-21,0.3470920089963876,0.008908454149089614,10.420742,0.098,0.167,0.05251
MCHPP,Unknown,0.15719186,2026-09-21,0.11653319371800319,0.02016222593543066,10.420742,0.098,0.167,0.05251
YNOT,Unknown,0.15715393,2026-09-21,0.20208971604560344,0.01584270273085997,10.420742,0.098,0.167,0.05251
FDBC,Unknown,0.15682797,2026-09-21,0.24614785079611678,0.015483137355365554,10.420742,0.098,0.167,0.05251
ABBV,Healthcare,0.15681866,2026-09-21,0.2303396024559432,0.012086384776247983,16.28703,0.102,2.904,0.05251
TSCM,Unknown,0.15675159,2026-09-21,0.031088115865008925,0.012446907547893536,10.420742,0.098,0.167,0.05251
DPZ,Unknown,0.15668081,2026-09-21,-0.2952380413860457,0.024845729009326245,10.420742,0.098,0.167,0.05251
EMXF,Unknown,0.15650445,2026-09-21,0.3406219081992601,0.011031713155954342,10.420742,0.098,0.167,0.05251
ICE,Unknown,0.15648353,2026-09-21,-0.0779886864311986,0.014191495264384483,10.420742,0.098,0.167,0.05251
FICO,Unknown,0.15641053,2026-09-21,-0.3873792880496122,0.04254417835375091,10.420742,0.098,0.167,0.05251
IOYY,Unknown,0.15638198,2026-09-21,0.031088115865008925,0.012160789462967222,10.420742,0.098,0.167,0.05251
FRWD,Unknown,0.1563471,2026-09-21,0.031088115865008925,0.01455948715674613,10.420742,0.098,0.167,0.05251
BRBI,Financial Services,0.15610328,2026-09-18,0.031088115865008925,0.023717889759331368,10.420742,-0.066,-0.224,0.19736
FTAI,Unknown,0.15607946,2026-09-21,0.08955379232763971,0.036575450737349836,10.420742,0.098,0.167,0.05251
EL,Unknown,0.15600511,2026-09-21,0.10665806232863351,0.018244714787432646,10.420742,0.098,0.167,0.05251
MFMO,Unknown,0.15579936,2026-09-21,0.031088115865008925,0.014577044967650374,10.420742,0.098,0.167,0.05251
CLPS,Technology,0.15578297,2026-09-21,-0.06150941011191724,0.02434295421158562,10.420742,0.028,0.167,-0.1024
PSCM,Unknown,0.15576725,2026-09-21,0.2009160417705571,0.010963025201867564,10.420742,0.098,0.167,0.05251
FLGT,Unknown,0.15571275,2026-09-21,-0.05380164947918531,0.017247056923385656,10.420742,0.098,0.167,0.05251
VRTX,Unknown,0.15553443,2026-09-21,0.32352559989026264,0.012033812348517066,10.420742,0.098,0.167,0.05251
LWAY,Unknown,0.15553416,2026-09-21,-0.12337419968969254,0.01176496167193992,10.420742,0.098,0.167,0.05251
BIIB,Healthcare,0.15551606,2026-09-21,0.5372367086936796,0.01609607827182143,13.353713,0.034,-0.848,0.04575
IMOM,Unknown,0.15545695,2026-09-21,0.18442476742602,0.011288761420585726,10.420742,0.098,0.167,0.05251
TW,Unknown,0.15510145,2026-09-21,-0.0684206147397135,0.015559353289160582,10.420742,0.098,0.167,0.05251
FBIZ,Unknown,0.15508232,2026-09-21,0.3842467486755481,0.011200174094650758,10.420742,0.098,0.167,0.05251
IPW,Unknown,0.15500753,2026-09-21,-0.998703703735814,0.12501956099755213,10.420742,0.098,0.167,0.05251
TCPC,Unknown,0.15480746,2026-09-21,-0.2722560191449146,0.0132669621865862,10.420742,0.098,0.167,0.05251
CCAP,Financial Services,0.1547726,2026-09-21,-0.2857107604818122,0.012270900991555483,7.0535717,-0.155,0.167,-0.00459
LVS,Unknown,0.15474172,2026-09-21,-0.2263146530319149,0.015308970667024191,10.420742,0.098,0.167,0.05251
PFIS,Unknown,0.15471514,2026-09-21,0.3922343856372712,0.009213725324935505,10.420742,0.098,0.167,0.05251
CCHH,Consumer Cyclical,0.15470727,2026-09-21,0.031088115865008925,0.029614226863161473,10.420742,0.101,0.167,-0.34955
MAAY,Unknown,0.15466776,2026-09-21,0.031088115865008925,0.012345128778649966,10.420742,0.098,0.167,0.05251
AFL,Financial Services,0.1546583,2026-09-21,0.09047921983520579,0.009927665830517062,15.296813,-0.01,0.468,0.16908
NVMI,Unknown,0.15458764,2026-09-21,0.17489702378994676,0.03521986960716084,10.420742,0.098,0.167,0.05251
IBOT,Unknown,0.15457906,2026-09-21,0.2872617624448748,0.012647998503541253,10.420742,0.098,0.167,0.05251
FBRX,Unknown,0.15450625,2026-08-28,0.031088115865008925,0.022835687632255523,10.420742,0.098,0.167,0.05251
AAL,Industrials,0.1545018,2026-09-21,0.07261524941919117,0.01788741128159932,6.2073417,0.163,-0.882,0.05251
PBFS,Unknown,0.15434456,2026-09-21,0.3302651425293661,0.012242418988948293,10.420742,0.098,0.167,0.05251
T,Unknown,0.15424791,2026-09-21,-0.08768409607455963,0.015024178269995506,10.420742,0.098,0.167,0.05251
OTIS,Unknown,0.15421885,2026-09-21,-0.24359097559124132,0.01302259960450211,10.420742,0.098,0.167,0.05251
WB,Unknown,0.15412895,2026-09-21,-0.42420748283078424,0.009927390206218094,10.420742,0.098,0.167,0.05251
SPGI,Unknown,0.1541189,2026-09-21,-0.147510013287389,0.01794663430313107,10.420742,0.098,0.167,0.05251
FDSB,Unknown,0.15405425,2026-09-18,0.31916421577637033,0.0111764729534298,10.420742,0.098,0.167,0.05251
DLR,Unknown,0.15397666,2026-09-21,0.12378420769746246,0.01927182296296118,10.420742,0.098,0.167,0.05251
GNTX,Unknown,0.15396766,2026-09-21,-0.22135936716340565,0.013538847096121437,10.420742,0.098,0.167,0.05251
AEP,Utilities,0.15395015,2026-09-21,0.16459783141991302,0.007213341974532719,17.502232,0.07,-0.432,0.10130999
ASTE,Industrials,0.15393494,2026-09-21,-0.13250509579426528,0.01757963534309298,10.4736185,0.236,-0.375,0.02859
BOTJ,Financial Services,0.1539172,2026-09-21,0.7717056681044832,0.00959535309930645,10.420742,0.041,0.198,0.14843
SEEM,Unknown,0.15389088,2026-09-21,0.3616887768681103,0.013738263739452425,10.420742,0.098,0.167,0.05251
BCBP,Financial Services,0.15379846,2026-09-21,0.01917622243494055,0.01549330876731933,12.808824,-0.808,0.167,-0.05806
MAR,Unknown,0.15379396,2026-09-21,0.31017569188523675,0.013234776408552008,10.420742,0.098,0.167,0.05251
SAIA,Unknown,0.15375333,2026-09-21,0.10126101782714025,0.02420073829816485,10.420742,0.098,0.167,0.05251
SNSR,Unknown,0.15374221,2026-09-21,0.23667369707913988,0.013052415088577983,10.420742,0.098,0.167,0.05251
ELFY,Unknown,0.15367661,2026-09-21,0.1391108003145327,0.012331300745979393,10.420742,0.098,0.167,0.05251
WASH,Unknown,0.15367077,2026-09-21,0.3919427356672731,0.010725747747425133,10.420742,0.098,0.167,0.05251
BNRG,Utilities,0.15357712,2026-08-13,0.031088115865008925,0.022835687632255523,10.420742,0.098,0.167,-3.48496
EQT,Unknown,0.15357092,2026-09-21,0.026435306612843323,0.014714353405653063,10.420742,0.098,0.167,0.05251
FVCB,Unknown,0.15344715,2026-09-21,0.32819755821968477,0.010186463627868838,10.420742,0.098,0.167,0.05251
CEPI,Unknown,0.15337008,2026-09-21,0.19798825434714162,0.014055238770217941,10.420742,0.098,0.167,0.05251
ISRG,Unknown,0.15323386,2026-09-21,-0.0778743385482965,0.017824253400773656,10.420742,0.098,0.167,0.05251
CMCSA,Communication Services,0.15321927,2026-09-21,-0.18696990110181866,0.021622564272390413,6.428412,-0.012,-0.668,0.114879996
TRUT,Unknown,0.15320481,2026-09-21,0.31513237984454734,0.01352040374675319,10.420742,0.098,0.167,0.05251
SELF,Unknown,0.15319687,2026-09-21,0.04501192248508623,0.013703741270702341,10.420742,0.098,0.167,0.05251
HMYY,Unknown,0.15312149,2026-09-21,0.031088115865008925,0.013535274595743257,10.420742,0.098,0.167,0.05251
PCRX,Unknown,0.15309423,2026-09-21,-0.09418387485216262,0.017988444660983923,10.420742,0.098,0.167,0.05251
NBN,Unknown,0.15307978,2026-09-21,0.17822683476816747,0.015501661479232933,10.420742,0.098,0.167,0.05251
RF,Unknown,0.1530356,2026-09-21,0.08618726293702683,0.012880138856506667,10.420742,0.098,0.167,0.05251
KMI,Unknown,0.15296711,2026-09-21,0.18944473125681172,0.013971451787943822,10.420742,0.098,0.167,0.05251
SBUX,Unknown,0.15294924,2026-09-21,0.16879295182942244,0.01214825325830532,10.420742,0.098,0.167,0.05251
SAFT,Unknown,0.15294334,2026-09-21,0.4977841287215268,0.0013495730571624009,10.420742,0.098,0.167,0.05251
BATRK,Communication Services,0.15290964,2026-09-21,0.24035463429960457,0.014385413624075536,-88.10745,-0.023,0.167,-0.120340005
DIS,Unknown,0.1526489,2026-09-21,-0.07711102473820164,0.016003290742964766,10.420742,0.098,0.167,0.05251
YHC,Unknown,0.15263176,2026-09-21,-0.9853802967212112,0.041623905025017435,10.420742,0.098,0.167,0.05251
DVSP,Unknown,0.15237471,2026-09-21,0.14826858932944686,0.013396956040898945,10.420742,0.098,0.167,0.05251
FORTY,Unknown,0.15229596,2026-09-18,-0.05754263843606355,0.01892232606803708,10.420742,0.098,0.167,0.05251
XXX,Unknown,0.15224475,2026-09-18,0.031088115865008925,0.017985252583973158,10.420742,0.098,0.167,0.05251
CRY,Unknown,0.1521361,2026-09-21,0.031088115865008925,0.015059380002383497,10.420742,0.098,0.167,0.05251
BPYPM,,0.15211035,2026-09-21,0.13246632345174336,0.01560676179747036,10.420742,0.098,0.167,0.05251
JJSF,Unknown,0.15210928,2026-09-21,-0.20930255925108365,0.01289876351721133,10.420742,0.098,0.167,0.05251
FWONK,Unknown,0.15201475,2026-09-21,-0.073640066683616,0.01287280481205048,10.420742,0.098,0.167,0.05251
MIDD,Unknown,0.15195899,2026-09-21,0.029089275422761407,0.013724198628360863,10.420742,0.098,0.167,0.05251
AEMD,Healthcare,0.15189078,2026-09-21,-0.8382051296723194,0.8468635543086739,-11.070175,0.098,0.167,-1.6091
MBBC,Unknown,0.15183939,2026-09-21,0.4577584028839847,0.009870287341132487,10.420742,0.098,0.167,0.05251
PNQI,Unknown,0.15165357,2026-09-21,-0.08247184306906108,0.01415375910318191,10.420742,0.098,0.167,0.05251
LAND,Unknown,0.15145011,2026-09-21,0.09567991596515091,0.015876615349284282,10.420742,0.098,0.167,0.05251
AIPI,Unknown,0.15142487,2026-09-21,0.24290376982977602,0.012404074247840796,10.420742,0.098,0.167,0.05251
HKIT,Unknown,0.15126218,2026-09-21,-0.9996160000029064,0.03951133796210757,10.420742,0.098,0.167,0.05251
AVXC,Unknown,0.15104528,2026-09-21,0.4343356296905758,0.01305592073815822,10.420742,0.098,0.167,0.05251
QMOM,Unknown,0.15095893,2026-09-21,0.12490882384796897,0.01147709239902231,10.420742,0.098,0.167,0.05251
NDSN,Unknown,0.15093294,2026-09-21,0.4000076011977316,0.011637542967627923,10.420742,0.098,0.167,0.05251
MGM,Unknown,0.1508953,2026-09-21,0.07303840011972662,0.01151590850627801,10.420742,0.098,0.167,0.05251
DWSH,Unknown,0.15071927,2026-09-21,-0.06794648027326922,0.011044282755704697,10.420742,0.098,0.167,0.05251
OCFC,Unknown,0.15071653,2026-09-21,-0.005478092525471268,0.012487987377079986,10.420742,0.098,0.167,0.05251
GPC,Unknown,0.15057392,2026-09-21,-0.044416855211985795,0.013330260700851937,10.420742,0.098,0.167,0.05251
HNVR,Unknown,0.15053397,2026-09-21,0.17724352227996687,0.013682066058646405,10.420742,0.098,0.167,0.05251
MBIN,Unknown,0.15051275,2026-09-21,0.6020361917276151,0.008881399971967541,10.420742,0.098,0.167,0.05251
XYL,Unknown,0.15046959,2026-09-21,-0.23303220109658218,0.012359238407337315,10.420742,0.098,0.167,0.05251
INTU,Unknown,0.15028146,2026-09-21,-0.5446629714882241,0.026440074802713636,10.420742,0.098,0.167,0.05251
TAYD,Unknown,0.1502164,2026-09-21,0.28444441538008425,0.014423016965231532,10.420742,0.098,0.167,0.05251
TDG,Unknown,0.15020531,2026-09-21,-0.13685348990285118,0.012563234465488893,10.420742,0.098,0.167,0.05251
LAUR,Unknown,0.15010604,2026-09-21,0.23167850283506342,0.014887533834520588,10.420742,0.098,0.167,0.05251
SPYQ,Unknown,0.1501022,2026-09-21,0.2760246395875843,0.013361387771023867,10.420742,0.098,0.167,0.05251
PCAR,Unknown,0.1500996,2026-09-21,0.15912483667652344,0.011039006548730683,10.420742,0.098,0.167,0.05251
PDLB,Unknown,0.15002209,2026-09-21,0.3616457115663547,0.010951521374006708,10.420742,0.098,0.167,0.05251
SUNS,Unknown,0.14995274,2026-09-21,-0.2828414967489793,0.009193140418433596,10.420742,0.098,0.167,0.05251
IGIC,Unknown,0.14995053,2026-09-21,0.09636733434818923,0.012808243303370246,10.420742,0.098,0.167,0.05251
TT,Unknown,0.14977632,2026-09-21,0.08533956063641157,0.012987535151774355,10.420742,0.098,0.167,0.05251
SWK,Unknown,0.14974818,2026-09-21,0.16674394141728466,0.013664670403128727,10.420742,0.098,0.167,0.05251
AROW,Financial Services,0.1496745,2026-09-21,0.3113686206288524,0.011940930351610814,8.77191,0.046,0.015,0.11999
JOUT,Unknown,0.14947748,2026-09-21,0.08840456937251817,0.014035225240350929,10.420742,0.098,0.167,0.05251
BAC,Financial Services,0.14943585,2026-09-21,0.14033553524335263,0.015216652802361908,10.998626,0.168,0.341,0.111990005
CWY,Unknown,0.14938442,2026-09-21,0.031088115865008925,0.010829275510505682,10.420742,0.098,0.167,0.05251
ONEG,Unknown,0.14925314,2026-09-21,-0.9199372057102486,0.0068130649592468544,10.420742,0.098,0.167,0.05251
LCNB,Unknown,0.14921871,2026-09-21,0.21568730518918078,0.013636483288087113,10.420742,0.098,0.167,0.05251
CHNR,Basic Materials,0.14902765,2026-09-21,-0.20408162868107327,0.024988490636123926,10.420742,0.098,0.167,-0.0141199995
BCTK,Unknown,0.14902379,2026-09-21,0.031088115865008925,0.015658303152175646,10.420742,0.098,0.167,0.05251
FRAF,Unknown,0.14900532,2026-09-21,0.3263530693089012,0.011406318302470637,10.420742,0.098,0.167,0.05251
GRVY,Unknown,0.14894879,2026-09-21,0.09376947482150921,0.013989882085076651,10.420742,0.098,0.167,0.05251
FDIQ,Unknown,0.1488554,2026-09-21,0.14751903618761952,0.012911310631449992,10.420742,0.098,0.167,0.05251
JCAP,Unknown,0.14872526,2026-09-21,0.15043667444274855,0.015939958779166822,10.420742,0.098,0.167,0.05251
FTDR,Unknown,0.14864853,2026-09-21,0.188580816645455,0.013709958444011634,10.420742,0.098,0.167,0.05251
EXLS,Unknown,0.1486346,2026-09-21,-0.16540825765822065,0.015234138850909662,10.420742,0.098,0.167,0.05251
RRBI,Unknown,0.14854749,2026-09-21,0.5137807765148827,0.00891706794475182,10.420742,0.098,0.167,0.05251
KVUE,Unknown,0.14854175,2026-09-21,0.024089883669237366,0.012093003058959044,10.420742,0.098,0.167,0.05251
ARMY,Unknown,0.14854147,2026-09-21,0.031088115865008925,0.012391652198686617,10.420742,0.098,0.167,0.05251
TRUC,Unknown,0.148528,2026-09-21,0.031088115865008925,0.014157396267108747,10.420742,0.098,0.167,0.05251
TRST,Unknown,0.14851958,2026-09-21,0.45821709229300156,0.011658302198866766,10.420742,0.098,0.167,0.05251
ORLY,Unknown,0.14837721,2026-09-21,-0.19452218462177806,0.01262135675444123,10.420742,0.098,0.167,0.05251
HIFS,Unknown,0.1482052,2026-09-21,0.06787251438075992,0.01875263701488941,10.420742,0.098,0.167,0.05251
REYN,Unknown,0.14796895,2026-09-21,-0.0039032746978471256,0.015688823490411404,10.420742,0.098,0.167,0.05251
KMB,Unknown,0.14784193,2026-09-21,-0.18059554391287136,0.013186229100122826,10.420742,0.098,0.167,0.05251
VINP,Unknown,0.1478322,2026-09-21,-0.026058216558892622,0.017379944522338948,10.420742,0.098,0.167,0.05251
LOAN,Unknown,0.14773273,2026-09-21,-0.21326332348584986,0.010249655468383466,10.420742,0.098,0.167,0.05251
EKG,Unknown,0.14739244,2026-09-21,0.2964640883380789,0.01342900087480898,10.420742,0.098,0.167,0.05251
PM,Unknown,0.14735031,2026-09-21,0.2003993318859092,0.013306351773026293,10.420742,0.098,0.167,0.05251
WTBA,Unknown,0.14732592,2026-09-21,0.45080786812429485,0.008706383744421297,10.420742,0.098,0.167,0.05251
BTAI,,0.1473224,2026-09-08,0.031088115865008925,0.022835687632255523,-0.034532707,0.517,0.167,0.05251
AFJK,Financial Services,0.1473099,2026-09-21,0.060123691225185016,0.016339185526293442,10.420742,0.098,0.167,0.05251
CI,Healthcare,0.14671354,2026-09-21,-0.04476840031111495,0.014694539760747274,8.202918,0.067,0.102,0.16758
CLX,Consumer Defensive,0.1464895,2026-09-21,-0.2777813446696161,0.01704158056957221,13.624914,-0.02,-0.501,1.6376
FWONA,Unknown,0.14626253,2026-09-21,-0.06467767494421439,0.013291606517525473,10.420742,0.098,0.167,0.05251
MFIC,Unknown,0.14617018,2026-09-21,-0.16012178968946356,0.010702956407266474,10.420742,0.098,0.167,0.05251
IDXX,Unknown,0.14613567,2026-09-21,-0.20927215546995137,0.013521618819717017,10.420742,0.098,0.167,0.05251
EURK,Unknown,0.14611718,2026-09-21,0.0722610341225991,0.010355989165128065,10.420742,0.098,0.167,0.05251
TEKY,Unknown,0.14608943,2026-09-18,0.1917485786526667,0.01357810639099035,10.420742,0.098,0.167,0.05251
BOXL,Technology,0.14565837,2026-09-21,-0.9115831567962417,0.07264352892659236,-0.05167444,-0.16,0.167,-6.77219
APD,Basic Materials,0.14558811,2026-09-21,-0.010807301501085553,0.009259241041092426,19.520866,0.046,0.167,0.00023
ZBH,Unknown,0.14515355,2026-09-21,-0.04968147368084164,0.01721935850964174,10.420742,0.098,0.167,0.05251
JNJ,Unknown,0.14490534,2026-09-21,0.5862330748001157,0.010882914148295762,10.420742,0.098,0.167,0.05251
MCK,Unknown,0.14488602,2026-09-21,0.2986315330298135,0.01710442628927358,10.420742,0.098,0.167,0.05251
MO,Unknown,0.14488544,2026-09-21,0.14569124596704097,0.013601280675276817,10.420742,0.098,0.167,0.05251
PGC,Unknown,0.1448763,2026-09-21,0.5276428340102499,0.008321475961458828,10.420742,0.098,0.167,0.05251
LH,Unknown,0.14482325,2026-09-21,0.17135430112256977,0.014517681578314736,10.420742,0.098,0.167,0.05251
ZAP,Unknown,0.1448118,2026-09-21,0.10804006092846552,0.010662686621582224,10.420742,0.098,0.167,0.05251
CNOB,Financial Services,0.14478059,2026-09-21,0.24070220730489789,0.010165840503209997,8.6442995,1.342,0.167,0.102460004
ARTW,Industrials,0.14474173,2026-09-21,0.12500005321843366,0.03760487410793074,10.420742,0.239,-0.885,-0.0015700001
IEP,Unknown,0.14473513,2026-09-21,0.12586312459798266,0.013740127311637427,10.420742,0.098,0.167,0.05251
GCMG,Unknown,0.14462039,2026-09-21,0.05346110633237333,0.013374545747313196,10.420742,0.098,0.167,0.05251
BVFL,Financial Services,0.14460832,2026-09-21,0.2494019286809006,0.018366768587075543,10.420742,0.055,0.448,0.068670005
TYL,Unknown,0.1443921,2026-09-21,-0.37524761527618855,0.027166962922138767,10.420742,0.098,0.167,0.05251
BRKU,Unknown,0.14436194,2026-09-21,-0.056506976048019575,0.015068702940537861,10.420742,0.098,0.167,0.05251
GREEL,Unknown,0.1442305,2026-09-21,1.887183122666272,0.004504788621763774,10.420742,0.098,0.167,0.05251
TEL,Unknown,0.14419825,2026-09-21,-0.019688555963407683,0.01963054336840773,10.420742,0.098,0.167,0.05251
AIRR,Unknown,0.14409813,2026-09-21,0.11641479688265455,0.0148630828603757,10.420742,0.098,0.167,0.05251
ACNB,Financial Services,0.14394692,2026-09-21,0.44557396790636283,0.008840103922114569,11.241107,0.053,0.342,0.13340999
ITRI,Unknown,0.14386696,2026-09-21,-0.2342885124715307,0.011980293939005633,10.420742,0.098,0.167,0.05251
HERO,Unknown,0.1438372,2026-09-21,-0.19007543861829168,0.012615174349807627,10.420742,0.098,0.167,0.05251
BRTX,Healthcare,0.14373311,2026-09-21,0.8951049912931366,3.9208835915727462,-0.26057693,-0.073,0.167,-2.41137
CENT,Consumer Defensive,0.14369988,2026-09-21,0.11741795720512394,0.01107215902387229,13.143256,-0.082,-0.046,0.099709995
WMB,Unknown,0.14351657,2026-09-21,0.22415651212210896,0.01603770496844417,10.420742,0.098,0.167,0.05251
KR,Unknown,0.14347085,2026-09-21,-0.07589561877610629,0.01747905899001869,10.420742,0.098,0.167,0.05251
DMLP,Unknown,0.14342052,2026-09-21,0.298437564121798,0.010832494822346724,10.420742,0.098,0.167,0.05251
FYC,Unknown,0.14310536,2026-09-21,0.2963821596639873,0.008658320615141614,10.420742,0.098,0.167,0.05251
ES,Unknown,0.14293788,2026-09-21,0.09441372265858905,0.011597457220650167,10.420742,0.098,0.167,0.05251
HSIC,Unknown,0.14279388,2026-09-21,0.2495988307605599,0.011055021616231335,10.420742,0.098,0.167,0.05251
MCD,Unknown,0.14278698,2026-09-21,-0.15276033061287497,0.011311177803450537,10.420742,0.098,0.167,0.05251
GENZ,Unknown,0.14268428,2026-09-21,-0.13475305698462747,0.012509057206995288,10.420742,0.098,0.167,0.05251
WM,Unknown,0.14259258,2026-09-21,-0.022665290042972797,0.010631873059890698,10.420742,0.098,0.167,0.05251
BLK,Financial Services,0.1425903,2026-09-21,-0.02172061496898181,0.014467360458654955,16.923283,0.306,0.196,0.122779995
NVR,Unknown,0.14254202,2026-09-21,-0.23839514990483013,0.012865581660798087,10.420742,0.098,0.167,0.05251
FUSB,Unknown,0.14254168,2026-09-21,0.3162662990407261,0.012258808680299967,10.420742,0.098,0.167,0.05251
BHF,Financial Services,0.14248542,2026-09-21,0.098983727862892,0.013944888211226648,2.470705,0.867,15.206,0.13535
TRV,Unknown,0.14242232,2026-09-21,0.3557452404052739,0.010598051282158263,10.420742,0.098,0.167,0.05251
MET,Unknown,0.14233916,2026-09-21,0.25898454569119633,0.01266521156891421,10.420742,0.098,0.167,0.05251
TURF,Unknown,0.14232628,2026-09-21,0.2992030877547409,0.009605868695861932,10.420742,0.098,0.167,0.05251
PAVS,Unknown,0.14229366,2026-09-21,-0.9999576167089835,0.04616857240261558,10.420742,0.098,0.167,0.05251
FTC,Unknown,0.14208256,2026-09-21,0.10295308313318374,0.011603274986476576,10.420742,0.098,0.167,0.05251
TMED,Unknown,0.14204715,2026-09-21,0.3164704340901263,0.009741276445271375,10.420742,0.098,0.167,0.05251
EEMA,Unknown,0.14190435,2026-09-21,0.3232700125945627,0.012385283018252344,10.420742,0.098,0.167,0.05251
PLYY,Unknown,0.14183776,2026-09-21,0.031088115865008925,0.012423286105908376,10.420742,0.098,0.167,0.05251
PPH,Unknown,0.14177556,2026-09-21,0.2850696433936244,0.011737525107026942,10.420742,0.098,0.167,0.05251
USB,Unknown,0.1417502,2026-09-21,0.25151889650804904,0.013004888618094203,10.420742,0.098,0.167,0.05251
FSBC,Unknown,0.14171493,2026-09-21,0.3547304935276747,0.009652389329032464,10.420742,0.098,0.167,0.05251
GDC,Unknown,0.14164263,2026-09-21,-0.9992919848329952,0.04730080354422597,10.420742,0.098,0.167,0.05251
SFNC,Unknown,0.14160174,2026-09-21,0.16462535010725698,0.01260397511659029,10.420742,0.098,0.167,0.05251
CCI,Real Estate,0.141504,2026-09-21,-0.16907403984247482,0.01261959882551836,25.438286,-0.049,-0.675,0.05251
CCSO,Unknown,0.14141858,2026-09-21,0.03336161410090677,0.0112764531427957,10.420742,0.098,0.167,0.05251
ASPC,Financial Services,0.14117381,2026-09-21,0.046421618486745864,0.020925039987563943,10.420742,0.098,0.167,0.01285
IPST,Unknown,0.14087395,2026-09-21,-0.9857438021515995,0.08456897134599303,10.420742,0.098,0.167,0.05251
COF,Financial Services,0.14079638,2026-09-21,-0.09337571169833347,0.01244041738680463,8.532332,11.11,0.167,0.09031
LII,Unknown,0.14065889,2026-09-21,-0.3221723319664903,0.014599951244459782,10.420742,0.098,0.167,0.05251
CRAI,Industrials,0.14065619,2026-09-21,-0.2192067278898856,0.011765126955697073,17.098648,0.128,0.175,0.26025
ETEC,Unknown,0.14044158,2026-09-21,0.022766392434578897,0.010314899128105681,10.420742,0.098,0.167,0.05251
CAG,Consumer Defensive,0.14040953,2026-09-21,-0.1421774989933816,0.013905248907486558,9.557005,0.036,0.167,-0.25064
TCHI,Unknown,0.14039545,2026-09-21,-0.0825152150745404,0.010391384169544588,10.420742,0.098,0.167,0.05251
OBT,Unknown,0.14032593,2026-09-21,0.4486859277473738,0.009920886104129186,10.420742,0.098,0.167,0.05251
WELL,Unknown,0.14020458,2026-09-21,0.4119771853395957,0.009467523296355838,10.420742,0.098,0.167,0.05251
XOVR,Unknown,0.14019422,2026-09-21,0.01319980574165891,0.013049204642046454,10.420742,0.098,0.167,0.05251
HD,Unknown,0.140134,2026-09-21,-0.2637377489550864,0.010754483218207002,10.420742,0.098,0.167,0.05251
IFF,Unknown,0.13974601,2026-09-21,0.3507475222369978,0.010846458924848604,10.420742,0.098,0.167,0.05251
OSIS,Unknown,0.13974315,2026-09-21,-0.1695194529266194,0.01600041642302946,10.420742,0.098,0.167,0.05251
TIPT,Unknown,0.13973173,2026-09-21,-0.24786961534375362,0.010723802017802658,10.420742,0.098,0.167,0.05251
OXLC,Unknown,0.13963737,2026-09-21,-0.2856629270957085,0.011094268019094003,10.420742,0.098,0.167,0.05251
SAIC,Unknown,0.13960905,2026-09-21,0.32181775647793676,0.011203802382885628,10.420742,0.098,0.167,0.05251
MTD,Unknown,0.13956296,2026-09-21,0.1108461243504908,0.01738926783424997,10.420742,0.098,0.167,0.05251
LOW,Unknown,0.13955575,2026-09-21,-0.2660873205933767,0.010872949213138463,10.420742,0.098,0.167,0.05251
ACNT,Basic Materials,0.13936478,2026-09-21,0.15701828309425814,0.013935548535894644,18.275,0.376,-0.891,-0.02883
OMAB,Unknown,0.1392547,2026-09-21,-0.028474528035874913,0.011731529254914294,10.420742,0.098,0.167,0.05251
HCA,Unknown,0.13925204,2026-09-21,0.0775595700827365,0.015665721853149888,10.420742,0.098,0.167,0.05251
CPT,Real Estate,0.13922206,2026-09-21,-0.04101296511116459,0.008661700112817045,90.54128,-0.008,-0.757,0.07885
AMYY,Unknown,0.13906828,2026-09-21,0.37154562547067926,0.009349007021057518,10.420742,0.098,0.167,0.05251
CTVA,Unknown,0.13899635,2026-09-21,0.1331059266584047,0.016812158646694428,10.420742,0.098,0.167,0.05251
IRMD,Unknown,0.1389828,2026-09-21,0.1584492870500258,0.01073501277561471,10.420742,0.098,0.167,0.05251
SHBI,Unknown,0.13891338,2026-09-21,0.3667221672181358,0.009478203062375559,10.420742,0.098,0.167,0.05251
HLT,Unknown,0.13889025,2026-09-21,0.15934832726568748,0.011335006833289338,10.420742,0.098,0.167,0.05251
DWAS,Unknown,0.13858643,2026-09-21,0.19364458038236942,0.012924909041387638,10.420742,0.098,0.167,0.05251
ATNI,Communication Services,0.13854732,2026-09-21,0.9808576604440007,0.015639753156098335,27.273148,0.018,0.167,0.24628
PLMR,Unknown,0.13854118,2026-09-21,0.14910054016216057,0.015322430450069693,10.420742,0.098,0.167,0.05251
PPG,Unknown,0.13850345,2026-09-21,-0.008844995805759814,0.012478948519595062,10.420742,0.098,0.167,0.05251
FTXH,Unknown,0.1384672,2026-09-21,0.48751362399216625,0.00964219677970593,10.420742,0.098,0.167,0.05251
GRFS,Unknown,0.13838613,2026-09-21,-0.2419724350767457,0.011176685335984059,10.420742,0.098,0.167,0.05251
LPLA,Unknown,0.13834499,2026-09-21,-0.01749429350464915,0.015455674271337155,10.420742,0.098,0.167,0.05251
BKHA,Financial Services,0.13831134,2026-09-18,0.08018012243803141,0.0031153116662235732,10.420742,0.098,-0.633,0.05251
PKBK,Unknown,0.1382607,2026-09-21,0.5582107479832916,0.009710366460104897,10.420742,0.098,0.167,0.05251
TFC,Unknown,0.13824531,2026-09-21,0.11050434194960701,0.014304169266473408,10.420742,0.098,0.167,0.05251
HBT,Unknown,0.13807437,2026-09-21,0.3988860436404835,0.008203395131772945,10.420742,0.098,0.167,0.05251
COR,Healthcare,0.13805757,2026-09-21,0.09418143256042133,0.015129889485972593,15.94462,0.051,0.119,0.96871
FTXR,Unknown,0.13803451,2026-09-21,0.21468154502825398,0.009586398292480553,10.420742,0.098,0.167,0.05251
TLIH,Unknown,0.13803144,2026-09-21,-0.04326126771715766,0.011344780813195525,10.420742,0.098,0.167,0.05251
EGBN,Unknown,0.13797636,2026-09-21,0.31316499461648983,0.01277828496361585,10.420742,0.098,0.167,0.05251
MAS,Unknown,0.13794534,2026-09-21,-0.051735095239682116,0.013765725365982915,10.420742,0.098,0.167,0.05251
DOC,Unknown,0.1379142,2026-09-21,0.1945127962395985,0.009489944452429335,10.420742,0.098,0.167,0.05251
FTV,Unknown,0.13787474,2026-09-21,0.1348450912177135,0.014100844336340082,10.420742,0.098,0.167,0.05251
FLN,Unknown,0.1377704,2026-09-21,0.29019564359106464,0.010423194540027804,10.420742,0.098,0.167,0.05251
NDAQ,Unknown,0.13771178,2026-09-21,0.07427843016674007,0.01630923259518103,10.420742,0.098,0.167,0.05251
ALIL,Unknown,0.13734788,2026-09-21,0.022126538601955348,0.010444675463316172,10.420742,0.098,0.167,0.05251
TRMB,Unknown,0.13692726,2026-09-21,-0.29132994934291534,0.015323651265002305,10.420742,0.098,0.167,0.05251
WSFS,Unknown,0.13686977,2026-09-21,0.4120632011397536,0.009081681675122936,10.420742,0.098,0.167,0.05251
TFSL,Unknown,0.13683651,2026-09-21,0.36777761402257814,0.007655506613480628,10.420742,0.098,0.167,0.05251
NATR,Unknown,0.13682318,2026-09-21,-0.21970151075676303,0.014191281159398399,10.420742,0.098,0.167,0.05251
ISBA,Unknown,0.13679664,2026-09-21,0.14789889956770774,0.016166252473580382,10.420742,0.098,0.167,0.05251
SEER,Unknown,0.13663319,2026-09-21,-0.14772729119978623,0.012336742230981834,10.420742,0.098,0.167,0.05251
GLIBK,Unknown,0.13663125,2026-09-21,-0.31797747956940214,0.014087379012525554,10.420742,0.098,0.167,0.05251
DORM,Unknown,0.136621,2026-09-21,-0.24081761582092664,0.00939719369942556,10.420742,0.098,0.167,0.05251
CME,Financial Services,0.13652365,2026-09-21,0.09643614987763027,0.013125153494214904,21.266539,0.008,0.025,0.15802
ADVB,Healthcare,0.13648948,2026-09-21,-0.4096447808861311,0.06084105762955976,10.420742,0.098,0.167,0.71332
DOV,Unknown,0.13636085,2026-09-21,0.09354614224305391,0.011794030982443726,10.420742,0.098,0.167,0.05251
ALRS,Financial Services,0.13626489,2026-09-21,0.4412205836037624,0.00911525911967339,11.574469,0.072,0.038,0.049640004
LYV,Unknown,0.13614962,2026-09-21,0.02526113582176004,0.01208224586281436,10.420742,0.098,0.167,0.05251
SOCL,Unknown,0.13605036,2026-09-21,-0.27881914930298346,0.014402320623995626,10.420742,0.098,0.167,0.05251
BIYA,Technology,0.1360313,2026-09-21,-0.9858619763423849,0.0243277405611672,10.420742,0.532,0.167,-0.80276
SYY,Unknown,0.13569522,2026-09-21,-0.012232381931169933,0.013714116638053863,10.420742,0.098,0.167,0.05251
SHC,Unknown,0.13560042,2026-09-21,0.16656223226430056,0.01381508709411219,10.420742,0.098,0.167,0.05251
NHPBP,Unknown,0.13557775,2026-09-21,0.5565871815948735,0.002480221168376042,10.420742,0.098,0.167,0.05251
AACPU,Financial Services,0.1354209,2026-09-18,0.031088115865008925,0.013336930904107973,10.420742,0.098,0.167,0.05251
CHCO,Financial Services,0.13541205,2026-09-21,0.1398803823446253,0.006528656499621446,14.760961,0.009,0.028,0.16755
FXNC,Unknown,0.13536657,2026-09-21,0.3034611215236993,0.011784645819682645,10.420742,0.098,0.167,0.05251
GSIB,Unknown,0.13533244,2026-09-21,0.3741319749854475,0.009545894952778439,10.420742,0.098,0.167,0.05251
VZ,Unknown,0.1352919,2026-09-21,0.16909752291934188,0.013150283765806518,10.420742,0.098,0.167,0.05251
WDFC,Unknown,0.13526772,2026-09-21,-0.08225472329726191,0.01056165933163333,10.420742,0.098,0.167,0.05251
OXSQ,Unknown,0.13516405,2026-09-21,-0.1912011206160078,0.010502508963975955,10.420742,0.098,0.167,0.05251
FBOT,Unknown,0.13495615,2026-09-21,0.19164240685364708,0.012169528425168986,10.420742,0.098,0.167,0.05251
MKC,Unknown,0.13490513,2026-09-21,-0.23305757378595793,0.012844204121924663,10.420742,0.098,0.167,0.05251
BCPC,Basic Materials,0.13470854,2026-09-21,0.08154616368861212,0.011855802277491,26.801758,0.112,0.188,0.12793
FFAI,Unknown,0.13470669,2026-09-21,-0.9935714285525065,0.04856627950546659,10.420742,0.098,0.167,0.05251
KBWB,Unknown,0.1346868,2026-09-21,0.1862530746373039,0.010392799929573914,10.420742,0.098,0.167,0.05251
WLFC,Unknown,0.13460839,2026-09-21,0.10546155585453376,0.015459616537968601,10.420742,0.098,0.167,0.05251
SEIC,Unknown,0.13448374,2026-09-21,0.23663899218824147,0.009344535699989226,10.420742,0.098,0.167,0.05251
BCML,Financial Services,0.1344688,2026-09-21,0.014776860062651664,0.010697385918750236,12.558577,-0.184,0.167,0.03929
EBMT,Unknown,0.13439943,2026-09-21,0.2663460981891399,0.01167952894223744,10.420742,0.098,0.167,0.05251
ZCMD,Unknown,0.13426806,2026-09-21,-0.9990498255008472,0.08334550985594942,10.420742,0.098,0.167,0.05251
COLB,Financial Services,0.13426588,2026-09-21,0.1717863020835506,0.010838890003722467,9.134562,0.351,0.002,0.11028
RJF,Unknown,0.13419966,2026-09-21,-0.037571185405350094,0.014240626096793002,10.420742,0.098,0.167,0.05251
MCO,Unknown,0.13414632,2026-09-21,-0.018450474405851125,0.015596679177877317,10.420742,0.098,0.167,0.05251
KDP,Unknown,0.13387462,2026-09-21,0.16952141203997328,0.012044582845836397,10.420742,0.098,0.167,0.05251
FCBC,Unknown,0.13386437,2026-09-21,0.34054476484901075,0.009271534994648513,10.420742,0.098,0.167,0.05251
ALCO,Consumer Defensive,0.13385794,2026-09-21,0.15686997229724198,0.012153130335754091,-17.211454,0.077,0.167,0.00681
MFIG,Unknown,0.13374268,2026-09-21,0.031088115865008925,0.012165821812646322,10.420742,0.098,0.167,0.05251
CL,Consumer Defensive,0.1337172,2026-09-21,0.0862956188679147,0.009006105218365012,21.055351,0.049,-0.055,2.67367
XQQI,Unknown,0.1336661,2026-09-21,0.031088115865008925,0.013007820578162754,10.420742,0.098,0.167,0.05251
FISI,Unknown,0.13360523,2026-09-21,0.5361700450318176,0.00945998654500883,10.420742,0.098,0.167,0.05251
BATRA,Communication Services,0.13353178,2026-09-21,0.2502201384288534,0.012758360767122117,-123.3913,-0.023,0.167,-0.120340005
TRIN,Unknown,0.13340165,2026-09-21,0.2792738419750638,0.010125904020058807,10.420742,0.098,0.167,0.05251
ELPW,Unknown,0.13326289,2026-09-21,-0.9998611111121624,0.04492859858598598,10.420742,0.098,0.167,0.05251
SMYY,Unknown,0.1331455,2026-09-21,0.031088115865008925,0.012058677535047274,10.420742,0.098,0.167,0.05251
NMFC,Unknown,0.13301265,2026-09-21,-0.16328268496346865,0.011404904515757036,10.420742,0.098,0.167,0.05251
FDFF,Unknown,0.13291293,2026-09-21,-0.03639754736921619,0.011536770191328535,10.420742,0.098,0.167,0.05251
SIGI,Unknown,0.13290024,2026-09-21,0.14714669761537125,0.009487137250905291,10.420742,0.098,0.167,0.05251
EFSCP,Unknown,0.13279662,2026-09-21,-0.08006660534290855,0.011868439893060283,10.420742,0.098,0.167,0.05251
TLF,Unknown,0.13272448,2026-09-21,0.10984427441263755,0.01336079922331739,10.420742,0.098,0.167,0.05251
FAD,Unknown,0.13253541,2026-09-21,0.13769624409378944,0.00997569968094855,10.420742,0.098,0.167,0.05251
CMS,Utilities,0.13253382,2026-09-21,-0.05119316678550123,0.006906570260861349,15.5360365,-0.005,-0.439,0.09158
BOTZ,Unknown,0.13249992,2026-09-21,0.02862831597922444,0.013221663720032412,10.420742,0.098,0.167,0.05251
MDT,Unknown,0.13247281,2026-09-21,-0.006705443879650774,0.013170032692703936,10.420742,0.098,0.167,0.05251
ABT,Healthcare,0.13243383,2026-09-21,-0.21584356368059088,0.011633825051100433,17.000387,0.13,-0.475,0.10576
HERZ,Unknown,0.13227679,2026-09-21,0.2476498444983155,0.012684280105916917,10.420742,0.098,0.167,0.05251
CBC,Financial Services,0.13221197,2026-09-21,0.031088115865008925,0.012002488717398903,15.634254,0.137,0.146,0.12205
XDEF,Unknown,0.13195999,2026-09-21,0.031088115865008925,0.010797650124436231,10.420742,0.098,0.167,0.05251
WY,Unknown,0.13192602,2026-09-21,-0.10398348517917111,0.009873487050218585,10.420742,0.098,0.167,0.05251
BRK-B,Financial Services,0.13177672,2026-09-21,0.028868508995126163,0.007547410614439888,22.76666,0.1,1.078,0.121199995
FDT,Unknown,0.13173296,2026-09-21,0.3188498983771888,0.01113697213690746,10.420742,0.098,0.167,0.05251
BOKF,Financial Services,0.13171177,2026-09-21,0.2063502657698726,0.009570044179471639,12.40682,0.101,0.332,0.1086
EQRR,Unknown,0.13135977,2026-09-21,0.3881783920803925,0.008264136449870776,10.420742,0.098,0.167,0.05251
CBSH,Financial Services,0.13117896,2026-09-21,0.012047824910499383,0.007649599673122777,12.451025,0.142,0.012,0.14694001
NCT,Unknown,0.13116486,2026-09-21,-0.9938054053847855,0.28832750766408854,10.420742,0.098,0.167,0.05251
HBANP,Unknown,0.13112839,2026-09-21,-0.055991384380963294,0.015536483789285656,10.420742,0.098,0.167,0.05251
BYND,Consumer Defensive,0.13110878,2026-09-21,-0.8552346575948788,0.043941006172216794,-1.153064,-0.082,0.167,0.05251
BMRC,Financial Services,0.13103983,2026-09-21,0.1541246098414546,0.009832990833421288,11.806132,2.754,0.167,-0.034140002
NWE,Unknown,0.13097131,2026-09-21,0.2876404109184856,0.01181665541815787,10.420742,0.098,0.167,0.05251
BGRO,Unknown,0.13083194,2026-09-18,0.13895041331774527,0.0117356506735821,10.420742,0.098,0.167,0.05251
CSWC,Unknown,0.13072065,2026-09-21,0.14051971046771627,0.01026848120987829,10.420742,0.098,0.167,0.05251
WSBF,Unknown,0.13069883,2026-09-21,0.401523759615805,0.009345615279410904,10.420742,0.098,0.167,0.05251
EG,Unknown,0.130639,2026-09-21,0.12591471060920956,0.012735014420258903,10.420742,0.098,0.167,0.05251
SBCF,Unknown,0.13052653,2026-09-21,0.08645213992294387,0.012853583084636112,10.420742,0.098,0.167,0.05251
MEDX,Unknown,0.13036859,2026-09-21,0.22037805783610276,0.011523013086462197,10.420742,0.098,0.167,0.05251
QTOP,Unknown,0.13036536,2026-09-21,0.2826919552753653,0.011365868183985857,10.420742,0.098,0.167,0.05251
QQMG,Unknown,0.13027684,2026-09-21,0.2739572983711156,0.010758344448392642,10.420742,0.098,0.167,0.05251
FMED,Unknown,0.13021095,2026-09-21,0.29241904110322037,0.011733020705932917,10.420742,0.098,0.167,0.05251
ARLP,Energy,0.12999725,2026-09-21,0.18795233194834204,0.008495971792171816,8.872852,0.007,0.341,0.15168999
RMD,Unknown,0.12974401,2026-09-21,-0.17294339255563507,0.01580511589656211,10.420742,0.098,0.167,0.05251
HOYY,Unknown,0.12968229,2026-09-21,0.031088115865008925,0.011848537863653918,10.420742,0.098,0.167,0.05251
BDX,Healthcare,0.1293981,2026-09-21,0.25082423933774844,0.013480386031680905,13.602041,0.054,-0.314,0.06607
SBAC,Unknown,0.12935798,2026-09-21,-0.08500618827710105,0.014797727709700633,10.420742,0.098,0.167,0.05251
FRME,Unknown,0.12932967,2026-09-21,0.036276726554406835,0.010210344231790016,10.420742,0.098,0.167,0.05251
OZEM,Unknown,0.12930736,2026-09-21,0.16870209840020411,0.012177638093119806,10.420742,0.098,0.167,0.05251
INHD,Unknown,0.12928376,2026-09-21,-0.9982214228686042,0.06001653533066026,10.420742,0.098,0.167,0.05251
MILN,Unknown,0.1292238,2026-09-21,-0.1355268276478313,0.011584514629710128,10.420742,0.098,0.167,0.05251
GPT,Unknown,0.12921712,2026-09-21,0.16604342323136567,0.010954520955287756,10.420742,0.098,0.167,0.05251
PUI,Unknown,0.129106,2026-09-21,-0.02947440161970205,0.009411561273846276,10.420742,0.098,0.167,0.05251
YBTY,Unknown,0.12898614,2026-09-21,0.031088115865008925,0.00861781937208895,10.420742,0.098,0.167,0.05251
AIHS,Industrials,0.12890771,2026-09-02,0.031088115865008925,0.022835687632255523,10.420742,-0.156,0.167,0.05251
FNY,Unknown,0.12890597,2026-09-21,0.09320949907687148,0.010270278499820398,10.420742,0.098,0.167,0.05251
PBPH,Unknown,0.12883197,2026-09-21,0.031088115865008925,0.011204222366151574,10.420742,0.098,0.167,0.05251
CCFE,Unknown,0.12867267,2026-09-21,-0.13226570730764742,0.010570375320939943,10.420742,0.098,0.167,0.05251
VABK,Unknown,0.12858136,2026-09-21,0.24200120483369392,0.012087734803534866,10.420742,0.098,0.167,0.05251
ATO,Utilities,0.12854277,2026-09-21,0.002364753523654839,0.00806231503520354,17.630676,0.048,0.233,0.09792
XEY,Unknown,0.12845999,2026-09-18,0.031088115865008925,0.010459442466931526,10.420742,0.098,0.167,0.05251
OVBC,Unknown,0.1284425,2026-09-21,0.17606499188314206,0.01257196943015006,10.420742,0.098,0.167,0.05251
EMR,Unknown,0.12843059,2026-09-21,0.170167886298217,0.016393016061734045,10.420742,0.098,0.167,0.05251
MGN,Unknown,0.12837,2026-09-21,0.031088115865008925,0.47510055589068134,10.420742,0.098,0.167,0.05251
AVY,Consumer Cyclical,0.12827283,2026-09-21,0.05582762322222279,0.012960429077234869,15.236576,0.109,0.108,0.3116
PGR,Unknown,0.12806363,2026-09-21,-0.06295777032165317,0.012463508224295398,10.420742,0.098,0.167,0.05251
YQQQ,Unknown,0.1278807,2026-09-21,-0.007049500226810168,0.012902912988746126,10.420742,0.098,0.167,0.05251
MRSH,Unknown,0.12781179,2026-09-21,-0.0930243321704548,0.012387285131661145,10.420742,0.098,0.167,0.05251
MYFW,Unknown,0.12777643,2026-09-21,0.30637567780451036,0.009706304036599533,10.420742,0.098,0.167,0.05251
LLYVK,Unknown,0.12770186,2026-09-21,0.0029667612841672852,0.013709341952439785,10.420742,0.098,0.167,0.05251
DCOY,Healthcare,0.12754993,2026-09-21,-0.9551352363132402,0.040882822570706814,-0.1397515,0.098,0.167,-8.27774
DHR,Unknown,0.12748823,2026-09-21,0.10751141988698065,0.014942457313405853,10.420742,0.098,0.167,0.05251
BYAH,Consumer Defensive,0.12746619,2026-09-21,-0.987712525926429,0.05828849695352099,10.420742,0.015,0.167,-1.13036
OSBC,Unknown,0.12744306,2026-09-21,0.37800972361308993,0.00829430270664853,10.420742,0.098,0.167,0.05251
QOWZ,Unknown,0.1273616,2026-09-18,-0.0046627359834569004,0.011191335608593424,10.420742,0.098,0.167,0.05251
MAA,Unknown,0.12734284,2026-09-21,-0.11381706208794762,0.009931326921363691,10.420742,0.098,0.167,0.05251
QVOL,Unknown,0.12727708,2026-09-21,0.031088115865008925,0.012905581446991063,10.420742,0.098,0.167,0.05251
PBEU,Unknown,0.12719582,2026-09-21,0.031088115865008925,0.01127107677066445,10.420742,0.098,0.167,0.05251
RBB,Unknown,0.12715428,2026-09-21,0.3828843847715635,0.009122144273695915,10.420742,0.098,0.167,0.05251
BMRN,Healthcare,0.12708488,2026-09-21,0.16575987469750153,0.015781243879028396,9.694475,0.199,-0.813,0.011820001
HNNA,Unknown,0.12695055,2026-09-21,0.0005428535808531532,0.010561422186659467,10.420742,0.098,0.167,0.05251
NATO,Unknown,0.12689622,2026-09-21,0.018142230928172465,0.009251469601972357,10.420742,0.098,0.167,0.05251
GTOP,Unknown,0.12689118,2026-09-21,0.031088115865008925,0.01218281786528869,10.420742,0.098,0.167,0.05251
USCB,Unknown,0.12669575,2026-09-21,0.36430824831464936,0.00970201558689102,10.420742,0.098,0.167,0.05251
QLDY,Unknown,0.12661897,2026-09-21,0.21806307887420795,0.011379517816287139,10.420742,0.098,0.167,0.05251
IFV,Unknown,0.12661052,2026-09-21,0.08288855741338863,0.010164264624463563,10.420742,0.098,0.167,0.05251
QQQJ,Unknown,0.12659492,2026-09-21,0.2324232241680675,0.009296535893733705,10.420742,0.098,0.167,0.05251
PCYO,Unknown,0.12648518,2026-09-21,-0.03304348821225378,0.012162089454433355,10.420742,0.098,0.167,0.05251
KO,Unknown,0.12647228,2026-09-21,0.35497943602174487,0.008063814464788533,10.420742,0.098,0.167,0.05251
CFFI,Financial Services,0.12625101,2026-09-21,0.332992248774453,0.014297883420785116,10.420742,0.116,0.109,0.11265001
PLBC,Unknown,0.12620205,2026-09-21,0.40811266109744526,0.009287564037249531,10.420742,0.098,0.167,0.05251
KHC,Unknown,0.12619801,2026-09-21,-0.0003682796581164771,0.013833142722234668,10.420742,0.098,0.167,0.05251
CGBD,Financial Services,0.12611255,2026-09-21,-0.02241618508769272,0.014799891618741904,8.068502,-0.077,0.167,0.0325
SRE,Unknown,0.12606297,2026-09-21,0.014220872908330628,0.014526480306549999,10.420742,0.098,0.167,0.05251
EBC,Unknown,0.12602803,2026-09-21,0.22303034049544324,0.010102800679988975,10.420742,0.098,0.167,0.05251
FCNCA,Unknown,0.1260258,2026-09-21,0.1274032796615019,0.013177016752064556,10.420742,0.098,0.167,0.05251
PRU,Unknown,0.1260023,2026-09-21,0.20381699580959567,0.0131128575152211,10.420742,0.098,0.167,0.05251
PEBO,Unknown,0.12580784,2026-09-21,0.3229323198336449,0.006885116262132593,10.420742,0.098,0.167,0.05251
EXR,Unknown,0.12570217,2026-09-21,0.011342304043673312,0.01071669763078857,10.420742,0.098,0.167,0.05251
PEP,Unknown,0.12569438,2026-09-21,-0.0393326689024458,0.009400883549816795,10.420742,0.098,0.167,0.05251
HAS,Unknown,0.12556826,2026-09-21,0.21071458508822682,0.011940952279780152,10.420742,0.098,0.167,0.05251
THFF,Unknown,0.12551546,2026-09-21,0.3156048376458651,0.008891295403070982,10.420742,0.098,0.167,0.05251
PFE,Unknown,0.12538192,2026-09-21,0.230541304608179,0.010621431898744878,10.420742,0.098,0.167,0.05251
RMR,Unknown,0.12534004,2026-09-21,0.23722226141372849,0.007597614349355657,10.420742,0.098,0.167,0.05251
PGJ,Unknown,0.12533264,2026-09-21,-0.3228972285376823,0.009787257898592378,10.420742,0.098,0.167,0.05251
EUFN,Unknown,0.12528189,2026-09-21,0.28347715082213076,0.010075391183695806,10.420742,0.098,0.167,0.05251
PNC,Unknown,0.12516075,2026-09-21,0.16820987489239703,0.011893537933672206,10.420742,0.098,0.167,0.05251
BCIC,Financial Services,0.12500031,2026-09-21,-0.32921435267788823,0.011693693421015047,4.901554,0.201,0.167,-0.02298
ATLO,Financial Services,0.12497211,2026-09-21,0.6156389041667638,0.010698386480706774,11.436171,0.18,0.321,0.11309
ABUS,Healthcare,0.124861635,2026-09-21,0.13461533482382704,0.006761227931998128,-30.341854,-0.906,0.167,0.89581
TSBK,Unknown,0.1248119,2026-09-21,0.3156053291028531,0.009601645357926247,10.420742,0.098,0.167,0.05251
ACIC,Financial Services,0.12479378,2026-09-21,-0.1191565893662816,0.010827632469248906,7.2052345,-0.045,-0.166,0.31653
WHLR,Unknown,0.12462187,2026-09-21,-0.9999789367160857,0.18994494752925783,10.420742,0.098,0.167,0.05251
IMKTA,Unknown,0.12456529,2026-09-21,0.1820365149247285,0.00980635306495639,10.420742,0.098,0.167,0.05251
MBWM,Unknown,0.124432705,2026-09-21,0.2835416833457327,0.01281885049041078,10.420742,0.098,0.167,0.05251
RVSB,Unknown,0.12424983,2026-09-21,0.16136306704021486,0.012903174268156372,10.420742,0.098,0.167,0.05251
STRS,Unknown,0.12418723,2026-09-21,0.08003659183364409,0.011282946647773833,10.420742,0.098,0.167,0.05251
USLM,Unknown,0.1240864,2026-09-21,-0.10295088296003896,0.013715205933720203,10.420742,0.098,0.167,0.05251
QQQM,Unknown,0.12403553,2026-09-21,0.25239897490581353,0.010452865087191775,10.420742,0.098,0.167,0.05251
RMBI,Unknown,0.12396792,2026-09-21,0.11795531647092461,0.012420063909965895,10.420742,0.098,0.167,0.05251
LMT,Unknown,0.12391396,2026-09-21,0.15800602088855964,0.012915180223969031,10.420742,0.098,0.167,0.05251
GFLW,Unknown,0.12389494,2026-09-21,0.17642913303479912,0.011076688179834347,10.420742,0.098,0.167,0.05251
XBTY,Unknown,0.12382392,2026-09-21,-0.43573843582037597,0.007798038101984469,10.420742,0.098,0.167,0.05251
INDQ,Unknown,0.123681195,2026-09-18,0.031088115865008925,0.009195278169858044,10.420742,0.098,0.167,0.05251
ISHP,Unknown,0.12365353,2026-09-18,-0.1915964157341734,0.010741452422682455,10.420742,0.098,0.167,0.05251
QQEW,Unknown,0.12365303,2026-09-21,0.164028786876675,0.01108149955042674,10.420742,0.098,0.167,0.05251
ICFI,Unknown,0.12362609,2026-09-21,-0.1291827829030836,0.012042503130149103,10.420742,0.098,0.167,0.05251
BSBK,Financial Services,0.123282604,2026-09-21,-0.020010759138175516,0.011889292871763468,25.885715,0.118,2.37,0.01847
BTBDW,Unknown,0.12317723,2026-09-10,0.031088115865008925,0.022835687632255523,10.420742,0.098,0.167,0.05251
RBCAA,Unknown,0.12317199,2026-09-21,0.25797528185736107,0.010612283053103432,10.420742,0.098,0.167,0.05251
WEC,Unknown,0.12317191,2026-09-21,-0.02640702793917482,0.008862046701774713,10.420742,0.098,0.167,0.05251
ARTNA,Utilities,0.12300335,2026-09-21,0.10149666314736572,0.010252179478744036,16.54067,0.074,0.044,0.09421
ALBT,Real Estate,0.122995734,2026-08-31,0.031088115865008925,0.022835687632255523,10.420742,0.098,0.167,-5.01198
EWJV,Unknown,0.12284699,2026-09-21,0.31420933232053927,0.010426130296353978,10.420742,0.098,0.167,0.05251
FCTE,Unknown,0.12271547,2026-09-21,0.08933810770338124,0.010221233919734934,10.420742,0.098,0.167,0.05251
NWS,Unknown,0.122621134,2026-09-21,-0.015491120092111843,0.013232706122892632,10.420742,0.098,0.167,0.05251
FDIF,Unknown,0.12250636,2026-09-21,0.17701107518730552,0.010417646758065167,10.420742,0.098,0.167,0.05251
JBSS,Unknown,0.12240475,2026-09-21,0.10109319940051753,0.011758074196910957,10.420742,0.098,0.167,0.05251
RNRG,Unknown,0.12232608,2026-09-21,0.0979149316115957,0.009272632819962786,10.420742,0.098,0.167,0.05251
OPPJ,Unknown,0.1219332,2026-09-21,0.4528792079411912,0.009985171584996157,10.420742,0.098,0.167,0.05251
PSA,Unknown,0.12172679,2026-09-21,0.09213588991932409,0.012769998516194191,10.420742,0.098,0.167,0.05251
FMET,Unknown,0.12169745,2026-09-21,0.05671228468043177,0.011604962167507199,10.420742,0.098,0.167,0.05251
SCHW,Unknown,0.12157944,2026-09-21,0.16131097003097805,0.01369164310531376,10.420742,0.098,0.167,0.05251
RTYY,Unknown,0.121413864,2026-09-21,0.031088115865008925,0.011962480165320755,10.420742,0.098,0.167,0.05251
NIXT,Unknown,0.12134344,2026-09-21,0.25734475076831265,0.009107506651611091,10.420742,0.098,0.167,0.05251
QQQ,Unknown,0.12130213,2026-09-21,0.2520789951718214,0.010365741335636445,10.420742,0.098,0.167,0.05251
CENTA,Consumer Defensive,0.12072624,2026-09-21,0.0666667291706684,0.010958814252764779,11.345118,-0.082,-0.046,0.099709995
GIND,Unknown,0.120681584,2026-09-21,-0.082774024556865,0.010777358625913499,10.420742,0.098,0.167,0.05251
ARVR,Unknown,0.12053958,2026-09-21,0.1748396402155692,0.01120843251103209,10.420742,0.098,0.167,0.05251
KBWP,Unknown,0.12029438,2026-09-21,0.07586259429612419,0.010870645404946694,10.420742,0.098,0.167,0.05251
CZFS,Unknown,0.12013739,2026-09-21,0.28338821365682,0.010999088889503737,10.420742,0.098,0.167,0.05251
JSMD,Unknown,0.12000307,2026-09-21,0.059355302409721755,0.009184888069752494,10.420742,0.098,0.167,0.05251
MCHS,Unknown,0.11992315,2026-09-21,0.23203127719142103,0.00984849970014573,10.420742,0.098,0.167,0.05251
PLMKU,Unknown,0.11979813,2026-09-21,0.03861009512165192,0.012868049423315832,10.420742,0.098,0.167,0.05251
CLST,Financial Services,0.11974174,2026-09-21,0.38127847369147205,0.00865032126501232,10.420742,0.087,0.0,0.024820002
HON,Unknown,0.11973937,2026-09-21,0.017595075601184673,0.012282035208874713,10.420742,0.098,0.167,0.05251
SNY,Unknown,0.11971837,2026-09-21,-0.05730975366802482,0.010194826127166557,10.420742,0.098,0.167,0.05251
WMT,Unknown,0.1197064,2026-09-21,0.04642994741299433,0.0125511340707673,10.420742,0.098,0.167,0.05251
IDEF,Unknown,0.119590774,2026-09-21,0.057871071188082324,0.010012960702797094,10.420742,0.098,0.167,0.05251
POLEU,Unknown,0.11942756,2026-09-18,0.023832221683008914,0.01352474397172643,10.420742,0.098,0.167,0.05251
CHR,Communication Services,0.119313546,2026-09-21,-0.9849765255977291,0.024391025959922975,10.420742,-0.147,-0.951,0.07288
HSTM,Unknown,0.1192855,2026-09-21,-0.0009393646249722387,0.010839993237035946,10.420742,0.098,0.167,0.05251
VICI,Unknown,0.11922587,2026-09-21,-0.19991617112503213,0.0093030383386023,10.420742,0.098,0.167,0.05251
AMCR,Consumer Cyclical,0.1192226,2026-09-21,0.08083860765503603,0.0116284830617901,9.71958,0.259,0.167,0.09396
NSC,Unknown,0.11917196,2026-09-21,0.11323989809741786,0.009367482883483231,10.420742,0.098,0.167,0.05251
BALQ,Unknown,0.11916934,2026-09-21,0.031088115865008925,0.010450851567330995,10.420742,0.098,0.167,0.05251
FDCF,Unknown,0.11916515,2026-09-21,0.04945306805573413,0.010816503864351132,10.420742,0.098,0.167,0.05251
CRIS,Healthcare,0.11915352,2026-09-21,-0.9712122105875809,0.023847968019459428,-0.16629721,0.098,0.167,0.05251
PEG,Unknown,0.11903411,2026-09-21,-0.11515425945180402,0.008719012079730285,10.420742,0.098,0.167,0.05251
ETR,Unknown,0.11895287,2026-09-21,0.1846570227571278,0.009125320641447917,10.420742,0.098,0.167,0.05251
COWG,Unknown,0.118753925,2026-09-21,0.10339001986005991,0.010492492262736892,10.420742,0.098,0.167,0.05251
AAXJ,Unknown,0.118682876,2026-09-21,0.33047390029027435,0.014397097747162932,10.420742,0.098,0.167,0.05251
VTWG,Unknown,0.11867331,2026-09-21,0.1365651747888521,0.009717833923986592,10.420742,0.098,0.167,0.05251
SOLV,Unknown,0.11859834,2026-09-21,0.198332653694542,0.012574431602158515,10.420742,0.098,0.167,0.05251
CREG,Utilities,0.11837958,2026-09-21,-0.9892405063458273,0.0998958288811939,10.420742,4.253,0.167,-0.01956
PRVA,Unknown,0.118353255,2026-09-21,-0.13426232731132604,0.010883137305853559,10.420742,0.098,0.167,0.05251
MUYY,Unknown,0.11834795,2026-09-21,0.031088115865008925,0.009617848564874248,10.420742,0.098,0.167,0.05251
FFBC,Unknown,0.118261844,2026-09-21,0.25294128140125016,0.008513825982703815,10.420742,0.098,0.167,0.05251
FTGC,Unknown,0.11803088,2026-09-21,0.434550130650299,0.006122012209591684,10.420742,0.098,0.167,0.05251
ESLT,Unknown,0.11800689,2026-09-21,0.5337117261766318,0.009671741886919567,10.420742,0.098,0.167,0.05251
BCFN,Unknown,0.11793791,2026-09-21,0.031088115865008925,0.010189029213327466,10.420742,0.098,0.167,0.05251
TRS,Unknown,0.117869735,2026-09-21,-0.04470295571114136,0.01062078873930466,10.420742,0.098,0.167,0.05251
BSRR,Financial Services,0.11778877,2026-09-21,0.33765429898478483,0.008926687617284207,10.668605,-0.032,-0.013,0.124639995
CCBG,Financial Services,0.117748335,2026-09-21,0.1780385959400399,0.008272749005279379,13.421334,0.021,0.08,0.112629995
PNR,Unknown,0.11771193,2026-09-21,-0.49306219444608534,0.009595583435844589,10.420742,0.098,0.167,0.05251
MFVL,Unknown,0.11763748,2026-09-21,0.031088115865008925,0.009897356149947014,10.420742,0.098,0.167,0.05251
MFIN,Unknown,0.11749619,2026-09-21,0.1745375645311522,0.012263738814397726,10.420742,0.098,0.167,0.05251
EEE,Unknown,0.11744298,2026-09-18,0.031088115865008925,0.010877360801912433,10.420742,0.098,0.167,0.05251
EVMT,Unknown,0.117381975,2026-09-21,0.2594667822534631,0.008600305685032504,10.420742,0.098,0.167,0.05251
ADAM,Real Estate,0.117167994,2026-09-21,0.3683617892657507,0.011101243862587193,7.1431437,1.298,0.167,0.16438
O,Unknown,0.11711613,2026-09-21,0.013475791237635537,0.00809511701901352,10.420742,0.098,0.167,0.05251
FCVT,Unknown,0.11699756,2026-09-21,0.18242724729457582,0.01074888364920748,10.420742,0.098,0.167,0.05251
CMND,Healthcare,0.116949864,2026-09-21,-0.9980525000393391,0.08653685343068766,10.420742,0.098,0.167,-1.06979
MTB,Unknown,0.116893336,2026-09-21,0.1650181131145778,0.012129270546053878,10.420742,0.098,0.167,0.05251
GSGO,Unknown,0.1164809,2026-09-21,0.031088115865008925,0.011186797882605749,10.420742,0.098,0.167,0.05251
FCUV,Unknown,0.11646838,2026-09-21,-0.9641044780389586,0.19584990956765608,10.420742,0.098,0.167,0.05251
HWBK,Unknown,0.11635453,2026-09-21,0.20508299149160636,0.009041569314611366,10.420742,0.098,0.167,0.05251
MEMS,Unknown,0.116166554,2026-09-21,0.14022101429987033,0.011175061227535232,10.420742,0.098,0.167,0.05251
NOC,Unknown,0.11608232,2026-09-21,-0.06952692916954428,0.010739595726427043,10.420742,0.098,0.167,0.05251
MSCI,Unknown,0.11607212,2026-09-21,0.017584111651035794,0.014059244969705372,10.420742,0.098,0.167,0.05251
SNFCA,Unknown,0.116032355,2026-09-21,0.009570956077725734,0.01154576457807481,10.420742,0.098,0.167,0.05251
LLYVA,Unknown,0.11579507,2026-09-21,-0.0018939425867194881,0.013876904012805035,10.420742,0.098,0.167,0.05251
SSNC,Unknown,0.11563995,2026-09-21,-0.08441766514515503,0.013249381680369557,10.420742,0.098,0.167,0.05251
GARY,Unknown,0.11563156,2026-09-21,0.031088115865008925,0.011528695187737227,10.420742,0.098,0.167,0.05251
FGM,Unknown,0.1151342,2026-09-21,0.08544274693311071,0.009079166731674814,10.420742,0.098,0.167,0.05251
FBNC,Unknown,0.115128756,2026-09-21,0.17308633272911478,0.012350430219917224,10.420742,0.098,0.167,0.05251
AKAN,Healthcare,0.11511747,2026-09-21,-0.962223205705965,0.10128819559430782,10.420742,0.098,0.167,0.05251
MA,Unknown,0.115106195,2026-09-21,-0.025377843407812684,0.01108883256247088,10.420742,0.098,0.167,0.05251
HUBC,Unknown,0.115056254,2026-09-21,-0.9998192660597122,3.9370086289316815,10.420742,0.098,0.167,0.05251
XLO,Unknown,0.114987366,2026-09-21,-0.16120577572012362,0.008871962137236608,10.420742,0.098,0.167,0.05251
IFLO,Unknown,0.11496348,2026-09-21,0.3348380801559876,0.008203885518899407,10.420742,0.098,0.167,0.05251
FULT,Unknown,0.11483718,2026-09-21,0.2478055879195169,0.009109831941201428,10.420742,0.098,0.167,0.05251
NWSA,Unknown,0.11477255,2026-09-21,-0.015770011902943692,0.012386387507135041,10.420742,0.098,0.167,0.05251
JDZG,Unknown,0.11474442,2026-09-21,-0.9928930233800134,0.07745388946253218,10.420742,0.098,0.167,0.05251
MRBK,Unknown,0.11470387,2026-09-21,0.22833322695055558,0.009882866699729303,10.420742,0.098,0.167,0.05251
TDI,Unknown,0.114547014,2026-09-21,0.310407685278105,0.009307119666091605,10.420742,0.098,0.167,0.05251
NWFL,Unknown,0.11448326,2026-09-21,0.3475753092218803,0.009237012436051965,10.420742,0.098,0.167,0.05251
EXPO,Unknown,0.11436514,2026-09-21,-0.019212626284655587,0.011981082415232568,10.420742,0.098,0.167,0.05251
HWC,Unknown,0.11426524,2026-09-21,0.19659584545680375,0.010161034973261656,10.420742,0.098,0.167,0.05251
CPOP,Communication Services,0.11425747,2026-09-21,-0.7404761707431327,2.8865032280576313,10.420742,0.648,-0.987,-0.21260001
GEHC,Unknown,0.11420651,2026-09-21,-0.12204842874678112,0.010442104219924125,10.420742,0.098,0.167,0.05251
LARK,Unknown,0.11410558,2026-09-21,0.2695074394710457,0.0119054150747143,10.420742,0.098,0.167,0.05251
MLCIL,Unknown,0.11406529,2026-09-21,0.031088115865008925,0.010051471462913441,10.420742,0.098,0.167,0.05251
WETO,Unknown,0.114034414,2026-09-21,-0.9928602151973274,0.16525208988898413,10.420742,0.098,0.167,0.05251
QBIG,Unknown,0.11401449,2026-09-21,0.13260033814767413,0.010758240209615279,10.420742,0.098,0.167,0.05251
TCBS,Unknown,0.11401382,2026-09-21,0.0392841967310098,0.008307736421139633,10.420742,0.098,0.167,0.05251
FMNB,Unknown,0.113955855,2026-09-21,0.07015391434543128,0.010583710267191099,10.420742,0.098,0.167,0.05251
BCAL,Financial Services,0.113932855,2026-09-21,0.24890031685729608,0.009962373212129144,11.718919,-0.016,0.023,0.10615
HBANM,Unknown,0.11381913,2026-09-21,-0.10837690127871435,0.010270003614069245,10.420742,0.098,0.167,0.05251
PABU,Unknown,0.113794364,2026-09-21,0.13316623784552517,0.010313472341543593,10.420742,0.098,0.167,0.05251
BFC,Financial Services,0.11372054,2026-09-21,0.18842920995152235,0.010532863096857676,12.703269,0.57,0.297,0.11324
STE,Unknown,0.11355159,2026-09-21,-0.16612793719581465,0.010038624471297303,10.420742,0.098,0.167,0.05251
VONG,Unknown,0.113427736,2026-09-21,0.09553810010143748,0.0106314701914049,10.420742,0.098,0.167,0.05251
PSCD,Unknown,0.1131864,2026-09-18,-0.029254258634902386,0.011056946597954479,10.420742,0.098,0.167,0.05251
FUND,Unknown,0.11312367,2026-09-21,0.30997526157703126,0.007245439527082116,10.420742,0.098,0.167,0.05251
KRMD,Unknown,0.1130729,2026-09-21,-0.19801979204706432,0.010786523578306728,10.420742,0.098,0.167,0.05251
FHB,Unknown,0.11304885,2026-09-21,0.025912224171388942,0.008507647472079629,10.420742,0.098,0.167,0.05251
WSBC,Unknown,0.11281814,2026-09-21,0.2674617719146988,0.011556213141061806,10.420742,0.098,0.167,0.05251
FCNCN,Unknown,0.11265086,2026-09-21,0.031088115865008925,0.009219238206832906,10.420742,0.098,0.167,0.05251
SMBC,Financial Services,0.112174354,2026-09-21,0.30668780651855276,0.0063754070688571765,10.280851,0.077,0.325,0.12655
BNZI,Technology,0.112170994,2026-08-06,0.031088115865008925,0.022835687632255523,-0.25880757,-0.202,0.167,-4.93849
OZK,Unknown,0.11216817,2026-09-21,-0.0636189241145263,0.010855336854046308,10.420742,0.098,0.167,0.05251
FDNI,Unknown,0.11215086,2026-09-21,-0.3209463855318977,0.012356281338735906,10.420742,0.098,0.167,0.05251
GLIBA,Unknown,0.11179722,2026-09-21,-0.323447932133917,0.01260465623410427,10.420742,0.098,0.167,0.05251
NRIM,Unknown,0.11177332,2026-09-21,0.12300870732606617,0.008936619433547996,10.420742,0.098,0.167,0.05251
V,Unknown,0.11169434,2026-09-21,0.10218627996754459,0.011559821560167544,10.420742,0.098,0.167,0.05251
BZFDW,,0.1116091,2026-09-18,0.031088115865008925,0.022835687632255523,10.420742,-0.218,0.167,-0.90487
HRTS,Unknown,0.111424826,2026-09-21,0.20351446630936776,0.00888153250259291,10.420742,0.098,0.167,0.05251
LHX,Unknown,0.11132145,2026-09-21,-0.11319242411989261,0.009345899045033289,10.420742,0.098,0.167,0.05251
WEEI,Unknown,0.11132123,2026-09-21,0.33258153707607985,0.006926392746951937,10.420742,0.098,0.167,0.05251
LNT,Unknown,0.11128129,2026-09-21,0.05090147026682468,0.007564361249280103,10.420742,0.098,0.167,0.05251
FJP,Unknown,0.11121712,2026-09-21,0.20738433500706055,0.009993525126093054,10.420742,0.098,0.167,0.05251
QQQT,Unknown,0.11120425,2026-09-21,0.2199176358212107,0.009891110147060215,10.420742,0.098,0.167,0.05251
BWB,Financial Services,0.111072965,2026-09-21,0.1806342333873281,0.01123100759157984,9.823114,0.184,0.184,0.11003
PEZ,Unknown,0.11102562,2026-09-21,-0.06673739095309783,0.010166301831425324,10.420742,0.098,0.167,0.05251
ASPCU,Financial Services,0.11087148,2026-09-18,0.1419047401064919,0.013119251480705581,10.420742,0.098,0.167,0.01285
OCSL,Unknown,0.11076155,2026-09-21,0.0507409783087891,0.01022823064919366,10.420742,0.098,0.167,0.05251
QDTY,Unknown,0.11054472,2026-09-21,0.23181665317483646,0.009837232354366298,10.420742,0.098,0.167,0.05251
CRWS,Consumer Cyclical,0.11045733,2026-09-21,-0.05436260758918998,0.011474144825587246,3.2631578,0.083,0.167,0.12825
FSEA,Unknown,0.11043206,2026-09-18,0.4947735654760579,0.0012243389358081494,10.420742,0.098,0.167,0.05251
FSUN,Unknown,0.11037328,2026-09-21,0.0030402566043454815,0.010877889278299774,10.420742,0.098,0.167,0.05251
FFIN,Unknown,0.11035191,2026-09-21,-0.05913119571503067,0.01056054402743907,10.420742,0.098,0.167,0.05251
ISTR,Unknown,0.11025498,2026-09-21,0.2987577720664356,0.009038483389547288,10.420742,0.098,0.167,0.05251
GRIN,Unknown,0.110216744,2026-09-21,0.2232657353738634,0.011813105519258177,10.420742,0.098,0.167,0.05251
HII,Unknown,0.11016779,2026-09-21,0.021319425785052637,0.010417327006515528,10.420742,0.098,0.167,0.05251
FVC,Unknown,0.110160336,2026-09-21,0.18816481176290334,0.00954513514683942,10.420742,0.098,0.167,0.05251
SPBC,Unknown,0.11014766,2026-09-21,0.15609062751371483,0.00972824484108447,10.420742,0.098,0.167,0.05251
HOPE,Unknown,0.11012771,2026-09-21,0.2956694582800332,0.008924613569846153,10.420742,0.098,0.167,0.05251
JMSB,Unknown,0.11004575,2026-09-21,0.1139034009953126,0.01088940890030084,10.420742,0.098,0.167,0.05251
GL,Unknown,0.1100132,2026-09-21,0.20722144254923935,0.010509960204630362,10.420742,0.098,0.167,0.05251
FV,Unknown,0.10994774,2026-09-21,0.197954327894994,0.009684439104958647,10.420742,0.098,0.167,0.05251
DGICA,Financial Services,0.10992829,2026-09-21,0.001140418539103294,0.01057577196532804,10.0,-0.024,0.303,0.11179
DTE,Unknown,0.10992077,2026-09-21,-0.04239589553422396,0.0084223506981777,10.420742,0.098,0.167,0.05251
AWK,Utilities,0.10991478,2026-09-21,0.02033856939287859,0.01195818297896012,20.47945,0.062,0.086,0.10095
INVH,Unknown,0.10989666,2026-09-21,-0.04010660837809987,0.00886750505696931,10.420742,0.098,0.167,0.05251
MEMA,Unknown,0.10977204,2026-09-21,0.031088115865008925,0.01191495338893275,10.420742,0.098,0.167,0.05251
HSY,Unknown,0.109721445,2026-09-21,-0.08867077552386515,0.011288714703951902,10.420742,0.098,0.167,0.05251
RGCO,Unknown,0.109659135,2026-09-21,-0.020231503537594286,0.009689664400485732,10.420742,0.098,0.167,0.05251
AUBN,Financial Services,0.1094745,2026-09-18,0.11891602526662681,0.014903499133449858,10.420742,0.124,0.265,0.09323
XT,Unknown,0.109464064,2026-09-21,0.269677150143919,0.00950648115126942,10.420742,0.098,0.167,0.05251
PTNQ,Unknown,0.10944364,2026-09-21,0.17412309879699173,0.010606941100112477,10.420742,0.098,0.167,0.05251
QQQE,Unknown,0.10936913,2026-09-21,0.20503369632337387,0.009328475435706479,10.420742,0.098,0.167,0.05251
GQQQ,Unknown,0.10928997,2026-09-21,0.25497997973675646,0.00872180397891935,10.420742,0.098,0.167,0.05251
FFUT,Unknown,0.10911813,2026-09-21,0.26645948295797117,0.008486265907472448,10.420742,0.098,0.167,0.05251
NODK,Unknown,0.10903106,2026-09-21,0.06302965630816515,0.009502778652297062,10.420742,0.098,0.167,0.05251
CFFN,Financial Services,0.10895444,2026-09-21,0.4325613077971633,0.007222658086841893,11.451613,0.183,0.356,0.080129996
INDB,Unknown,0.108870946,2026-09-21,0.15853830592154727,0.009903458880024061,10.420742,0.098,0.167,0.05251
NRES,Unknown,0.10880695,2026-09-18,0.31998475267185467,0.010904838503221345,10.420742,0.098,0.167,0.05251
FAST,Unknown,0.108788714,2026-09-21,0.06986510830336079,0.012493874766511759,10.420742,0.098,0.167,0.05251
QNXT,Unknown,0.10870714,2026-09-21,0.1313375986855847,0.009684485589389672,10.420742,0.098,0.167,0.05251
NFTY,Unknown,0.10863077,2026-09-21,-0.07610339012232814,0.009050795219352576,10.420742,0.098,0.167,0.05251
SEVN,Unknown,0.10851224,2026-09-21,-0.2422874132229883,0.007647559005801694,10.420742,0.098,0.167,0.05251
TDY,Unknown,0.10850688,2026-09-21,0.08261198312455997,0.009018753788139438,10.420742,0.098,0.167,0.05251
SPG,Unknown,0.10827067,2026-09-21,0.18983632778627912,0.008591535142349343,10.420742,0.098,0.167,0.05251
TXT,Unknown,0.10816197,2026-09-21,-0.051921624138519085,0.011598097227542147,10.420742,0.098,0.167,0.05251
USXF,Unknown,0.10811863,2026-09-21,0.2216131136062125,0.011143985020269802,10.420742,0.098,0.167,0.05251
TDIV,Unknown,0.10810948,2026-09-21,0.18624165491302302,0.010164001122349076,10.420742,0.098,0.167,0.05251
SYF,Unknown,0.10808449,2026-09-21,-0.005061028288244396,0.01317921239715717,10.420742,0.098,0.167,0.05251
INVA,Unknown,0.10806491,2026-09-21,0.06661643054795863,0.010037757188519571,10.420742,0.098,0.167,0.05251
CIVB,Financial Services,0.107890844,2026-09-21,0.3098076091221589,0.008314166058642332,9.333704,0.135,-0.03,0.11192001
HLAL,Unknown,0.10777295,2026-09-21,0.28727622054049995,0.008565006605602,10.420742,0.098,0.167,0.05251
QSIX,Unknown,0.1073838,2026-09-21,0.22877471202254962,0.009863571932243373,10.420742,0.098,0.167,0.05251
SBRA,Unknown,0.107376404,2026-09-21,0.12111333630264265,0.011348535890813617,10.420742,0.098,0.167,0.05251
LGHL,Unknown,0.10730017,2026-09-21,-0.9977807249602687,0.09743502370856043,10.420742,0.098,0.167,0.05251
RWAY,Unknown,0.10710504,2026-09-21,-0.23475038215269484,0.010564626218858848,10.420742,0.098,0.167,0.05251
NVYY,Unknown,0.10710158,2026-09-21,0.05306126687545709,0.009289077269628559,10.420742,0.098,0.167,0.05251
QQQY,Unknown,0.10710146,2026-09-21,0.23227633647458767,0.009518164711053762,10.420742,0.098,0.167,0.05251
KQQQ,Unknown,0.10706235,2026-09-21,0.1998591426646481,0.009682996130063208,10.420742,0.098,0.167,0.05251
ORRF,Unknown,0.10694581,2026-09-21,0.2134385368184133,0.009855819085612403,10.420742,0.098,0.167,0.05251
TRMK,Unknown,0.10682596,2026-09-21,0.16128401160798234,0.01332473127255307,10.420742,0.098,0.167,0.05251
FIBK,Unknown,0.10665356,2026-09-21,0.15292303052395484,0.010014731367103343,10.420742,0.098,0.167,0.05251
SCDS,Unknown,0.10645149,2026-09-21,0.2242867515687137,0.006883494170605805,10.420742,0.098,0.167,0.05251
XRPNU,Unknown,0.10641002,2026-09-18,0.036018967542260194,0.013071285601436158,10.420742,0.098,0.167,0.05251
TUG,Unknown,0.10615786,2026-09-21,0.24561958383189508,0.009246499193611193,10.420742,0.098,0.167,0.05251
ODDS,Unknown,0.10592835,2026-09-18,-0.28552801177342846,0.011868111837360263,10.420742,0.098,0.167,0.05251
UBSI,Unknown,0.10556474,2026-09-21,0.28336069751505977,0.008312633647141196,10.420742,0.098,0.167,0.05251
BPRN,Financial Services,0.105424,2026-09-21,0.382057469998095,0.008670942499592401,11.308095,0.619,9.395,0.09543
TECH,Unknown,0.10540935,2026-09-21,0.37545866996641664,0.0014161952972885535,10.420742,0.098,0.167,0.05251
BPAC,Unknown,0.105386145,2026-09-18,0.031088115865008925,0.0008442421861110342,10.420742,0.098,0.167,0.05251
MVBF,Unknown,0.105269626,2026-09-21,0.28294162995875616,0.011191488365371913,10.420742,0.098,0.167,0.05251
VCIG,Unknown,0.105130136,2026-09-21,-0.9998249999947018,0.04942369039558927,10.420742,0.098,0.167,0.05251
TPGXL,Unknown,0.10509069,2026-09-21,-0.11153925217150318,0.00762647887953547,10.420742,0.098,0.167,0.05251
HTO,Unknown,0.10445326,2026-09-21,0.32825880658060824,0.009246290429227795,10.420742,0.098,0.167,0.05251
PCB,Unknown,0.10437812,2026-09-21,0.2865953196010258,0.007973645101433646,10.420742,0.098,0.167,0.05251
UDR,Unknown,0.10425159,2026-09-21,-0.05060987895979285,0.008460331263093035,10.420742,0.098,0.167,0.05251
QXQ,Unknown,0.10415264,2026-09-21,0.26244352632925305,0.010568322088122655,10.420742,0.098,0.167,0.05251
DVLU,Unknown,0.10413966,2026-09-21,0.2296359699198185,0.008519486622054555,10.420742,0.098,0.167,0.05251
CBK,Financial Services,0.104082994,2026-09-21,0.031088115865008925,0.010744357846960751,10.336477,0.067,0.018,0.14633
TLG,Unknown,0.10406123,2026-09-21,0.031088115865008925,0.012394385502327672,10.420742,0.098,0.167,0.05251
FGBIP,Unknown,0.10405234,2026-09-21,0.04562052808300621,0.00841899599628427,10.420742,0.098,0.167,0.05251
MSEX,Unknown,0.10399781,2026-09-21,0.06979325094688882,0.009187962128814182,10.420742,0.098,0.167,0.05251
LRND,Unknown,0.10397408,2026-09-21,0.20961817190284138,0.009358981753312047,10.420742,0.098,0.167,0.05251
BASG,Unknown,0.10395634,2026-09-21,0.07557035948671742,0.0094690173560597,10.420742,0.098,0.167,0.05251
LAMR,Unknown,0.103914835,2026-09-21,0.22326528581734317,0.007329114553362446,10.420742,0.098,0.167,0.05251
NBTB,Unknown,0.10388278,2026-09-21,0.20349467004081534,0.008757749235013006,10.420742,0.098,0.167,0.05251
GSRVU,Unknown,0.10371562,2026-09-18,0.031088115865008925,0.011337809068553716,10.420742,0.098,0.167,0.05251
EZRO,Unknown,0.1037003,2026-09-21,0.031088115865008925,0.011460431225894989,10.420742,0.098,0.167,0.05251
MNSB,Unknown,0.103626095,2026-09-21,0.198716647845409,0.0100452619670878,10.420742,0.098,0.167,0.05251
SRCE,Unknown,0.103577495,2026-09-21,0.3494796119800365,0.006913448578004504,10.420742,0.098,0.167,0.05251
CTBI,Unknown,0.1034409,2026-09-21,0.36583921729415403,0.007470336818963634,10.420742,0.098,0.167,0.05251
CCNR,Unknown,0.103333704,2026-09-21,0.3962093996009013,0.009365947026989207,10.420742,0.098,0.167,0.05251
HAFC,Unknown,0.10325688,2026-09-21,0.31399711196247027,0.008062551569053205,10.420742,0.098,0.167,0.05251
QVAL,Unknown,0.103209786,2026-09-21,0.29784773976465395,0.006476934333578675,10.420742,0.098,0.167,0.05251
PLD,Unknown,0.10310856,2026-09-21,0.2182214584713178,0.0099854485347132,10.420742,0.098,0.167,0.05251
J,Unknown,0.10307879,2026-09-21,-0.028183575035564568,0.010465640114149766,10.420742,0.098,0.167,0.05251
TEXN,Unknown,0.103044674,2026-09-21,0.23309582434788156,0.009106252704493698,10.420742,0.098,0.167,0.05251
TFGZ,Unknown,0.10303804,2026-09-18,0.031088115865008925,0.009671950559528571,10.420742,0.098,0.167,0.05251
JMID,Unknown,0.1028218,2026-09-21,0.04797415204433664,0.009195715137854332,10.420742,0.098,0.167,0.05251
CAC,Financial Services,0.102785796,2026-09-21,0.4345743849096748,0.008906919042622408,9.972241,0.205,0.627,0.12866999
LGRO,Unknown,0.102781095,2026-09-21,0.1713867460118812,0.009101474982667378,10.420742,0.098,0.167,0.05251
HEAL,Unknown,0.10266979,2026-09-21,-0.08616863073163494,0.011686693293755891,10.420742,0.098,0.167,0.05251
CPHC,Consumer Cyclical,0.10243786,2026-09-21,-0.045289877240733856,0.008518155955070654,10.420742,0.032,0.167,0.0014200001
ONEQ,Unknown,0.10231927,2026-09-21,0.2159991586094876,0.009453731428881826,10.420742,0.098,0.167,0.05251
RTX,Unknown,0.102267124,2026-09-21,0.24685358434764848,0.00886707646256304,10.420742,0.098,0.167,0.05251
LNTH,Unknown,0.102234796,2026-09-21,0.9472459048049573,0.0030665691981121893,10.420742,0.098,0.167,0.05251
TROW,Unknown,0.10219362,2026-09-21,0.03746759070711558,0.009391618608140001,10.420742,0.098,0.167,0.05251
SHRY,Unknown,0.10219243,2026-09-21,0.10517501702569532,0.008117431155705944,10.420742,0.098,0.167,0.05251
TRUH,Unknown,0.10213302,2026-09-21,0.031088115865008925,0.008380851525837181,10.420742,0.098,0.167,0.05251
FELE,Unknown,0.10212906,2026-09-21,0.0035891745932918884,0.009032215322683605,10.420742,0.098,0.167,0.05251
PFBC,Unknown,0.10203397,2026-09-21,0.1541569958234572,0.010083287691326145,10.420742,0.098,0.167,0.05251
ESS,Unknown,0.10194958,2026-09-21,0.050919759456159674,0.010428217002137894,10.420742,0.098,0.167,0.05251
JDOC,Unknown,0.101761766,2026-09-18,0.20424411131502818,0.008573429014793377,10.420742,0.098,0.167,0.05251
INDY,Unknown,0.10172265,2026-09-21,-0.12080150541255985,0.008775319850042198,10.420742,0.098,0.167,0.05251
FEPI,Unknown,0.10162449,2026-09-21,0.17813194265198118,0.008668360064510224,10.420742,0.098,0.167,0.05251
POLE,Unknown,0.10149366,2026-09-18,0.024856618349295534,0.01173669657204023,10.420742,0.098,0.167,0.05251
XCNY,Unknown,0.10117833,2026-09-18,0.26206088598386224,0.008558050466002715,10.420742,0.098,0.167,0.05251
BKHAU,Financial Services,0.10112593,2026-09-18,0.1049209946831553,0.012610971782519808,10.420742,0.098,-0.633,0.05251
FYX,Unknown,0.10108703,2026-09-21,0.26319167845295066,0.006466207775557043,10.420742,0.098,0.167,0.05251
WFC,Unknown,0.10090468,2026-09-21,0.058089942042445886,0.013947848068614536,10.420742,0.098,0.167,0.05251
HOVNP,Unknown,0.10086776,2026-09-21,0.030357460250631352,0.008567609627047723,10.420742,0.098,0.167,0.05251
GLDI,Unknown,0.10083944,2026-09-21,0.12260956363708497,0.008906696021727363,10.420742,0.098,0.167,0.05251
EBIZ,Unknown,0.10066482,2026-09-21,-0.2039523536493426,0.012165580519941191,10.420742,0.098,0.167,0.05251
GLPI,Unknown,0.100582875,2026-09-21,-0.09481925364986976,0.009937176825697966,10.420742,0.098,0.167,0.05251
WNEB,Unknown,0.10052782,2026-09-21,0.13743636819151828,0.010152174507997536,10.420742,0.098,0.167,0.05251
GEG,Unknown,0.10046349,2026-09-21,-0.23214281000653014,0.007850462893368961,10.420742,0.098,0.167,0.05251
LMAT,Unknown,0.10045261,2026-09-21,-0.14341911716483147,0.010824494556445739,10.420742,0.098,0.167,0.05251
PYZ,Unknown,0.10029362,2026-09-21,0.10752744989668295,0.01098151841712184,10.420742,0.098,0.167,0.05251
HTHT,Unknown,0.10019829,2026-09-21,0.20097709925583485,0.011567881843726913,10.420742,0.098,0.167,0.05251
CB,Financial Services,0.10006552,2026-09-21,0.24426436120194794,0.010297483683779588,11.626217,0.061,-0.007,0.14822
NUGY,Unknown,0.09993749,2026-09-21,0.031088115865008925,0.008714879955890261,10.420742,0.098,0.167,0.05251
REFI,Unknown,0.09987803,2026-09-21,-0.07251329368671855,0.009307205098721566,10.420742,0.098,0.167,0.05251
SLAB,Technology,0.09979003,2026-09-21,0.5635219347398117,0.002657293546867527,50.663925,0.183,0.167,-0.03628
WTFC,Unknown,0.09967444,2026-09-21,0.09187149966684394,0.010397553141194282,10.420742,0.098,0.167,0.05251
KBWD,Unknown,0.09960621,2026-09-21,-0.0467014486296089,0.007956140088374235,10.420742,0.098,0.167,0.05251
CPBI,Financial Services,0.09960351,2026-09-21,0.30362822994951344,0.011257842667576037,10.420742,0.131,0.5,0.05149
IUSG,Unknown,0.099529214,2026-09-21,0.19984593593730704,0.009231443601034952,10.420742,0.098,0.167,0.05251
FTRI,Unknown,0.09952637,2026-09-21,0.2095996226314576,0.00966627134133936,10.420742,0.098,0.167,0.05251
XEL,Unknown,0.09921857,2026-09-21,0.027067715886591293,0.010322011692743523,10.420742,0.098,0.167,0.05251
QTR,Unknown,0.09921589,2026-09-21,0.1667741203643769,0.008883526339529548,10.420742,0.098,0.167,0.05251
NXTT,Unknown,0.0991548,2026-09-21,-0.9970920409240316,0.08887477278763031,10.420742,0.098,0.167,0.05251
QQQX,Unknown,0.09897807,2026-09-21,0.24406935571847233,0.007634752170662002,10.420742,0.098,0.167,0.05251
NBBK,Unknown,0.09869513,2026-09-21,0.2157488316999363,0.010137647344546748,10.420742,0.098,0.167,0.05251
NI,Unknown,0.09860789,2026-09-21,0.03240696987048697,0.007734290804081837,10.420742,0.098,0.167,0.05251
FCCO,Unknown,0.09854569,2026-09-21,0.18472734018942827,0.0115890056245988,10.420742,0.098,0.167,0.05251
TMUSZ,Unknown,0.098508716,2026-09-21,-0.17678264442236113,0.007098774292025208,10.420742,0.098,0.167,0.05251
TCBK,Unknown,0.09832528,2026-09-21,0.1775017683504787,0.008360517015029526,10.420742,0.098,0.167,0.05251
DALI,Unknown,0.098193794,2026-09-21,0.043207553993407144,0.009113850413260467,10.420742,0.098,0.167,0.05251
LFMDP,Unknown,0.09808401,2026-09-21,0.05788502865579903,0.008920162920814849,10.420742,0.098,0.167,0.05251
CZNC,Unknown,0.098023154,2026-09-21,0.3226440223774356,0.008307520286755592,10.420742,0.098,0.167,0.05251
GLRE,Unknown,0.09794666,2026-09-21,0.1664241391207093,0.008590205915831333,10.420742,0.098,0.167,0.05251
D,Unknown,0.09789654,2026-09-21,0.09971821206584486,0.008331652972755682,10.420742,0.098,0.167,0.05251
MCHI,Unknown,0.09786864,2026-09-21,-0.15078578692148015,0.009142378592683098,10.420742,0.098,0.167,0.05251
MCHB,Unknown,0.09785333,2026-09-21,0.23453834372366633,0.007823411403101183,10.420742,0.098,0.167,0.05251
CSQ,Unknown,0.09773773,2026-09-21,0.17415941772461907,0.009263840708524457,10.420742,0.098,0.167,0.05251
HFWA,Unknown,0.09768171,2026-09-21,0.15961476359779203,0.00883175417633488,10.420742,0.098,0.167,0.05251
BBYY,Unknown,0.097633846,2026-09-18,0.031088115865008925,0.01060463649756626,10.420742,0.098,0.167,0.05251
FPXE,Unknown,0.09752852,2026-09-18,0.03145073848001423,0.011364303884851119,10.420742,0.098,0.167,0.05251
CXSE,Unknown,0.09734644,2026-09-21,-0.13221917924881188,0.00991516680073395,10.420742,0.098,0.167,0.05251
TOWN,Unknown,0.097303644,2026-09-21,0.0638759945504479,0.008808335781402506,10.420742,0.098,0.167,0.05251
CNQQ,Unknown,0.097029105,2026-09-21,0.031088115865008925,0.010902934387969708,10.420742,0.098,0.167,0.05251
CWCO,Unknown,0.0969735,2026-09-21,-0.16269232330248273,0.011043529856246246,10.420742,0.098,0.167,0.05251
EFSC,Unknown,0.09680145,2026-09-21,0.023006489089767657,0.00773077728714295,10.420742,0.098,0.167,0.05251
NEE,Unknown,0.09676944,2026-09-21,0.15916605788491656,0.007903972305729347,10.420742,0.098,0.167,0.05251
PFOE,Unknown,0.09662127,2026-09-21,0.031088115865008925,0.008218989688468757,10.420742,0.098,0.167,0.05251
IBOC,Unknown,0.0964917,2026-09-21,0.014004336945845575,0.007848028000090749,10.420742,0.098,0.167,0.05251
SHW,Unknown,0.09644332,2026-09-21,-0.06760606055531848,0.01119693401374437,10.420742,0.098,0.167,0.05251
CFBK,Financial Services,0.09637243,2026-09-21,0.43187534064387,0.006786347896502761,8.217857,0.102,0.169,0.102390006
GPIQ,Unknown,0.09635722,2026-09-21,0.23925662266110503,0.008435215190256027,10.420742,0.098,0.167,0.05251
JPY,Unknown,0.09602216,2026-09-21,0.2551985063635218,0.009324072606763057,10.420742,0.098,0.167,0.05251
HAO,Unknown,0.09569879,2026-09-21,-0.9991336945298008,0.06522250457644302,10.420742,0.098,0.167,0.05251
UG,Unknown,0.0955011,2026-09-21,0.010477839027030367,0.011665233793386227,10.420742,0.098,0.167,0.05251
THMZ,Unknown,0.09548045,2026-09-21,0.09626915381694845,0.009141031997910994,10.420742,0.098,0.167,0.05251
ENSG,Unknown,0.0954196,2026-09-21,0.04364159150667635,0.013016583139862384,10.420742,0.098,0.167,0.05251
FTXO,Unknown,0.09537448,2026-09-21,0.13876184804017355,0.010057580364189678,10.420742,0.098,0.167,0.05251
WHLRD,Unknown,0.095341384,2026-09-21,-0.06650453602444628,0.010933705735374923,10.420742,0.098,0.167,0.05251
CATY,Financial Services,0.09525809,2026-09-21,0.2627623161280046,0.008251655654518873,10.420742,0.138,0.245,0.117060006
FEM,Unknown,0.09522222,2026-09-21,0.2642453295040499,0.009356357936804068,10.420742,0.098,0.167,0.05251
PSCI,Unknown,0.095179796,2026-09-21,0.10097560905797986,0.010070823554404302,10.420742,0.098,0.167,0.05251
RUSC,Unknown,0.09517601,2026-09-21,0.19583141438853513,0.0070098023328567195,10.420742,0.098,0.167,0.05251
ONB,Unknown,0.09511197,2026-09-21,0.14950187837081308,0.009771573896484751,10.420742,0.098,0.167,0.05251
SYBT,Unknown,0.0950403,2026-09-21,0.04791527112457783,0.011666975820919743,10.420742,0.098,0.167,0.05251
CXIIU,Unknown,0.09489425,2026-09-21,0.031088115865008925,0.011548755762449382,10.420742,0.098,0.167,0.05251
JIVE,Unknown,0.09479073,2026-09-21,0.3436927571951234,0.0072810189765414495,10.420742,0.098,0.167,0.05251
VTR,Unknown,0.09476496,2026-09-21,0.3100544056688084,0.007497240774331844,10.420742,0.098,0.167,0.05251
FCNCO,Unknown,0.09474858,2026-09-21,-0.07001423621457192,0.008183343965483572,10.420742,0.098,0.167,0.05251
GOODO,Unknown,0.09474109,2026-09-21,0.08659498289893919,0.011548993206471089,10.420742,0.098,0.167,0.05251
DDI,Communication Services,0.094711185,2026-09-21,0.38372094078257146,0.009380282971667379,5.3948717,0.112,0.505,0.13128
SFBC,Unknown,0.09459644,2026-09-18,0.09865549102252236,0.007901115516028782,10.420742,0.098,0.167,0.05251
IOSP,Unknown,0.094499975,2026-09-21,0.15759795994550352,0.00886038922070099,10.420742,0.098,0.167,0.05251
PPI,Unknown,0.094300136,2026-09-21,0.16642706701932108,0.007330378131791601,10.420742,0.098,0.167,0.05251
BLCR,Unknown,0.09422482,2026-09-21,0.2515623167588126,0.007994451400048876,10.420742,0.098,0.167,0.05251
PSCH,Unknown,0.094072826,2026-09-21,0.27346111630201864,0.0064333383693997,10.420742,0.098,0.167,0.05251
EXC,Unknown,0.09404873,2026-09-21,0.007857217884367218,0.007979327279597987,10.420742,0.098,0.167,0.05251
EDUC,Unknown,0.09394891,2026-09-21,-0.10884359368479479,0.007279261101648418,10.420742,0.098,0.167,0.05251
VLTO,Unknown,0.093675345,2026-09-21,-0.10679012703892343,0.009442564102734698,10.420742,0.098,0.167,0.05251
TCBI,Unknown,0.093650006,2026-09-21,0.08761126051382817,0.009952474770497904,10.420742,0.098,0.167,0.05251
NTRSO,Unknown,0.093495816,2026-09-21,-0.07123974823480439,0.008603716254255314,10.420742,0.098,0.167,0.05251
JAPN,Unknown,0.09341541,2026-09-21,-0.09918113871841061,0.011039980399776128,10.420742,0.098,0.167,0.05251
MGRC,Unknown,0.09329056,2026-09-21,-0.07895808842188778,0.008246178509181886,10.420742,0.098,0.167,0.05251
EWBC,Unknown,0.09325823,2026-09-21,0.19398726824232382,0.010029362317640586,10.420742,0.098,0.167,0.05251
BHRB,Financial Services,0.0932513,2026-09-21,0.12832176079679214,0.009180647759944557,8.009523,0.223,-0.746,0.09791
CETX,Technology,0.093031526,2026-09-21,-0.9794013200555293,0.033522603025740755,3.690909,0.087,0.167,-1.5139301
BIOY,Unknown,0.09292127,2026-09-21,0.031088115865008925,0.009266217185245552,10.420742,0.098,0.167,0.05251
FEMS,Unknown,0.09284525,2026-09-21,0.07273556462528918,0.009681359509676904,10.420742,0.098,0.167,0.05251
PSCC,Unknown,0.09257927,2026-09-21,0.02431481110516942,0.008951358171466172,10.420742,0.098,0.167,0.05251
CDZIP,Industrials,0.092568606,2026-09-21,0.21640103829320978,0.006952678351155002,10.420742,-0.763,0.167,-1.83132
CAIQ,Unknown,0.09253199,2026-09-21,0.031088115865008925,0.009354906466494884,10.420742,0.098,0.167,0.05251
GOOD,Unknown,0.09238063,2026-09-21,0.07422356417009968,0.008090568626199014,10.420742,0.098,0.167,0.05251
HBCP,Unknown,0.09230587,2026-09-21,0.23063673395823736,0.008959237749630332,10.420742,0.098,0.167,0.05251
RFEM,Unknown,0.09222298,2026-09-18,0.031088115865008925,0.008971753083076755,10.420742,0.098,0.167,0.05251
MGEE,Unknown,0.09222166,2026-09-21,-0.113081351144252,0.007263673860841488,10.420742,0.098,0.167,0.05251
STRRP,Unknown,0.09222063,2026-09-21,0.17395613412589062,0.010231394972814136,10.420742,0.098,0.167,0.05251
IQQQ,Unknown,0.09215178,2026-09-21,0.1886006792140582,0.008537411463980371,10.420742,0.098,0.167,0.05251
MMM,Unknown,0.09202336,2026-09-21,0.08163811648824804,0.01129146911128605,10.420742,0.098,0.167,0.05251
FEP,Unknown,0.0919579,2026-09-21,0.1987005286304846,0.007732834576334298,10.420742,0.098,0.167,0.05251
AGNG,Unknown,0.09192253,2026-09-21,0.11561199495522967,0.008427139598422973,10.420742,0.098,0.167,0.05251
STBA,Unknown,0.09190352,2026-09-21,0.2847907735318771,0.008344886798864354,10.420742,0.098,0.167,0.05251
KROP,Unknown,0.091872945,2026-09-21,0.1941806926760523,0.011904818063114109,10.420742,0.098,0.167,0.05251
RSG,Unknown,0.09183669,2026-09-21,-0.039205527522829575,0.009841973625772897,10.420742,0.098,0.167,0.05251
IDVY,Unknown,0.09183464,2026-09-18,0.031088115865008925,0.009328708332023709,10.420742,0.098,0.167,0.05251
IXUS,Unknown,0.09180915,2026-09-21,0.21953704030619692,0.008436642894052467,10.420742,0.098,0.167,0.05251
FDTS,Unknown,0.09179188,2026-09-18,0.29723162169700634,0.00956903567999736,10.420742,0.098,0.167,0.05251
BHFAL,Unknown,0.09176737,2026-09-21,-0.07370428070222068,0.009057850520489937,10.420742,0.098,0.167,0.05251
FCNCP,Unknown,0.09154398,2026-09-21,-0.0692958013661148,0.008149256698873083,10.420742,0.098,0.167,0.05251
OVLY,Unknown,0.09132139,2026-09-21,0.246747381706663,0.009548388807292313,10.420742,0.098,0.167,0.05251
SO,Unknown,0.09127502,2026-09-21,-0.035038547348913096,0.007197299277651815,10.420742,0.098,0.167,0.05251
DAX,Unknown,0.09122093,2026-09-21,0.04602244702600289,0.008202672487816145,10.420742,0.098,0.167,0.05251
DUK,Unknown,0.09121068,2026-09-21,0.0045728559490028076,0.007368091816870524,10.420742,0.098,0.167,0.05251
BUSE,Financial Services,0.09111965,2026-09-21,0.2468122333068039,0.007076959218669784,11.039326,-0.009,0.327,0.09634
HBNC,Unknown,0.09079571,2026-09-21,0.1994360388167582,0.008408632960100096,10.420742,0.098,0.167,0.05251
WRND,Unknown,0.09077282,2026-09-18,0.2098840457332587,0.009233910679273693,10.420742,0.098,0.167,0.05251
PPL,Unknown,0.090738535,2026-09-21,-0.04030717119827831,0.009755979103313812,10.420742,0.098,0.167,0.05251
TRUD,Unknown,0.090732716,2026-09-21,-0.024048921126946676,0.011697454931663876,10.420742,0.098,0.167,0.05251
YORW,Unknown,0.09043395,2026-09-21,0.08735648942798457,0.008287533738456426,10.420742,0.098,0.167,0.05251
DHCNI,Unknown,0.09036462,2026-09-21,0.08797589708360132,0.008500131292381986,10.420742,0.098,0.167,0.05251
XELLL,Unknown,0.09010429,2026-09-21,0.031088115865008925,0.007340215972017479,10.420742,0.098,0.167,0.05251
DUSG,Unknown,0.09006571,2026-09-21,0.031088115865008925,0.007148859287177901,10.420742,0.098,0.167,0.05251
TRUF,Unknown,0.09000204,2026-09-21,0.031088115865008925,0.008131120687197999,10.420742,0.098,0.167,0.05251
SPCK,Unknown,0.089954086,2026-09-18,0.050159775894727865,0.010902758911891007,10.420742,0.098,0.167,0.05251
STRA,Unknown,0.08985273,2026-09-21,-0.02002674840125862,0.011421900879885703,10.420742,0.098,0.167,0.05251
LOGO,Unknown,0.089821205,2026-09-21,-0.07315983024597694,0.00838899059254783,10.420742,0.098,0.167,0.05251
ESPO,Unknown,0.08975143,2026-09-21,-0.1797186895524414,0.011995060483674207,10.420742,0.098,0.167,0.05251
QCRH,Unknown,0.089526206,2026-09-21,0.27029283863737485,0.009181292331578788,10.420742,0.098,0.167,0.05251
LAWR,Unknown,0.08944567,2026-09-18,0.8564356610934158,0.0,10.420742,0.098,0.167,0.05251
AVBH,Financial Services,0.08943013,2026-09-21,0.1961494680729612,0.006836318771574675,8.133506,0.289,-0.053,-0.056399997
VLGEA,Unknown,0.08933551,2026-09-21,0.15476247044484515,0.011663734668427165,10.420742,0.098,0.167,0.05251
AQWA,Unknown,0.0892982,2026-09-21,-0.04008206050394947,0.006717871768878008,10.420742,0.098,0.167,0.05251
EFTY,Unknown,0.08929069,2026-09-18,0.7224770639693434,0.0,10.420742,0.098,0.167,0.05251
JSML,Unknown,0.08924953,2026-09-21,0.14315515945619706,0.008650709263017472,10.420742,0.098,0.167,0.05251
LIN,Unknown,0.08919594,2026-09-21,-0.025066268940388325,0.007338937341705032,10.420742,0.098,0.167,0.05251
VXUS,Unknown,0.08916129,2026-09-21,0.21944429806323806,0.008366882241356273,10.420742,0.098,0.167,0.05251
QQQI,Unknown,0.08915285,2026-09-21,0.18943922951024628,0.008459057045923094,10.420742,0.098,0.167,0.05251
FTGS,Unknown,0.08909347,2026-09-21,0.06910916355397068,0.007712469250704389,10.420742,0.098,0.167,0.05251
CAFG,Unknown,0.08904426,2026-09-21,0.23684299431976763,0.006934198343647932,10.420742,0.098,0.167,0.05251
GAIN,Unknown,0.08891394,2026-09-21,0.20986261353356928,0.00748588309503674,10.420742,0.098,0.167,0.05251
HIG,Unknown,0.088913746,2026-09-21,0.01885387021333873,0.011332760960100033,10.420742,0.098,0.167,0.05251
MAGH,Unknown,0.08872859,2026-09-18,3.6620689700531477,0.0,10.420742,0.098,0.167,0.05251
MAMK,Unknown,0.08872859,2026-09-18,4.058365890148776,0.0,10.420742,0.098,0.167,0.05251
QMID,Unknown,0.088664934,2026-09-21,0.026965329045232078,0.007906559466920652,10.420742,0.098,0.167,0.05251
SQLV,Unknown,0.08855799,2026-09-21,0.20418812861764635,0.0068026474126265495,10.420742,0.098,0.167,0.05251
FRT,Unknown,0.088468395,2026-09-21,0.1467696657100519,0.006591339171598094,10.420742,0.098,0.167,0.05251
ED,Unknown,0.08843362,2026-09-21,0.11509140031081433,0.009576059246380777,10.420742,0.098,0.167,0.05251
PIZ,Unknown,0.088390365,2026-09-21,0.15499054591215256,0.01012170053350259,10.420742,0.098,0.167,0.05251
MSR,Unknown,0.08838366,2026-09-21,0.031088115865008925,0.006454260066542315,10.420742,0.098,0.167,0.05251
FSHP,Unknown,0.08836029,2026-09-18,0.07258067799729484,0.010509954356878388,10.420742,0.098,0.167,0.05251
CORO,Unknown,0.08835086,2026-09-21,0.2693770071996673,0.009563564614492526,10.420742,0.098,0.167,0.05251
GSBC,Unknown,0.08832968,2026-09-21,0.2558667432911723,0.008167914378369499,10.420742,0.098,0.167,0.05251
MCBS,Unknown,0.088216715,2026-09-21,0.21672346249759422,0.008255345723364388,10.420742,0.098,0.167,0.05251
EZMO,Unknown,0.08820309,2026-09-21,0.031088115865008925,0.00959974284479811,10.420742,0.098,0.167,0.05251
EVRG,Unknown,0.088107474,2026-09-21,0.14979208051737625,0.008364099420060105,10.420742,0.098,0.167,0.05251
UVSP,Unknown,0.087983705,2026-09-21,0.37165335274702604,0.005942609920797484,10.420742,0.098,0.167,0.05251
NECB,Unknown,0.087911665,2026-09-21,0.3242049142417778,0.00763062596724939,10.420742,0.098,0.167,0.05251
GLCR,Unknown,0.08759316,2026-09-21,-0.06480466391587603,0.007824289209844475,10.420742,0.098,0.167,0.05251
ASCI,Unknown,0.08744613,2026-09-21,0.031088115865008925,0.00804448576548933,10.420742,0.098,0.167,0.05251
DMXF,Unknown,0.08737061,2026-09-21,0.18003562123973382,0.008263347345188757,10.420742,0.098,0.167,0.05251
GBDC,Unknown,0.08700582,2026-09-21,-0.01513742578654842,0.009874802180620944,10.420742,0.098,0.167,0.05251
CCNE,Financial Services,0.08691598,2026-09-21,0.309507994290914,0.0089895843340268,9.13756,0.51,0.492,0.124180004
MTYY,Unknown,0.08688927,2026-09-21,0.031088115865008925,0.009977519038155941,10.420742,0.098,0.167,0.05251
ITW,Unknown,0.08685588,2026-09-21,0.04244682617715512,0.009673435267830318,10.420742,0.098,0.167,0.05251
LKFN,Unknown,0.08682013,2026-09-21,-0.06860424001925536,0.00759549179520597,10.420742,0.098,0.167,0.05251
BRKHU,Financial Services,0.08680068,2026-09-18,0.031088115865008925,0.010003165409638934,10.420742,0.098,0.167,0.05251
CTAS,Unknown,0.08679698,2026-09-21,0.0014736273542812484,0.00903924908040908,10.420742,0.098,0.167,0.05251
CBNK,Financial Services,0.086445205,2026-09-21,0.08796008136241507,0.007686782141737123,9.46344,0.088,0.115,0.14053
TMUSL,Unknown,0.08632882,2026-09-21,-0.11088268883117047,0.008683395694091125,10.420742,0.098,0.167,0.05251
YYAI,Unknown,0.08627172,2026-09-21,-0.9999910471016082,0.03876938514654154,10.420742,0.098,0.167,0.05251
ECL,Unknown,0.08619919,2026-09-21,0.032763556327404464,0.009890964679005352,10.420742,0.098,0.167,0.05251
MSI,Unknown,0.08604573,2026-09-21,-0.018261242866020932,0.010277036008567329,10.420742,0.098,0.167,0.05251
SEIS,Unknown,0.085962854,2026-09-21,0.11062644029849755,0.008031920847411465,10.420742,0.098,0.167,0.05251
GLAD,Unknown,0.08590654,2026-09-21,-0.08621529815671702,0.008434751505754323,10.420742,0.098,0.167,0.05251
COWS,Unknown,0.08583486,2026-09-21,0.18563484048094137,0.008073491931152324,10.420742,0.098,0.167,0.05251
CLSM,Unknown,0.08582341,2026-09-21,0.23576408703437401,0.00783239599042262,10.420742,0.098,0.167,0.05251
FCA,Unknown,0.08564417,2026-09-21,-0.03134302551821788,0.00692080135956922,10.420742,0.098,0.167,0.05251
PFDE,Unknown,0.08547034,2026-09-21,0.031088115865008925,0.007796754068952006,10.420742,0.098,0.167,0.05251
UIVM,Unknown,0.08540816,2026-09-21,0.3018981326794743,0.007336433345695347,10.420742,0.098,0.167,0.05251
VTWO,Unknown,0.08532883,2026-09-21,0.18268170622788404,0.007142545492763445,10.420742,0.098,0.167,0.05251
LRGE,Unknown,0.08522556,2026-09-21,0.10683278121288842,0.010765899417733933,10.420742,0.098,0.167,0.05251
TSEL,Unknown,0.08520667,2026-09-21,-0.017824421164730708,0.011990810057045956,10.420742,0.098,0.167,0.05251
RDTY,Unknown,0.085130125,2026-09-21,0.16928523481652258,0.007414074641618087,10.420742,0.098,0.167,0.05251
ACT,Financial Services,0.08512277,2026-09-21,0.2911481766692634,0.008535686774501589,9.673329,0.041,0.126,0.12869
POWWP,Unknown,0.08507209,2026-09-21,0.10381304296859062,0.008930754129597885,10.420742,0.098,0.167,0.05251
NWBI,Unknown,0.0850356,2026-09-21,0.27358282212372886,0.007267947719144471,10.420742,0.098,0.167,0.05251
MMSI,Unknown,0.085007355,2026-09-21,0.015457824914917762,0.009076720741716043,10.420742,0.098,0.167,0.05251
IACQU,Unknown,0.084941566,2026-09-21,0.031088115865008925,0.007552594321090969,10.420742,0.098,0.167,0.05251
XSPI,Unknown,0.0848929,2026-09-21,0.031088115865008925,0.007952210371815517,10.420742,0.098,0.167,0.05251
TFNS,Unknown,0.08484808,2026-09-21,0.07742002606217979,0.007894782796612484,10.420742,0.098,0.167,0.05251
RDVY,Unknown,0.084833406,2026-09-21,0.20936311325085777,0.007083447005317537,10.420742,0.098,0.167,0.05251
GRW,Unknown,0.08473766,2026-09-21,-0.05008212393653455,0.008228062221802357,10.420742,0.098,0.167,0.05251
PRFZ,Unknown,0.08464588,2026-09-21,0.16082874628510568,0.007031728814910409,10.420742,0.098,0.167,0.05251
KIM,Unknown,0.08461208,2026-09-21,0.062390553030180707,0.007585071072071281,10.420742,0.098,0.167,0.05251
VIGI,Unknown,0.08456832,2026-09-21,0.0954082912802372,0.00801824801188919,10.420742,0.098,0.167,0.05251
VTWV,Unknown,0.08456742,2026-09-21,0.232243273482714,0.006190840209922304,10.420742,0.098,0.167,0.05251
ALIS,Financial Services,0.084456354,2026-09-21,0.031088115865008925,0.0025566076197281544,10.420742,0.098,0.167,3.8968399
GOODN,Unknown,0.08440722,2026-09-21,0.05885346414300319,0.011046221464049674,10.420742,0.098,0.167,0.05251
QYLG,Unknown,0.08438985,2026-09-21,0.24314620545555443,0.007438624757165095,10.420742,0.098,0.167,0.05251
MATE,Unknown,0.08435676,2026-09-21,0.031088115865008925,0.009539038552773205,10.420742,0.098,0.167,0.05251
WRB,Unknown,0.08408546,2026-09-21,-0.029103203782920972,0.01048798384904813,10.420742,0.098,0.167,0.05251
PSET,Unknown,0.084074356,2026-09-21,0.04123187098066716,0.007745784512342621,10.420742,0.098,0.167,0.05251
FKU,Unknown,0.08407051,2026-09-21,0.20745582815646935,0.008359529359232266,10.420742,0.098,0.167,0.05251
EMSC,Unknown,0.08405126,2026-09-21,0.031088115865008925,0.010413397892707696,10.420742,0.098,0.167,0.05251
JPM,Unknown,0.08401865,2026-09-21,0.1445901805048846,0.008840489113503663,10.420742,0.098,0.167,0.05251
REG,Unknown,0.08365048,2026-09-21,0.0780783300976664,0.0071604295102191675,10.420742,0.098,0.167,0.05251
SRBK,Unknown,0.08335781,2026-09-21,0.32019448697735675,0.006806004453962634,10.420742,0.098,0.167,0.05251
SPKLU,Unknown,0.08324187,2026-09-18,0.1510658128084914,0.007145654988540297,10.420742,0.098,0.167,0.05251
SIMA,Unknown,0.08314515,2026-09-21,0.0372849275239433,0.007709925817506792,10.420742,0.098,0.167,0.05251
PRDO,Unknown,0.08313728,2026-09-21,-0.06993876202505767,0.007317265353755244,10.420742,0.098,0.167,0.05251
ROE,Unknown,0.08270295,2026-09-21,0.27807814413367393,0.006818281912212195,10.420742,0.098,0.167,0.05251
FGL,Unknown,0.08265292,2026-09-21,-0.9996473596388834,0.11603678870876184,10.420742,0.098,0.167,0.05251
FMBH,Unknown,0.08263538,2026-09-21,0.2638593412519177,0.007574474234864665,10.420742,0.098,0.167,0.05251
SYZ,Unknown,0.08255647,2026-09-21,0.16685816113773777,0.006880622478457172,10.420742,0.098,0.167,0.05251
UAE,Unknown,0.08253926,2026-09-21,0.08181519865511855,0.00812457328757923,10.420742,0.098,0.167,0.05251
VYMI,Unknown,0.08239427,2026-09-21,0.2817382547001437,0.0070200687932833305,10.420742,0.098,0.167,0.05251
OPBK,Unknown,0.082374826,2026-09-21,0.09273340142975295,0.007654998182063874,10.420742,0.098,0.167,0.05251
QGRD,Unknown,0.082335874,2026-09-21,0.1517251679353424,0.007757233052072127,10.420742,0.098,0.167,0.05251
TMYY,Unknown,0.08208132,2026-09-21,0.031088115865008925,0.008212245376665851,10.420742,0.098,0.167,0.05251
BANR,Financial Services,0.08190921,2026-09-21,0.06757800655990875,0.010595552973365523,10.4300995,0.069,0.092,0.10782
AIMS,Unknown,0.08183508,2026-09-21,0.031088115865008925,0.006881367130587723,10.420742,0.098,0.167,0.05251
INLF,Unknown,0.08162012,2026-09-21,-0.999002854454315,0.04037668390639109,10.420742,0.098,0.167,0.05251
INRO,Unknown,0.08159257,2026-09-21,0.1944542195959773,0.00757171533895888,10.420742,0.098,0.167,0.05251
RCON,Unknown,0.08154898,2026-09-21,-0.9968627451681623,0.07158885495425747,10.420742,0.098,0.167,0.05251
PID,Unknown,0.08144826,2026-09-21,0.05805255749555949,0.007209151109203452,10.420742,0.098,0.167,0.05251
WABC,Unknown,0.08136669,2026-09-21,0.24022798918304789,0.008287118267950094,10.420742,0.098,0.167,0.05251
VNQI,Unknown,0.08087411,2026-09-21,-0.04518850449441536,0.007023941268863255,10.420742,0.098,0.167,0.05251
OTTR,Unknown,0.08084117,2026-09-21,0.08218397939868582,0.009183955036071756,10.420742,0.098,0.167,0.05251
IEUS,Unknown,0.080762796,2026-09-21,0.09728913789365445,0.007996032884489244,10.420742,0.098,0.167,0.05251
SUSL,Unknown,0.08069766,2026-09-21,0.20192293577002185,0.008360804741037422,10.420742,0.098,0.167,0.05251
DEMZ,Unknown,0.08065333,2026-09-21,0.17933250666164358,0.008242308177641797,10.420742,0.098,0.167,0.05251
SNA,Unknown,0.080591656,2026-09-21,0.1209488132263783,0.006482500409225925,10.420742,0.098,0.167,0.05251
UNTY,Unknown,0.08048546,2026-09-21,0.10339690811605706,0.010190090659248823,10.420742,0.098,0.167,0.05251
GD,Unknown,0.08011408,2026-09-21,0.11165535832335127,0.009659521135651725,10.420742,0.098,0.167,0.05251
DADS,Unknown,0.08007164,2026-09-21,0.012201601911451698,0.010292481698303572,10.420742,0.098,0.167,0.05251
FTXG,Unknown,0.079958595,2026-09-21,0.04340208069792184,0.00709313581637616,10.420742,0.098,0.167,0.05251
LOPE,Unknown,0.07985577,2026-09-21,-0.2749438017415168,0.009217221488130109,10.420742,0.098,0.167,0.05251
FE,Unknown,0.07985323,2026-09-21,0.07646104011792576,0.00771933670163847,10.420742,0.098,0.167,0.05251
SDG,Unknown,0.07984507,2026-09-21,0.10721047142529838,0.007560180673554088,10.420742,0.098,0.167,0.05251
ENZL,Unknown,0.079809934,2026-09-21,0.015589921969449971,0.010649627287241984,10.420742,0.098,0.167,0.05251
LEGR,Unknown,0.079789855,2026-09-21,0.20998369652065318,0.007638927971590737,10.420742,0.098,0.167,0.05251
ROCQ,Unknown,0.07961721,2026-09-21,0.031088115865008925,0.008322495177152762,10.420742,0.098,0.167,0.05251
AHD,Unknown,0.07945063,2026-09-21,0.031088115865008925,0.006746159614896018,10.420742,0.098,0.167,0.05251
CCD,Financial Services,0.07936151,2026-09-21,0.2477630253771077,0.010883701831374385,10.420742,0.098,0.167,0.05251
CWBC,Unknown,0.079185516,2026-09-21,0.22214241185420303,0.007631652158211599,10.420742,0.098,0.167,0.05251
MPB,Unknown,0.079161614,2026-09-21,0.1962678581769739,0.008200689428414999,10.420742,0.098,0.167,0.05251
IBCP,Unknown,0.07909332,2026-09-21,0.1645757987760077,0.009309136545681957,10.420742,0.098,0.167,0.05251
BEEZ,Unknown,0.0790671,2026-09-18,0.026308145107557523,0.007680986551904041,10.420742,0.098,0.167,0.05251
ABIG,Unknown,0.078943774,2026-09-21,0.12599116268569133,0.007730431564975028,10.420742,0.098,0.167,0.05251
HERD,Unknown,0.078733765,2026-09-21,0.22593211962104998,0.006754819143776657,10.420742,0.098,0.167,0.05251
BSVO,Unknown,0.07861605,2026-09-21,0.2559843790293641,0.006854379593817052,10.420742,0.098,0.167,0.05251
OZKAP,Unknown,0.078525595,2026-09-21,-0.06275322695940111,0.006474712313651709,10.420742,0.098,0.167,0.05251
ADAMZ,Real Estate,0.07845926,2026-09-21,0.01612393116075994,0.009092098439110389,10.420742,1.298,0.167,0.16438
STRF,Unknown,0.07798828,2026-09-21,0.023300807429346815,0.00620270456608609,10.420742,0.098,0.167,0.05251
SLP,Healthcare,0.077691905,2026-09-21,0.161727593689033,0.0007041188393240919,20.878187,0.075,0.167,0.061680004
TTEK,Unknown,0.07763529,2026-09-21,-0.0066933125938276605,0.008801774563658755,10.420742,0.098,0.167,0.05251
NMIH,Unknown,0.07762749,2026-09-21,0.08885504072690553,0.007878564423703537,10.420742,0.098,0.167,0.05251
ODTE,Unknown,0.07756384,2026-09-21,0.031088115865008925,0.006671924803204966,10.420742,0.098,0.167,0.05251
FDIV,Unknown,0.07751464,2026-09-21,0.02757269057381606,0.006482362246935704,10.420742,0.098,0.167,0.05251
FAAR,Unknown,0.0774941,2026-09-21,0.18980364669404914,0.007193294005819014,10.420742,0.098,0.167,0.05251
CBFV,Financial Services,0.07745668,2026-09-21,0.12397512017472545,0.007716835632372439,11.010913,0.15,0.081,0.046469998
REGCO,Unknown,0.07727798,2026-09-18,-0.017341916611497643,0.011473404302616457,10.420742,0.098,0.167,0.05251
KIQQ,Unknown,0.07724957,2026-09-21,0.031088115865008925,0.007726036130195924,10.420742,0.098,0.167,0.05251
HFSP,Unknown,0.07717689,2026-09-18,-0.24873952040173786,0.006944298414832878,10.420742,0.098,0.167,0.05251
CHSN,Consumer Cyclical,0.07712416,2026-09-21,-0.9963368057376809,0.025266387816400632,10.420742,-0.103,-0.958,0.00503
DYNCU,Unknown,0.07709128,2026-09-18,-0.08007269976364673,0.007314046528215864,10.420742,0.098,0.167,0.05251
PHO,Unknown,0.077053934,2026-09-21,-0.04395867867581149,0.006885432399756807,10.420742,0.098,0.167,0.05251
STNC,Unknown,0.07696204,2026-09-18,0.11773321091502154,0.0073766657364469764,10.420742,0.098,0.167,0.05251
FYT,Unknown,0.07695616,2026-09-21,0.22698754700342816,0.006229238261279725,10.420742,0.098,0.167,0.05251
PECO,Unknown,0.07676685,2026-09-21,0.07767409724880059,0.006663233214520621,10.420742,0.098,0.167,0.05251
MNZL,Unknown,0.07675088,2026-09-21,0.031088115865008925,0.007515826430702345,10.420742,0.098,0.167,0.05251
BDYN,Unknown,0.076685034,2026-09-21,0.14541159178435858,0.007607349895491577,10.420742,0.098,0.167,0.05251
SXTC,Unknown,0.07663385,2026-09-21,-0.9998951754339954,0.10277341753653034,10.420742,0.098,0.167,0.05251
TSYX,Unknown,0.07642677,2026-09-21,0.031088115865008925,0.009100332096039302,10.420742,0.098,0.167,0.05251
KBWY,Unknown,0.07605404,2026-09-21,0.13136833543041515,0.006858920485488929,10.420742,0.098,0.167,0.05251
SLRC,Financial Services,0.07583395,2026-09-21,-0.16952958830881482,0.009091837043694434,9.120183,-0.094,-0.659,0.07473
EMEM,Unknown,0.07575467,2026-09-18,0.031088115865008925,0.0115673688507354,10.420742,0.098,0.167,0.05251
ATAI,Healthcare,0.07569288,2026-09-11,0.031088115865008925,0.006611309599530581,-15.313776,1.37,0.167,-4.17207
PKW,Unknown,0.07543347,2026-09-21,0.13244154679919595,0.0074126254859183975,10.420742,0.098,0.167,0.05251
EASY,Unknown,0.075339556,2026-09-21,0.031088115865008925,0.007191111859204169,10.420742,0.098,0.167,0.05251
REAI,Unknown,0.07508906,2026-09-18,0.04875522069989202,0.00679083190349547,10.420742,0.098,0.167,0.05251
TXUE,Unknown,0.07502456,2026-09-21,0.1905526350159683,0.006868828144135262,10.420742,0.098,0.167,0.05251
CVBF,Unknown,0.07494189,2026-09-21,0.1629917569271193,0.009237455229401796,10.420742,0.098,0.167,0.05251
BBB,Unknown,0.07485432,2026-09-18,0.0409277848666294,0.010422304638209635,10.420742,0.098,0.167,0.05251
TSYY,Unknown,0.07475253,2026-09-21,-0.195960708555054,0.0070846273562224565,10.420742,0.098,0.167,0.05251
FSGS,Unknown,0.07473784,2026-09-21,0.023762359503388453,0.006888478655881733,10.420742,0.098,0.167,0.05251
QQA,Unknown,0.07449817,2026-09-21,0.20430187488280227,0.007376636701447175,10.420742,0.098,0.167,0.05251
BRNY,Unknown,0.07449362,2026-09-21,0.22269209013857427,0.008822530707902844,10.420742,0.098,0.167,0.05251
WIMA,Unknown,0.07442735,2026-09-21,0.031088115865008925,0.007450052504082849,10.420742,0.098,0.167,0.05251
ESGD,Unknown,0.07430116,2026-09-21,0.17285753251577507,0.007320861887640149,10.420742,0.098,0.167,0.05251
BFST,Financial Services,0.07426823,2026-09-21,0.2816299901040644,0.008838079413996211,9.38791,0.127,0.0,0.100109994
MDLZ,Unknown,0.07424846,2026-09-21,-0.010496582714765501,0.00972986089069089,10.420742,0.098,0.167,0.05251
CHGX,Unknown,0.07423517,2026-09-21,0.23227663055224657,0.008042172488743076,-302.9091,0.098,0.167,0.05251
AIG,Financial Services,0.07416653,2026-09-21,-0.018437104430974238,0.009137621264954945,8.501668,0.005,-0.101,0.0722
HIS,Unknown,0.073823,2026-09-21,0.031088115865008925,0.007141760323380647,10.420742,0.098,0.167,0.05251
FTA,Unknown,0.073768,2026-09-21,0.21187078501193124,0.006291951302750085,10.420742,0.098,0.167,0.05251
QEW,Unknown,0.07365237,2026-09-21,0.031088115865008925,0.00910014236369149,10.420742,0.098,0.167,0.05251
SMTI,Unknown,0.073176764,2026-09-21,0.014722925670225928,0.0038878779861258425,10.420742,0.098,0.167,0.05251
IJT,Unknown,0.07317098,2026-09-21,0.15285656239216694,0.006703673092968697,10.420742,0.098,0.167,0.05251
OTGL,Unknown,0.073006615,2026-09-18,0.1597450763326156,0.008509140829347943,10.420742,0.098,0.167,0.05251
L,Unknown,0.0729382,2026-09-21,0.10879013751662825,0.006838001954094033,10.420742,0.098,0.167,0.05251
FTAG,Unknown,0.072937556,2026-09-21,0.14942162403591852,0.009135056749124466,10.420742,0.098,0.167,0.05251
FBLA,Unknown,0.07274837,2026-09-21,0.3401976933808326,0.006128023434030802,10.420742,0.098,0.167,0.05251
FRBA,Unknown,0.07271052,2026-09-21,0.06958472762096624,0.008313366632668157,10.420742,0.098,0.167,0.05251
YHNAU,Unknown,0.07270361,2026-09-18,0.04401914320985245,0.009289487328788114,10.420742,0.098,0.167,0.05251
FSBW,Unknown,0.0723483,2026-09-21,0.06960749552064938,0.009674875927830366,10.420742,0.098,0.167,0.05251
PNW,Unknown,0.072253704,2026-09-21,0.12871458729884067,0.006356546615067425,10.420742,0.098,0.167,0.05251
AGNC,Real Estate,0.072179146,2026-09-21,0.13368808657484088,0.010102292073481511,6.6677103,0.098,0.167,0.19799
BACCU,Financial Services,0.072105795,2026-09-18,0.07715140584899505,0.006982868249653798,10.420742,0.098,0.33,0.05251
SCZ,Unknown,0.07206804,2026-09-21,0.15242145299442256,0.0073343475163334115,10.420742,0.098,0.167,0.05251
HCOW,Unknown,0.0718758,2026-09-21,0.12300652908834064,0.007624668341378555,10.420742,0.098,0.167,0.05251
DSGR,Unknown,0.07180632,2026-09-21,0.10682545011005695,0.0012271091839396251,10.420742,0.098,0.167,0.05251
GABC,Unknown,0.071687415,2026-09-21,0.2216383518378533,0.007294588411986333,10.420742,0.098,0.167,0.05251
GTPE,Unknown,0.07168702,2026-09-21,0.031088115865008925,0.007692797720916226,10.420742,0.098,0.167,0.05251
KAT,Unknown,0.071585685,2026-09-21,0.048877232601789444,0.007129515361433202,10.420742,0.098,0.167,0.05251
RTH,Unknown,0.07157338,2026-09-21,0.025993189849146114,0.009373294714094541,10.420742,0.098,0.167,0.05251
WAMA,Unknown,0.07154481,2026-09-21,0.031088115865008925,0.007291927837422566,10.420742,0.098,0.167,0.05251
GIEQ,Unknown,0.07154019,2026-09-21,0.031088115865008925,0.007106319157850926,10.420742,0.098,0.167,0.05251
HWSM,Unknown,0.071507275,2026-09-18,0.15897970713583764,0.006857607864812043,10.420742,0.098,0.167,0.05251
CCEC,Industrials,0.07149554,2026-09-21,0.07217575808165888,0.00830261704677662,7.7328644,0.085,-0.06,0.06587
PG,Unknown,0.07110328,2026-09-21,-0.040542258131540665,0.008994016096904252,10.420742,0.098,0.167,0.05251
ORR,Unknown,0.070997976,2026-09-21,0.20674496314190516,0.006809656968900301,10.420742,0.098,0.167,0.05251
BRES,Unknown,0.07098163,2026-09-21,0.031088115865008925,0.008195978657342035,10.420742,0.098,0.167,0.05251
RINT,Unknown,0.07083852,2026-09-21,0.1763016651208349,0.007159047438954557,10.420742,0.098,0.167,0.05251
VOTE,Unknown,0.07063443,2026-09-21,0.1837004341409818,0.006956347539546715,10.420742,0.098,0.167,0.05251
BLRKU,Financial Services,0.070384555,2026-09-18,0.031088115865008925,0.00799718621520879,10.420742,0.098,0.167,0.05251
YHNA,Unknown,0.07036883,2026-09-18,0.05539636188286812,0.008007540081972814,10.420742,0.098,0.167,0.05251
PFI,Unknown,0.07031373,2026-09-21,0.036816634210243615,0.008992519328640676,10.420742,0.098,0.167,0.05251
UNB,Unknown,0.07029217,2026-09-21,-0.022004100429816598,0.006834641407034666,10.420742,0.098,0.167,0.05251
ARCC,Financial Services,0.07018423,2026-09-21,0.008164046154809146,0.007131534539738612,10.103492,0.031,-0.541,0.06876
HCHL,Unknown,0.070141084,2026-09-18,0.24528300472181241,2.2101167623925164e-09,10.420742,0.098,0.167,0.05251
NSI,Unknown,0.0701318,2026-09-18,0.1933401076507364,0.00941464614327295,10.420742,0.098,0.167,0.05251
SIGIP,Unknown,0.07006819,2026-09-21,-0.11555571136329068,0.00791635809124636,10.420742,0.098,0.167,0.05251
WDGF,Unknown,0.0699655,2026-09-18,-0.0003938749413010534,0.008507483286746227,10.420742,0.098,0.167,0.05251
FEUZ,Unknown,0.06990875,2026-09-21,0.17612488487015554,0.006773208504995902,10.420742,0.098,0.167,0.05251
RGLO,Unknown,0.06959509,2026-09-21,0.19964980411052702,0.007095792239652043,10.420742,0.098,0.167,0.05251
CGO,Financial Services,0.06958345,2026-09-21,0.1509661234102908,0.012531426939866848,10.420742,-0.273,0.167,0.35322
FNX,Unknown,0.06932678,2026-09-21,0.1104085261729606,0.006316618964767678,10.420742,0.098,0.167,0.05251
CHW,Financial Services,0.06911749,2026-09-21,0.20126976573444577,0.010790856173270335,8.092234,-0.236,0.167,0.34390998
JEPQ,Unknown,0.06902475,2026-09-21,0.2009165118290066,0.006898615758643903,10.420742,0.098,0.167,0.05251
FTCS,Unknown,0.068881534,2026-09-21,0.055767949037125675,0.0065036652219459656,10.420742,0.098,0.167,0.05251
AMID,Unknown,0.068708204,2026-09-21,0.05308324066791781,0.009838312027392953,10.420742,0.098,0.167,0.05251
RUNN,Unknown,0.06868702,2026-09-21,-0.025705055924860054,0.008741914645733062,10.420742,0.098,0.167,0.05251
KNGZ,Unknown,0.0684446,2026-09-21,0.19685542428107827,0.007571185155621151,10.420742,0.098,0.167,0.05251
BHFAM,Financial Services,0.067993216,2026-09-21,-0.08511502297177631,0.014392501709562579,10.420742,0.867,15.206,0.13535
QSML,Unknown,0.06780364,2026-09-21,0.15093931182128206,0.007532459890978271,10.420742,0.098,0.167,0.05251
TXUG,Unknown,0.0675691,2026-09-18,0.04022723838842546,0.009748682401273565,10.420742,0.098,0.167,0.05251
TSPY,Unknown,0.06735999,2026-09-21,0.16829635326721992,0.0067153090047883356,10.420742,0.098,0.167,0.05251
DUKX,Unknown,0.0673426,2026-09-21,0.15916640306111574,0.007408133268720844,10.420742,0.098,0.167,0.05251
LDRX,Unknown,0.0673096,2026-09-21,0.18352409897491628,0.007590183125748326,10.420742,0.098,0.167,0.05251
STRC,Unknown,0.06729641,2026-09-21,0.1402320623023776,0.0057758933092585734,10.420742,0.098,0.167,0.05251
SIMAU,Unknown,0.06708203,2026-09-18,0.0714285714285714,0.006546578686436473,10.420742,0.098,0.167,0.05251
QABA,Unknown,0.06703763,2026-09-21,0.16033384010796348,0.008247795487932318,10.420742,0.098,0.167,0.05251
PSL,Unknown,0.066922545,2026-09-21,-0.007776878379814778,0.007612104056900601,10.420742,0.098,0.167,0.05251
LGCL,Unknown,0.06688834,2026-09-21,-0.9963743622671037,0.1065517480754264,10.420742,0.098,0.167,0.05251
FEX,Unknown,0.06682391,2026-09-21,0.1714609731571417,0.006221274942060337,10.420742,0.098,0.167,0.05251
INMD,Unknown,0.06679886,2026-09-21,-0.04515493844242924,0.007228861793467221,10.420742,0.098,0.167,0.05251
NZAC,Unknown,0.06678985,2026-09-21,0.1493937040963771,0.008193213574333613,10.420742,0.098,0.167,0.05251
GSAT,Unknown,0.06677135,2026-09-21,1.402343698691027,0.004105284527647353,10.420742,0.098,0.167,0.05251
LBGJ,Unknown,0.06667117,2026-09-21,-0.9999264925362459,0.08048155527941593,10.420742,0.098,0.167,0.05251
PRMR,Unknown,0.0666693,2026-09-21,0.031088115865008925,0.006979793170119392,10.420742,0.098,0.167,0.05251
EXUS,Unknown,0.06644622,2026-09-21,0.08662372287553577,0.008963125770734461,10.420742,0.098,0.167,0.05251
SEIE,Unknown,0.06610191,2026-09-21,0.23165803440651644,0.0070242246452751145,10.420742,0.098,0.167,0.05251
PIO,Unknown,0.06609119,2026-09-21,-0.028820367356659715,0.006117965360010597,10.420742,0.098,0.167,0.05251
DGLO,Unknown,0.065906376,2026-09-21,0.12339594984454805,0.006643340848827152,10.420742,0.098,0.167,0.05251
QQWZ,Unknown,0.06590202,2026-09-21,0.16726040515907603,0.007833150078206804,10.420742,0.098,0.167,0.05251
LGCF,Unknown,0.06583731,2026-09-21,0.1557727371125317,0.00653500565280227,10.420742,0.098,0.167,0.05251
PEY,Unknown,0.06573446,2026-09-21,0.16295449603999246,0.006389503773746713,10.420742,0.098,0.167,0.05251
VONE,Unknown,0.0657268,2026-09-21,0.17628789874306183,0.0069300686145235945,10.420742,0.098,0.167,0.05251
CHRI,Unknown,0.065703504,2026-09-21,0.031088115865008925,0.007068094813685671,10.420742,0.098,0.167,0.05251
LDEM,Unknown,0.06560164,2026-09-21,0.0869135450873808,0.009859412002592684,10.420742,0.098,0.167,0.05251
ABCS,Unknown,0.065523066,2026-09-21,0.14977164614630745,0.007081098402372455,10.420742,0.098,0.167,0.05251
IMCV,Unknown,0.0652693,2026-09-21,0.20793110929143133,0.006066704892320523,10.420742,0.098,0.167,0.05251
ACWI,Unknown,0.06489293,2026-09-21,0.19564875300741558,0.007383290505811874,10.420742,0.098,0.167,0.05251
BFLX,Unknown,0.06488398,2026-09-21,0.031088115865008925,0.006921097567273507,10.420742,0.098,0.167,0.05251
NTWO,Unknown,0.06477046,2026-09-21,0.05947773327297701,0.006455672809720332,10.420742,0.098,0.167,0.05251
VGSR,Unknown,0.06452211,2026-09-21,0.05586823817705966,0.006446189497733654,10.420742,0.098,0.167,0.05251
BASV,Unknown,0.06436942,2026-09-21,0.15124292399161776,0.007972544717590136,10.420742,0.098,0.167,0.05251
JPFP,Unknown,0.06421726,2026-09-21,0.031088115865008925,0.00774122916349119,10.420742,0.098,0.167,0.05251
WAFDP,Unknown,0.063860394,2026-09-21,0.029792607307542296,0.006782506543147571,10.420742,0.098,0.167,0.05251
VEFA,Unknown,0.0637965,2026-09-18,0.031088115865008925,0.006790605895725442,10.420742,0.098,0.167,0.05251
FGSI,Unknown,0.06356713,2026-09-21,0.06354978117498034,0.006591248977603755,10.420742,0.098,0.167,0.05251
TAVIU,Unknown,0.06321764,2026-09-18,0.03448281846945678,0.00739063211050842,10.420742,0.098,0.167,0.05251
IGF,Unknown,0.06296559,2026-09-21,0.0810344420432707,0.006058198595847531,10.420742,0.098,0.167,0.05251
FICS,Unknown,0.06268814,2026-09-21,0.09402673870337774,0.00695528877375927,10.420742,0.098,0.167,0.05251
IVSX,Unknown,0.062642224,2026-09-18,0.031088115865008925,0.007878829751521559,10.420742,0.098,0.167,0.05251
IND,Unknown,0.062476568,2026-09-18,0.031088115865008925,0.007737250186975689,10.420742,0.098,0.167,0.05251
BHFAN,Financial Services,0.062309247,2026-09-21,-0.03582965227200274,0.01445318627067264,10.420742,0.867,15.206,0.13535
ESGU,Unknown,0.062160056,2026-09-21,0.1846778685183723,0.007126742561262188,10.420742,0.098,0.167,0.05251
YOKE,Unknown,0.062003028,2026-09-21,0.14598207668341523,0.006410673597808189,10.420742,0.098,0.167,0.05251
EMIF,Unknown,0.061666448,2026-09-18,0.05864578285476174,0.006713916804771973,10.420742,0.098,0.167,0.05251
PSCF,Unknown,0.061639838,2026-09-21,0.08384046767946107,0.006697494105342053,10.420742,0.098,0.167,0.05251
FAB,Unknown,0.061416663,2026-09-21,0.18473523801306024,0.005894270745828138,10.420742,0.098,0.167,0.05251
JSM,Unknown,0.061409388,2026-09-21,-0.023729616539657217,0.007868046875238862,10.420742,0.098,0.167,0.05251
BAFE,Unknown,0.061359763,2026-09-21,0.09851303965836822,0.006907737163712452,10.420742,0.098,0.167,0.05251
TNXT,Unknown,0.061328072,2026-09-18,0.031088115865008925,0.008660546524877306,10.420742,0.098,0.167,0.05251
QCLR,Unknown,0.061201166,2026-09-21,-0.001629308715270117,0.006320495265448271,10.420742,0.098,0.167,0.05251
NOEM,Unknown,0.0610621,2026-09-18,0.03725491387713031,0.007132922925039301,10.420742,0.098,0.167,0.05251
SDVY,Unknown,0.06100436,2026-09-21,0.09773360548194776,0.006166462114023201,10.420742,0.098,0.167,0.05251
ATIIU,Financial Services,0.060935676,2026-09-18,0.0960232522623865,0.006752260610862676,10.420742,0.098,0.167,0.05251
SMCF,Unknown,0.060916886,2026-09-21,0.18717373930786252,0.006781736835365613,10.420742,0.098,0.167,0.05251
TEXX,Unknown,0.0608408,2026-09-18,0.031088115865008925,0.00812690457032249,10.420742,0.098,0.167,0.05251
AVUQ,Unknown,0.060276028,2026-09-21,0.16266905164929413,0.008508163640466861,10.420742,0.098,0.167,0.05251
RAUS,Unknown,0.060029343,2026-09-21,0.2000602659273485,0.006828338427969134,10.420742,0.098,0.167,0.05251
QQXT,Unknown,0.06002649,2026-09-21,0.006321810119125804,0.006345908814537182,10.420742,0.098,0.167,0.05251
COFS,Financial Services,0.06000016,2026-09-21,0.13314166583698905,0.008456447844456639,8.871657,-0.026,-0.078,0.11967
NEWZ,Unknown,0.059796657,2026-09-21,0.04139200320525749,0.007512412354191408,10.420742,0.098,0.167,0.05251
MNSBP,Unknown,0.05962146,2026-09-18,0.09437997444877166,0.007596532593195732,10.420742,0.098,0.167,0.05251
REGCP,Unknown,0.059462357,2026-09-21,0.019971193973100654,0.008325622391077923,10.420742,0.098,0.167,0.05251
WSML,Unknown,0.059314206,2026-09-21,0.17377804072077185,0.006434395151580624,10.420742,0.098,0.167,0.05251
USVM,Unknown,0.05922162,2026-09-21,0.1844437817974489,0.005640235125075893,10.420742,0.098,0.167,0.05251
RNEM,Unknown,0.058965903,2026-09-21,0.05512186495602078,0.006842791683942495,10.420742,0.098,0.167,0.05251
DVOL,Unknown,0.058935836,2026-09-21,0.03776469062617016,0.0069976659755089515,10.420742,0.098,0.167,0.05251
QQQH,Unknown,0.058911715,2026-09-21,0.1246122737641071,0.006760016660468043,10.420742,0.098,0.167,0.05251
PDBA,Unknown,0.058699563,2026-09-21,0.09446396645986121,0.00851401250908106,10.420742,0.098,0.167,0.05251
VONV,Unknown,0.058606166,2026-09-21,0.26994638967158235,0.005684544188827857,10.420742,0.098,0.167,0.05251
ACWX,Unknown,0.058477405,2026-09-21,0.22788811331132242,0.008442312607361025,10.420742,0.098,0.167,0.05251
HYNE,Unknown,0.05828648,2026-09-21,0.031088115865008925,0.007285367762538462,10.420742,0.098,0.167,0.05251
SPFI,Unknown,0.058156744,2026-09-21,0.10225343262621589,0.008616728630139575,10.420742,0.098,0.167,0.05251
IPKW,Unknown,0.05796567,2026-09-21,0.19098950186746588,0.007262552971246839,10.420742,0.098,0.167,0.05251
VTHR,Unknown,0.057760455,2026-09-21,0.1771785080960815,0.007049870548066499,10.420742,0.098,0.167,0.05251
AAEQ,Unknown,0.05755808,2026-09-21,0.031088115865008925,0.006556932967858943,10.420742,0.098,0.167,0.05251
CATH,Unknown,0.057336275,2026-09-21,0.15135379406850524,0.00704925385594773,10.420742,0.098,0.167,0.05251
TAX,Unknown,0.056846704,2026-09-18,0.10045834042487467,0.0076471682217924,10.420742,0.098,0.167,0.05251
CDIG,Unknown,0.056610644,2026-09-21,0.019935013173873584,0.008896653392352311,10.420742,0.098,0.167,0.05251
SMCO,Unknown,0.05653862,2026-09-21,0.04711745628863606,0.005672949480784815,10.420742,0.098,0.167,0.05251
SVIVU,Unknown,0.056405056,2026-09-18,0.031088115865008925,0.006365468743959117,10.420742,0.098,0.167,0.05251
PABD,Unknown,0.056327913,2026-09-18,0.13396347340897297,0.008175259127721735,10.420742,0.098,0.167,0.05251
IUS,Unknown,0.056058582,2026-09-21,0.27276742514472696,0.005547299270416059,10.420742,0.098,0.167,0.05251
BAIV,Unknown,0.05580708,2026-09-21,0.031088115865008925,0.0075587264318737035,10.420742,0.098,0.167,0.05251
OFSSH,Unknown,0.055700343,2026-09-18,0.06338280875189706,0.006849052126326788,10.420742,0.098,0.167,0.05251
LIEN,Unknown,0.055513177,2026-09-21,0.058077844867772344,0.006551145303681337,10.420742,0.098,0.167,0.05251
RIFR,Unknown,0.05519103,2026-09-21,0.09940027831553122,0.005721812801453516,10.420742,0.098,0.167,0.05251
GINX,Unknown,0.055126604,2026-09-21,0.2690840433817143,0.005936038755877206,10.420742,0.098,0.167,0.05251
USMC,Unknown,0.05509605,2026-09-21,0.15305527474437497,0.006976050439769302,10.420742,0.098,0.167,0.05251
SQS,Unknown,0.054828238,2026-09-21,0.031088115865008925,0.007407918102523324,10.420742,0.098,0.167,0.05251
FULTP,Unknown,0.054593258,2026-09-21,-0.08061755920713898,0.006023837050510914,10.420742,0.098,0.167,0.05251
ACEP,Unknown,0.054192152,2026-09-21,0.031088115865008925,0.006585829984842654,10.420742,0.098,0.167,0.05251
DVY,Unknown,0.05415845,2026-09-21,0.16187192292256802,0.005947957116747139,10.420742,0.098,0.167,0.05251
MODL,Unknown,0.05411688,2026-09-21,0.16293993656790695,0.006959954631600762,10.420742,0.098,0.167,0.05251
REIT,Unknown,0.053919278,2026-09-21,0.12848807601324697,0.005842392949660788,10.420742,0.098,0.167,0.05251
MCDS,Unknown,0.05389401,2026-09-18,0.1510386040851439,0.006449646558136042,10.420742,0.098,0.167,0.05251
CISS,Industrials,0.05385205,2026-09-21,-0.9999027355644841,0.0853176777326106,10.420742,1.239,0.167,0.22274
DGRS,Unknown,0.053563427,2026-09-21,0.1361421381982877,0.006024524811445287,10.420742,0.098,0.167,0.05251
GLOW,Unknown,0.053530287,2026-09-21,0.18499010116320025,0.00698094252533046,10.420742,0.098,0.167,0.05251
BHFAP,Financial Services,0.053357743,2026-09-21,-0.03379789596037108,0.011823692251244942,10.420742,0.867,15.206,0.13535
PEPS,Unknown,0.05327894,2026-09-18,0.18423016740487252,0.00693144273628549,10.420742,0.098,0.167,0.05251
TBLD,Unknown,0.053267132,2026-09-21,0.10384047878821234,0.005460199044996518,10.420742,0.098,0.167,0.05251
IFGL,Unknown,0.053037453,2026-09-21,-0.04805880698756726,0.005540082313693673,10.420742,0.098,0.167,0.05251
QQLV,Unknown,0.053022664,2026-09-21,0.011084254653401127,0.005959679704886282,10.420742,0.098,0.167,0.05251
ACGLN,Financial Services,0.05292681,2026-09-21,-0.09707395276672559,0.007117906676258417,10.420742,-0.105,-0.071,0.19936001
NATH,Unknown,0.052764796,2026-09-21,-0.05265053498020311,0.0060621216644352795,10.420742,0.098,0.167,0.05251
DIVD,Unknown,0.05255127,2026-09-21,0.22842947790995427,0.005657920778523457,10.420742,0.098,0.167,0.05251
MSBIP,Unknown,0.052484304,2026-09-21,0.14081415016415244,0.007311295961068669,10.420742,0.098,0.167,0.05251
FTDS,Unknown,0.052048083,2026-09-21,0.1690101394957748,0.005677464480511514,10.420742,0.098,0.167,0.05251
EHLS,Unknown,0.05186299,2026-09-21,0.11625899342367307,0.006300427718233979,10.420742,0.098,0.167,0.05251
CPZ,Financial Services,0.051843487,2026-09-21,-0.12170048724771998,0.006095201862591061,10.420742,0.098,0.167,0.05251
FSZ,Unknown,0.05179001,2026-09-18,0.013239479697296774,0.006621468173826109,10.420742,0.098,0.167,0.05251
XMAG,Unknown,0.05169319,2026-09-21,0.1736154113184667,0.006489936956284226,10.420742,0.098,0.167,0.05251
GUSE,Unknown,0.051683467,2026-09-21,0.031088115865008925,0.007142822871137177,10.420742,0.098,0.167,0.05251
RCGE,Unknown,0.05141336,2026-09-18,0.08457493605911348,0.006954463769912842,10.420742,0.098,0.167,0.05251
NFRX,Unknown,0.051009446,2026-09-21,0.031088115865008925,0.005469096977065279,10.420742,0.098,0.167,0.05251
MKTX,Unknown,0.05077792,2026-09-21,-0.07167021135357998,0.001076457665460058,10.420742,0.098,0.167,0.05251
SRET,Unknown,0.050564624,2026-09-21,0.0462387566778506,0.005632030284622931,10.420742,0.098,0.167,0.05251
INDH,Unknown,0.050482232,2026-09-18,-0.08180637822483972,0.006160397155735625,10.420742,0.098,0.167,0.05251
WTIP,Unknown,0.050468907,2026-09-21,0.2572764948660755,0.005358398355843889,10.420742,0.098,0.167,0.05251
IVAL,Unknown,0.049687006,2026-09-21,0.2378040573218645,0.0059216334532748065,10.420742,0.098,0.167,0.05251
VSDA,Unknown,0.049617775,2026-09-21,0.09716907759656657,0.005718350088799887,10.420742,0.098,0.167,0.05251
JGLO,Unknown,0.049391955,2026-09-21,0.09994540211940617,0.007327963187413821,10.420742,0.098,0.167,0.05251
CEFA,Unknown,0.04901685,2026-09-21,0.1669299650850098,0.00794210937348258,10.420742,0.098,0.167,0.05251
BANX,Financial Services,0.048923068,2026-09-21,0.08069695127389531,0.007356597449613653,9.325992,-0.002,-0.581,0.07437
WOOD,Unknown,0.048872728,2026-09-21,-0.025273651910974193,0.00607165843656657,10.420742,0.098,0.167,0.05251
TAOZ,Unknown,0.04848036,2026-09-18,0.031088115865008925,0.006717262970883658,10.420742,0.098,0.167,0.05251
BHFAO,Financial Services,0.048456907,2026-09-21,-0.02324695995699655,0.012363711815040144,10.420742,0.867,15.206,0.13535
EFAS,Unknown,0.048210446,2026-09-21,0.2569169119106096,0.005684924573681196,10.420742,0.098,0.167,0.05251
DVGR,Unknown,0.048021924,2026-09-18,0.031088115865008925,0.006670312127416756,10.420742,0.098,0.167,0.05251
BEEX,Unknown,0.047941178,2026-09-21,0.0778634702837051,0.007010160553481229,10.420742,0.098,0.167,0.05251
AAVM,Unknown,0.04770819,2026-09-21,0.21093148983609988,0.006566599518260993,10.420742,0.098,0.167,0.05251
ENHI,Unknown,0.047655985,2026-09-18,0.031088115865008925,0.007297681136089757,10.420742,0.098,0.167,0.05251
CANQ,Unknown,0.047570165,2026-09-21,0.04580674677450869,0.0064410910200362135,10.420742,0.098,0.167,0.05251
DWUS,Unknown,0.047305137,2026-09-21,0.09984671431384662,0.006055906621253138,10.420742,0.098,0.167,0.05251
NTWOU,Unknown,0.047304813,2026-09-18,0.11489651811309498,0.0044909626176571505,10.420742,0.098,0.167,0.05251
JPEF,Unknown,0.047298703,2026-09-21,0.12119212435939719,0.006628508301521707,10.420742,0.098,0.167,0.05251
TLT,Unknown,0.04721627,2026-09-21,-0.04112989872224171,0.005656613093420324,10.420742,0.098,0.167,0.05251
ULVM,Unknown,0.04703352,2026-09-21,0.20095595173647718,0.005631222232441984,10.420742,0.098,0.167,0.05251
DDIV,Unknown,0.04697277,2026-09-21,0.1617496783844925,0.007234385705512464,10.420742,0.098,0.167,0.05251
LANDO,Unknown,0.046850033,2026-09-21,0.06741809923385023,0.005189394982234281,10.420742,0.098,0.167,0.05251
GPIX,Unknown,0.046702523,2026-09-21,0.18487174116509664,0.005897882704886549,10.420742,0.098,0.167,0.05251
IVSI,Unknown,0.04652452,2026-09-18,0.031088115865008925,0.0072115758403019405,10.420742,0.098,0.167,0.05251
UCFI,Unknown,0.0465138,2026-09-18,-0.4587426263552854,0.0,10.420742,0.098,0.167,0.05251
RTACU,Unknown,0.046452604,2026-09-21,-0.05628850921411277,0.005651906102557804,10.420742,0.098,0.167,0.05251
ACGLO,Financial Services,0.046373513,2026-09-21,-0.08187315708588416,0.006655765457239612,10.420742,-0.105,-0.071,0.19936001
LAFAR,Unknown,0.04600721,2026-09-18,0.031088115865008925,0.0,10.420742,0.098,0.167,0.05251
CHY,Financial Services,0.045982625,2026-09-21,0.2461007874479184,0.011724999010088204,10.420742,-0.449,0.167,0.36298
BHAV,Financial Services,0.045876406,2026-09-18,0.031088115865008925,0.0007861589480063835,10.420742,0.098,0.167,0.05251
WSBK,Unknown,0.045584034,2026-09-21,0.36403154072008626,0.0027058278425330963,10.420742,0.098,0.167,0.05251
FNK,Unknown,0.045575727,2026-09-21,0.11420791451890477,0.00601555568938786,10.420742,0.098,0.167,0.05251
CFA,Unknown,0.04546171,2026-09-21,0.09469655393740517,0.005634837608506165,10.420742,0.098,0.167,0.05251
AADR,Unknown,0.045272287,2026-09-21,0.0059154453857963585,0.007724288613809765,10.420742,0.098,0.167,0.05251
RWIN,Unknown,0.04525642,2026-09-18,0.031088115865008925,0.006852403922863577,10.420742,0.098,0.167,0.05251
QSEAU,Unknown,0.0451614,2026-09-18,0.05576922547887753,0.005637135787905098,10.420742,0.098,0.167,0.05251
PSTR,Unknown,0.04509503,2026-09-21,0.179875296375144,0.005910786076595202,10.420742,0.098,0.167,0.05251
CAPN,Financial Services,0.045084674,2026-09-21,0.06889954834166079,0.0036526263231225916,10.420742,0.098,-0.469,0.05251
IBGK,Unknown,0.044976845,2026-09-21,-0.0405255108385244,0.005440688586046824,10.420742,0.098,0.167,0.05251
AACOU,Financial Services,0.044372153,2026-09-18,0.031088115865008925,0.005901784902196723,10.420742,0.098,0.167,0.05251
FULC,Unknown,0.0443647,2026-09-21,-0.4973474826223211,0.005262080058340629,10.420742,0.098,0.167,0.05251
EFRA,Unknown,0.044307314,2026-09-21,0.06176585132029455,0.0060363975897926875,10.420742,0.098,0.167,0.05251
PQJL,Unknown,0.044239387,2026-09-21,0.11733779027819424,0.005945804894969194,10.420742,0.098,0.167,0.05251
QQHG,Unknown,0.04404934,2026-09-21,0.15992363496718376,0.006493927198934573,10.420742,0.098,0.167,0.05251
AEAQU,Financial Services,0.044014238,2026-09-18,0.031088115865008925,0.005878312444189245,10.420742,0.098,0.167,0.05251
PY,Unknown,0.043835334,2026-09-21,0.12144449645857458,0.006058823895819446,10.420742,0.098,0.167,0.05251
PAYO,Unknown,0.0436629,2026-09-21,0.07228916095257998,0.0031990061609621285,10.420742,0.098,0.167,0.05251
CEPS,Financial Services,0.043257374,2026-09-21,0.031088115865008925,0.0022880996976247284,10.420742,0.098,0.167,0.05251
PROV,Unknown,0.04300735,2026-09-21,0.22792059607446014,0.00530537161065914,10.420742,0.098,0.167,0.05251
VGLT,Unknown,0.042903095,2026-09-21,-0.03361462034131146,0.005413929712002088,10.420742,0.098,0.167,0.05251
IBGM,Unknown,0.04289891,2026-09-21,0.031088115865008925,0.00538572978365239,10.420742,0.098,0.167,0.05251
KEAT,Unknown,0.042878605,2026-09-21,0.19360150476936555,0.005036352882749686,10.420742,0.098,0.167,0.05251
IBGL,Unknown,0.042816397,2026-09-21,-0.04080660045560436,0.005395472454346802,10.420742,0.098,0.167,0.05251
IVSS,Unknown,0.042716816,2026-09-21,0.031088115865008925,0.006185796831218231,10.420742,0.098,0.167,0.05251
RDACU,Unknown,0.04265645,2026-09-18,-0.06572768397542328,0.0,10.420742,0.098,0.167,0.05251
GKAT,Unknown,0.042527933,2026-09-18,0.13823136536113534,0.006627656597112675,10.420742,0.098,0.167,0.05251
ERET,Unknown,0.042505752,2026-09-21,0.04688829529923866,0.005616175606555841,10.420742,0.098,0.167,0.05251
WSGE,Unknown,0.042495877,2026-09-21,0.031088115865008925,0.006515514852895318,10.420742,0.098,0.167,0.05251
APACU,Financial Services,0.04239418,2026-09-18,0.031088115865008925,0.0011124385880746071,10.420742,0.098,0.167,0.05251
MBVIU,Unknown,0.04233297,2026-09-18,0.024365974950092184,0.0014239840339172623,10.420742,0.098,0.167,0.05251
CUBWU,Unknown,0.042130284,2026-09-18,-0.11129025832423112,0.0006070718649097631,10.420742,0.098,0.167,0.05251
DRDBU,Unknown,0.042090297,2026-09-18,0.02095240638369611,0.0018931933866913402,10.420742,0.098,0.167,0.05251
CHI,Financial Services,0.042054098,2026-09-21,0.27217049299998197,0.011368042689010555,10.420742,-0.454,0.167,0.35838002
CDC,Unknown,0.04190739,2026-09-21,0.15999440684481514,0.005807873857327825,10.420742,0.098,0.167,0.05251
HQGO,Unknown,0.041769862,2026-09-18,0.14360826439276564,0.006539913715539928,10.420742,0.098,0.167,0.05251
EBI,Unknown,0.04161358,2026-09-21,0.2364356551920097,0.005587855273236095,10.420742,0.098,0.167,0.05251
CFO,Unknown,0.041611046,2026-09-21,0.09444010955896953,0.005578771695984685,10.420742,0.098,0.167,0.05251
CDL,Unknown,0.04153353,2026-09-21,0.16038939270635222,0.005795501608727866,10.420742,0.098,0.167,0.05251
LVDS,Unknown,0.04152589,2026-09-21,0.2581775077936863,0.0054666678895059235,10.420742,0.098,0.167,0.05251
UTHY,Unknown,0.04151126,2026-09-21,-0.03980903715704953,0.00549195367262754,10.420742,0.098,0.167,0.05251
AAUS,Unknown,0.041351948,2026-09-18,0.1584823399848465,0.0060321998008788505,10.420742,0.098,0.167,0.05251
TCBIO,Unknown,0.041177787,2026-09-21,-0.03185826895449373,0.0048007367741251614,10.420742,0.098,0.167,0.05251
DGRW,Unknown,0.04104197,2026-09-21,0.12923052476501007,0.006009915777256341,10.420742,0.098,0.167,0.05251
RFDI,Unknown,0.041005872,2026-09-18,0.031088115865008925,0.006149888267025007,10.420742,0.098,0.167,0.05251
IPFXU,Unknown,0.040969703,2026-09-18,0.031088115865008925,0.004616719571826748,10.420742,0.098,0.167,0.05251
BLZRU,Financial Services,0.040936932,2026-09-18,0.025411073076067714,0.0023029882785543295,10.420742,0.098,0.167,0.05251
CAQUU,Financial Services,0.040843416,2026-09-18,0.031088115865008925,0.004410519603191066,10.420742,0.098,0.167,0.05251
BLUW,Financial Services,0.040787347,2026-09-21,0.04012032174693991,0.00041313137074964947,10.420742,0.098,0.653,0.05251
EGHAU,Unknown,0.04070253,2026-09-18,0.046123678742205465,0.0,10.420742,0.098,0.167,0.05251
ENHU,Unknown,0.04059351,2026-09-18,0.031088115865008925,0.0061008309284575225,10.420742,0.098,0.167,0.05251
GTENU,Unknown,0.04047634,2026-09-18,0.027893017642376394,0.0031056617610161767,10.420742,0.098,0.167,0.05251
USCL,Unknown,0.040474564,2026-09-18,0.12034118908083569,0.006466540541410541,10.420742,0.098,0.167,0.05251
ECOW,Unknown,0.040304713,2026-09-21,0.17912060731047874,0.005874710297538833,10.420742,0.098,0.167,0.05251
NPACU,Unknown,0.040221483,2026-09-18,0.026393007805027624,0.003269869122721896,10.420742,0.098,0.167,0.05251
ZKPU,Unknown,0.03995583,2026-09-18,0.031088115865008925,0.0046816986348520995,10.420742,0.098,0.167,0.05251
WTGUU,Unknown,0.03995237,2026-09-18,0.059587014950649886,0.004388591988295761,10.420742,0.098,0.167,0.05251
TMTSU,Unknown,0.03993928,2026-09-18,0.031088115865008925,0.0042591730381317935,10.420742,0.098,0.167,0.05251
KOYNU,Unknown,0.03992185,2026-09-18,0.0233251230571192,0.0004346198572057937,10.420742,0.098,0.167,0.05251
LVHD,Unknown,0.03990199,2026-09-21,0.08348189736930012,0.005250295837469287,10.420742,0.098,0.167,0.05251
FTHAU,Unknown,0.039870963,2026-09-18,0.031088115865008925,0.0040052810454445495,10.420742,0.098,0.167,0.05251
PAACU,Unknown,0.039852265,2026-09-18,0.031088115865008925,0.00549238647665709,10.420742,0.098,0.167,0.05251
SDTY,Unknown,0.039798502,2026-09-21,0.17193395792302457,0.005757792587466776,10.420742,0.098,0.167,0.05251
CCII,Financial Services,0.039787088,2026-09-21,0.01980196056547401,0.0012007021257637047,10.420742,0.098,0.167,0.05251
GPRF,Unknown,0.03978699,2026-09-21,-0.0005302591036321358,0.0020262989813656447,10.420742,0.098,0.167,0.05251
SDHIU,Unknown,0.039618444,2026-09-18,0.021153872605612634,0.0004218891419877889,10.420742,0.098,0.167,0.05251
FTQI,Unknown,0.039322555,2026-09-21,0.22370334383793522,0.005711385796547941,10.420742,0.098,0.167,0.05251
RDAGU,Unknown,0.039321523,2026-09-18,0.0,0.0006364463232752384,10.420742,0.098,0.167,0.05251
AACI,Financial Services,0.03928957,2026-09-21,0.031088115865008925,0.0005594470211107009,10.420742,0.098,0.167,0.05251
AACP,Financial Services,0.039056562,2026-09-18,0.031088115865008925,0.0006008840263478534,10.420742,0.098,0.167,0.05251
FDUS,Unknown,0.039009396,2026-09-21,0.05084702278906961,0.005983426499362437,10.420742,0.098,0.167,0.05251
MUZEU,Unknown,0.038996838,2026-09-18,0.031088115865008925,0.0013569100243937414,10.420742,0.098,0.167,0.05251
ARCI,Financial Services,0.038880277,2026-09-21,0.031088115865008925,0.0005163224183865814,10.420742,0.098,0.167,0.05251
GCGRU,Unknown,0.038840234,2026-09-18,0.031088115865008925,0.00098829064764617,10.420742,0.098,0.167,0.05251
UTWY,Unknown,0.038802132,2026-09-21,-0.033973708386767276,0.004921466232587018,10.420742,0.098,0.167,0.05251
ESN,Unknown,0.038721055,2026-09-21,0.23516064251324376,0.005177145263558023,10.420742,0.098,0.167,0.05251
ATII,Financial Services,0.03871441,2026-09-21,0.04603332666726501,0.001538676867405504,10.420742,0.098,0.167,0.05251
IMPPP,Unknown,0.03860725,2026-09-21,0.1217980295869383,0.005959304366323053,10.420742,0.098,0.167,0.05251
ARCL,Financial Services,0.038592484,2026-09-18,0.031088115865008925,0.0013388590751313237,10.420742,0.098,0.167,0.05251
RNGTU,Unknown,0.038541827,2026-09-18,0.031088115865008925,0.0036941858909877046,10.420742,0.098,0.167,0.05251
AACO,Financial Services,0.038463168,2026-09-18,0.031088115865008925,0.0005118270036805644,10.420742,0.098,0.167,0.05251
XCBEU,Unknown,0.038454358,2026-09-18,0.031088115865008925,0.003545793159490775,10.420742,0.098,0.167,0.05251
LPAA,Unknown,0.038440663,2026-09-18,0.026717623938536716,0.0006379207592661003,10.420742,0.098,0.167,0.05251
ARCLU,Financial Services,0.038405668,2026-09-18,0.031088115865008925,0.0013038177007644028,10.420742,0.098,0.167,0.05251
ARTCU,Financial Services,0.038379338,2026-09-18,0.031088115865008925,0.0009393094991771881,10.420742,0.098,0.167,0.05251
HCICU,Unknown,0.038378626,2026-09-18,0.031088115865008925,0.0006608944133951602,10.420742,0.098,0.167,0.05251
MCGA,Unknown,0.038368497,2026-09-21,-0.030459213396558882,0.0012121403381028077,10.420742,0.098,0.167,0.05251
BIXIU,Financial Services,0.038290363,2026-09-18,0.031088115865008925,0.0010265801326549404,10.420742,0.098,0.167,0.05251
TVACU,Unknown,0.038197026,2026-09-18,0.05278601561005525,0.0035091568951123053,10.420742,0.098,0.167,0.05251
FERAU,Unknown,0.038192943,2026-09-18,0.02285712105887283,0.0010458730566863105,10.420742,0.098,0.167,0.05251
KCHVU,Unknown,0.038178913,2026-09-18,0.03137261318454776,0.005012737222655123,10.420742,0.098,0.167,0.05251
APAC,Financial Services,0.038141303,2026-09-18,0.031088115865008925,0.0012104240365507822,10.420742,0.098,0.167,0.05251
PTORU,Unknown,0.03810592,2026-09-18,0.031088115865008925,0.005246605736058769,10.420742,0.098,0.167,0.05251
DVAL,Unknown,0.038101647,2026-09-18,0.13833670162635303,0.006382138831801168,10.420742,0.098,0.167,0.05251
HLXC,Unknown,0.03806655,2026-09-18,0.031088115865008925,0.005655704704129555,10.420742,0.098,0.167,0.05251
INACU,Unknown,0.037977185,2026-09-18,0.027750220885712995,0.0008658531893646007,10.420742,0.098,0.167,0.05251
PSC,Unknown,0.037822343,2026-09-21,0.18098783981758904,0.005278146617604698,10.420742,0.098,0.167,0.05251
GECCG,Unknown,0.037736453,2026-09-21,0.07332339663205523,0.00578146328344797,10.420742,0.098,0.167,0.05251
PMTRU,Unknown,0.037723586,2026-09-18,0.024208587935078407,0.00600274919724097,10.420742,0.098,0.167,0.05251
CEPV,Financial Services,0.037543625,2026-09-18,0.031088115865008925,0.001504754652242415,10.420742,0.098,0.167,0.05251
ATLCP,Financial Services,0.037516814,2026-09-21,0.05306264457682763,0.0065362888767580285,10.420742,0.833,0.66,0.22966999
HWCPZ,Unknown,0.037312075,2026-09-21,-0.056586091467660804,0.005780458165162022,10.420742,0.098,0.167,0.05251
AZYY,Unknown,0.037178062,2026-09-21,-0.09366579419316068,0.005239744518842906,10.420742,0.098,0.167,0.05251
LCDS,Unknown,0.03716824,2026-09-18,0.17716982840031115,0.005667336676188013,10.420742,0.098,0.167,0.05251
GIWWU,Unknown,0.037079386,2026-09-18,0.031088115865008925,0.005814597879539495,10.420742,0.098,0.167,0.05251
CRANU,Financial Services,0.036920503,2026-09-18,0.031088115865008925,0.0006914705336200135,10.420742,0.098,0.167,0.05251
CRAQ,Financial Services,0.036859807,2026-09-18,0.04012032174693991,0.0012500811951855885,10.420742,0.098,0.541,0.05251
ZTEN,Unknown,0.0368273,2026-09-21,-0.005753836661517742,0.003491566114464458,10.420742,0.098,0.167,0.05251
PSCU,Unknown,0.036777064,2026-09-21,0.10235794207017834,0.005703642645854164,10.420742,0.098,0.167,0.05251
IEAGU,Unknown,0.036732323,2026-09-18,0.031088115865008925,0.001738236048707492,10.420742,0.098,0.167,0.05251
RILYN,Unknown,0.03667867,2026-09-21,0.27258259750739877,0.0007489351453915401,10.420742,0.098,0.167,0.05251
KTWOU,Unknown,0.036632366,2026-09-18,0.031088115865008925,0.001287190415403933,10.420742,0.098,0.167,0.05251
DYORU,Unknown,0.036621373,2026-09-18,0.031088115865008925,0.0015421301910793358,10.420742,0.098,0.167,0.05251
UMBFO,Unknown,0.036536478,2026-09-21,0.027685576645494647,0.004849256496578576,10.420742,0.098,0.167,0.05251
BIXI,Financial Services,0.036529228,2026-09-21,0.031088115865008925,0.0007523908688075654,10.420742,0.098,0.167,0.05251
VSMV,Unknown,0.036512382,2026-09-21,0.1616676260587786,0.005677630947445257,10.420742,0.098,0.167,0.05251
GFGF,Unknown,0.036503457,2026-09-18,0.0783378590656989,0.006418397736173032,10.420742,0.098,0.167,0.05251
ZIONP,Unknown,0.03645916,2026-09-21,-0.16480209284114122,0.005070613578309252,10.420742,0.098,0.167,0.05251
MYX,Unknown,0.036404397,2026-09-18,0.031088115865008925,0.0014896919473865598,10.420742,0.098,0.167,0.05251
FERA,Unknown,0.036404397,2026-09-18,0.03543313147226668,0.001435566760060194,10.420742,0.098,0.167,0.05251
GSRF,Unknown,0.036404397,2026-09-18,0.031088115865008925,0.0003584585727278053,10.420742,0.098,0.167,0.05251
APXTU,Financial Services,0.036330517,2026-09-18,0.031088115865008925,0.0006562641980394756,10.420742,0.098,0.167,0.05251
SSEAU,Unknown,0.036329567,2026-09-18,0.03564692706365946,0.0010668100932631494,10.420742,0.098,0.167,0.05251
DWAW,Unknown,0.03625502,2026-09-21,0.15316943334321387,0.005720980053450924,10.420742,0.098,0.167,0.05251
MKLYU,Unknown,0.03618313,2026-09-18,0.0470470748545575,0.0031847729732562497,10.420742,0.098,0.167,0.05251
BACC,Financial Services,0.036151122,2026-09-21,0.052104256674860405,0.004000391563594656,10.420742,0.098,0.33,0.05251
ARTC,,0.036149994,2026-09-21,0.031088115865008925,0.0022043167616374944,10.420742,0.098,0.167,0.05251
MFLX,Unknown,0.03610718,2026-09-21,-0.0018923928218210762,0.003331264389397672,10.420742,0.098,0.167,0.05251
ILLU,Unknown,0.036089674,2026-09-21,0.031088115865008925,0.0011940597745400492,10.420742,0.098,0.167,0.05251
ALOV,Financial Services,0.036064997,2026-09-18,0.031088115865008925,0.0006052680985828086,10.420742,0.098,0.167,0.05251
ESMV,Unknown,0.036048245,2026-09-21,0.09761368308770657,0.00545251792563267,10.420742,0.098,0.167,0.05251
PLMK,Unknown,0.03602104,2026-09-18,0.03980580969123815,0.004880835056395368,10.420742,0.098,0.167,0.05251
MEVOU,Unknown,0.03598698,2026-09-18,0.031088115865008925,0.0018993257931717528,10.420742,0.098,0.167,0.05251
CSB,Unknown,0.03593883,2026-09-21,0.0916153559223194,0.004833469021584273,10.420742,0.098,0.167,0.05251
PALO,Unknown,0.03592696,2026-09-18,0.031088115865008925,0.003565223303425841,10.420742,0.098,0.167,0.05251
HEQQ,Unknown,0.035925433,2026-09-21,0.10239915105161912,0.005908539957253958,10.420742,0.098,0.167,0.05251
LEXI,Unknown,0.035919793,2026-09-21,0.19590275477407637,0.005752146448078913,10.420742,0.098,0.167,0.05251
SORNU,Unknown,0.035861105,2026-09-18,0.031088115865008925,0.0007164970015106272,10.420742,0.098,0.167,0.05251
KRAQ,Unknown,0.03582121,2026-09-21,0.031088115865008925,0.0011186159838793468,10.420742,0.098,0.167,0.05251
IRHOU,Unknown,0.035808206,2026-09-18,0.031088115865008925,0.003353004595565279,10.420742,0.098,0.167,0.05251
MCGAU,Unknown,0.035801884,2026-09-18,-0.05959961297656602,0.002035701752670132,10.420742,0.098,0.167,0.05251
ADAC,Financial Services,0.03578192,2026-09-21,0.031088115865008925,0.0007609499743536418,10.420742,0.098,0.167,0.05251
SWP,Unknown,0.03576151,2026-09-21,0.09175078123166136,0.005801024136170402,10.420742,0.098,0.167,0.05251
IBGA,Unknown,0.03574414,2026-09-21,-0.028832788817645616,0.005007139149854274,10.420742,0.098,0.167,0.05251
GPAC,Unknown,0.035732236,2026-09-21,0.031088115865008925,0.0010820922755992864,10.420742,0.098,0.167,0.05251
TVAIU,Unknown,0.03571311,2026-09-18,0.03550292351955475,0.0,10.420742,0.098,0.167,0.05251
VHCP,Unknown,0.03571311,2026-09-18,0.031088115865008925,0.001215979450293835,10.420742,0.098,0.167,0.05251
LAFAU,Unknown,0.03571311,2026-09-18,0.031088115865008925,0.0004384547448722329,10.420742,0.098,0.167,0.05251
IACOU,Unknown,0.03571311,2026-09-18,0.031088115865008925,0.0,10.420742,0.098,0.167,0.05251
SOCAU,Unknown,0.03571311,2026-09-18,0.033797135659217936,0.001425010969783619,10.420742,0.098,0.167,0.05251
GTERU,Unknown,0.03571311,2026-09-18,0.028403522112587565,0.002243966487046963,10.420742,0.098,0.167,0.05251
LFACU,Unknown,0.03571311,2026-09-18,0.031088115865008925,0.0,10.420742,0.098,0.167,0.05251
BPACU,Unknown,0.03571311,2026-09-18,0.031088115865008925,0.0,10.420742,0.098,0.167,0.05251
MLAAU,Unknown,0.03571311,2026-09-18,0.031088115865008925,0.00022205751984117573,10.420742,0.098,0.167,0.05251
NHIVU,Unknown,0.03571311,2026-09-18,0.031088115865008925,0.0006519090619932768,10.420742,0.098,0.167,0.05251
RNGT,Unknown,0.03571311,2026-09-18,0.031088115865008925,0.001221053760138715,10.420742,0.098,0.167,0.05251
TRGS,Unknown,0.03571311,2026-09-18,0.031088115865008925,0.0022101049085099305,10.420742,0.098,0.167,0.05251
WLII,Unknown,0.03571311,2026-09-18,0.031088115865008925,0.0006330745677533672,10.420742,0.098,0.167,0.05251
CAIIU,Financial Services,0.03571311,2026-09-18,0.031088115865008925,0.0017233149254980424,10.420742,0.098,0.167,0.05251
PONO,Unknown,0.03571311,2026-09-18,0.031088115865008925,0.0012511930112841844,10.420742,0.098,0.167,0.05251
KRAQU,Unknown,0.03571311,2026-09-18,0.031088115865008925,0.0015011060678583766,10.420742,0.098,0.167,0.05251
ORIQ,Unknown,0.03571311,2026-09-18,0.040999984741211026,0.0020801566400277687,10.420742,0.098,0.167,0.05251
FMAC,Unknown,0.03571311,2026-09-18,0.031088115865008925,0.001299557821471939,10.420742,0.098,0.167,0.05251
YBST,Unknown,0.035659023,2026-09-21,0.031088115865008925,0.005220157187227284,10.420742,0.098,0.167,0.05251
LATAU,Unknown,0.035646934,2026-09-18,0.031088115865008925,0.0019710720707147005,10.420742,0.098,0.167,0.05251
HAVA,Unknown,0.035646934,2026-09-18,0.031088115865008925,0.0007205739373270743,10.420742,0.098,0.167,0.05251
ACAAU,Financial Services,0.035646934,2026-09-18,0.031088115865008925,0.0013822221148300637,10.420742,0.098,0.167,0.05251
IBGB,Unknown,0.035626344,2026-09-21,-0.03109189115410449,0.0049875542220966275,10.420742,0.098,0.167,0.05251
SUMAU,Unknown,0.035605945,2026-09-18,0.031088115865008925,0.0,10.420742,0.098,0.167,0.05251
IDACU,Unknown,0.035569202,2026-09-18,0.031088115865008925,0.00030428668586504533,10.420742,0.098,0.167,0.05251
PACHU,Unknown,0.035569202,2026-09-18,0.03592810780745137,0.0007582597436900684,10.420742,0.098,0.167,0.05251
HVMCU,Unknown,0.03553996,2026-09-18,0.03320119257491316,0.0016203349336741512,10.420742,0.098,0.167,0.05251
HCACU,Unknown,0.035492614,2026-09-18,0.031088115865008925,0.001348784779320189,10.420742,0.098,0.167,0.05251
CRAN,Financial Services,0.03542767,2026-09-21,0.031088115865008925,0.0007068356337611149,10.420742,0.098,0.167,0.05251
OTGAU,Unknown,0.03542487,2026-09-18,0.03892209299713745,0.0008780207523089751,10.420742,0.098,0.167,0.05251
OIM,Unknown,0.035389174,2026-09-18,0.031088115865008925,0.0009219883302171961,10.420742,0.098,0.167,0.05251
TVA,Unknown,0.035378423,2026-09-21,0.042448203387756234,0.0007729000721626335,10.420742,0.098,0.167,0.05251
RREVU,Unknown,0.035352908,2026-09-18,0.031088115865008925,0.0014025890641719062,10.420742,0.098,0.167,0.05251
BDCIU,Financial Services,0.035352908,2026-09-18,0.031088115865008925,0.001090769028010825,10.420742,0.098,0.167,0.05251
TLNC,Unknown,0.03530293,2026-09-21,0.031088115865008925,0.0024443783091828734,10.420742,0.098,0.167,0.05251
ITHAU,Unknown,0.035238516,2026-09-18,0.031088115865008925,0.001081411338169199,10.420742,0.098,0.167,0.05251
UNIY,Unknown,0.0351881,2026-09-18,-0.004852436205944,0.002568548355939241,10.420742,0.098,0.167,0.05251
OYSE,Unknown,0.035184808,2026-09-18,0.033864557159334785,0.0011642478770765336,10.420742,0.098,0.167,0.05251
ARCIU,Financial Services,0.035181366,2026-09-18,0.031088115865008925,0.001202856457263157,10.420742,0.098,0.167,0.05251
RILYG,Unknown,0.03509646,2026-09-21,0.3118190765193971,0.002535400502652545,10.420742,0.098,0.167,0.05251
HACQU,Unknown,0.035060078,2026-09-18,0.031088115865008925,0.0007148016832397339,10.420742,0.098,0.167,0.05251
QETA,Unknown,0.035058845,2026-09-18,0.07046076857709371,0.002095134983883658,10.420742,0.098,0.167,0.05251
DBCAU,Financial Services,0.035039525,2026-09-18,0.031088115865008925,0.0008567302432543286,10.420742,0.098,0.167,0.05251
DTSQU,Unknown,0.035020683,2026-09-18,0.09186603403531368,0.0015568779039594886,10.420742,0.098,0.167,0.05251
IUSV,Unknown,0.034982078,2026-09-21,0.16159174181853042,0.00527626636666235,10.420742,0.098,0.167,0.05251
NEWTO,Unknown,0.034959815,2026-09-18,0.031088115865008925,0.004205766404219202,10.420742,0.098,0.167,0.05251
SCPQU,Unknown,0.034959774,2026-09-18,0.031088115865008925,0.003229434313226491,10.420742,0.098,0.167,0.05251
GTEN,Unknown,0.03493583,2026-09-18,0.03438108224981695,0.002489532051842436,10.420742,0.098,0.167,0.05251
NBRG,Unknown,0.034921635,2026-09-18,0.031088115865008925,0.001050677127390831,10.420742,0.098,0.167,0.05251
CRAQU,Financial Services,0.03491871,2026-09-18,0.029411783955364257,0.0013532837820390087,10.420742,0.098,0.541,0.05251
ROCY,Unknown,0.03487712,2026-09-21,0.031088115865008925,0.0057093885926733446,10.420742,0.098,0.167,0.05251
QUMSU,Unknown,0.03485669,2026-09-18,0.032835812680907406,0.0010823216475978037,10.420742,0.098,0.167,0.05251
BDCI,Financial Services,0.034847345,2026-09-21,0.031088115865008925,0.0007350300198111613,10.420742,0.098,0.167,0.05251
VHCPU,Unknown,0.034845766,2026-09-18,0.031088115865008925,0.0017560645878332956,10.420742,0.098,0.167,0.05251
SMOM,Unknown,0.034814995,2026-09-21,0.1375164924637411,0.006033631917664406,10.420742,0.098,0.167,0.05251
KBONU,Unknown,0.034751512,2026-09-18,0.031088115865008925,0.0013458429979530818,10.420742,0.098,0.167,0.05251
BIDWU,Financial Services,0.034751512,2026-09-18,0.031088115865008925,0.00345910662722193,10.420742,0.098,0.167,0.05251
NBRGU,Unknown,0.034751512,2026-09-18,0.031088115865008925,0.0028404263374293835,10.420742,0.098,0.167,0.05251
PGAC,Unknown,0.034713503,2026-09-18,0.04589846460294278,0.001541862112098222,10.420742,0.098,0.167,0.05251
SVCCU,Unknown,0.034712043,2026-09-18,0.03879724561108655,0.0012597654624138452,10.420742,0.098,0.167,0.05251
SCIIU,Unknown,0.034676477,2026-09-18,0.031088115865008925,0.005257400333569268,10.420742,0.098,0.167,0.05251
AXINU,Financial Services,0.03466348,2026-09-18,0.06280912467315902,0.0038382562619376824,10.420742,0.098,2.037,0.05251
KFII,Unknown,0.034649115,2026-09-18,0.04505387232402591,0.0008562294964611577,10.420742,0.098,0.167,0.05251
FSCS,Unknown,0.034592405,2026-09-21,-0.004805150249869716,0.004829244920703516,10.420742,0.098,0.167,0.05251
LPCVU,Unknown,0.0345771,2026-09-18,0.031088115865008925,0.002992445101257298,10.420742,0.098,0.167,0.05251
OFSSO,Unknown,0.034556527,2026-09-18,0.08199533898995459,0.0029922962961141954,10.420742,0.098,0.167,0.05251
ALDFU,Financial Services,0.0345527,2026-09-18,0.03710745776928781,0.0016532834810254469,10.420742,0.098,-0.117,0.05251
CTAA,Unknown,0.0345389,2026-09-18,0.031088115865008925,0.0013597370283258304,10.420742,0.098,0.167,0.05251
DRDB,Unknown,0.034435984,2026-09-18,0.03820361758428281,0.0010147260016983256,10.420742,0.098,0.167,0.05251
DYTA,Unknown,0.03434258,2026-09-21,0.12546928385905698,0.005367891927992421,10.420742,0.098,0.167,0.05251
CGABL,Unknown,0.03425508,2026-09-21,-0.05945491845699069,0.005409820156848456,10.420742,0.098,0.167,0.05251
PTACU,Unknown,0.03422074,2026-09-18,0.031088115865008925,0.0007213547337483226,10.420742,0.098,0.167,0.05251
CHAR,Financial Services,0.034219608,2026-09-21,0.06098742682419056,0.0011168156862931438,10.420742,0.098,-0.27,0.05251
HAVAU,Unknown,0.034180146,2026-09-18,0.031088115865008925,0.00554221352364545,10.420742,0.098,0.167,0.05251
FGII,Unknown,0.034169283,2026-09-21,0.031088115865008925,0.0010556098740830617,10.420742,0.098,0.167,0.05251
CAQ,Financial Services,0.03414362,2026-09-21,0.031088115865008925,0.001788880977333888,10.420742,0.098,0.167,0.05251
FACT,Unknown,0.034061465,2026-09-18,0.04061409140002947,0.0004572934213105453,10.420742,0.098,0.167,0.05251
APXT,Financial Services,0.03405342,2026-09-21,0.031088115865008925,0.0008518911803214917,10.420742,0.098,0.167,0.05251
TACHU,Unknown,0.034011267,2026-09-18,0.04878048780487809,0.0010448955828419688,10.420742,0.098,0.167,0.05251
ONCH,Unknown,0.033987906,2026-09-21,0.00978467956777096,0.0005798650370841064,10.420742,0.098,0.167,0.05251
OTGA,Unknown,0.0339282,2026-09-21,0.031088115865008925,0.0007866438980864471,10.420742,0.098,0.167,0.05251
EURKU,Unknown,0.033861946,2026-09-18,0.09023258297942416,0.0015368149684304336,10.420742,0.098,0.167,0.05251
WSTN,Unknown,0.033799767,2026-09-18,0.031088115865008925,0.001466218939880061,10.420742,0.098,0.167,0.05251
HBANZ,Unknown,0.033721276,2026-09-21,0.031088115865008925,0.005004547494602357,10.420742,0.098,0.167,0.05251
FSHPU,Unknown,0.03367632,2026-09-18,0.05140188790084066,0.0011989724930521807,10.420742,0.098,0.167,0.05251
QAT,Unknown,0.03356392,2026-09-21,-0.11348862508301671,0.004652895816947852,10.420742,0.098,0.167,0.05251
TDSC,Unknown,0.03351807,2026-09-21,0.15183157374367529,0.005282108383092021,10.420742,0.098,0.167,0.05251
TLNCU,Unknown,0.03350359,2026-09-18,0.0449550248727022,0.0019562171176075484,10.420742,0.098,0.167,0.05251
SLMBP,Financial Services,0.033340737,2026-09-21,0.043820722033121484,0.005422946076126839,10.420742,0.081,-0.094,0.30333
DTSQ,Unknown,0.033321068,2026-09-18,0.09628219741840627,0.002078527989481919,10.420742,0.098,0.167,0.05251
BLRK,Financial Services,0.033298075,2026-09-21,0.031088115865008925,0.0009003369219391253,10.420742,0.098,0.167,0.05251
TACOU,Unknown,0.03327864,2026-09-18,0.027935521865285695,0.0023637260947574155,10.420742,0.098,0.167,0.05251
CRAC,Financial Services,0.03325888,2026-09-21,0.031088115865008925,0.0011854385013216242,10.420742,0.098,5230.917,0.05251
AEAQ,Financial Services,0.03325438,2026-09-21,0.031088115865008925,0.0012605589434590326,10.420742,0.098,0.167,0.05251
PC,Unknown,0.033174545,2026-09-18,0.15196075910607054,4.52887181474103e-09,10.420742,0.098,0.167,0.05251
IBGC,Unknown,0.033087876,2026-09-21,0.031088115865008925,0.005205965150595127,10.420742,0.098,0.167,0.05251
LPCV,Unknown,0.033016875,2026-09-18,0.031088115865008925,0.0007646191129482992,10.420742,0.098,0.167,0.05251
VCLT,Unknown,0.033013597,2026-09-21,-0.02948575065029324,0.005112761191336697,10.420742,0.098,0.167,0.05251
CEPO,Financial Services,0.03290706,2026-09-21,0.036538473882619105,0.0011633188107072966,10.420742,0.098,2.337,0.05251
CHEC,Financial Services,0.032886047,2026-09-18,0.031088115865008925,0.0012709215186443592,10.420742,0.098,0.167,0.05251
GVLE,Unknown,0.03285121,2026-09-18,0.031088115865008925,0.0060670571785532,10.420742,0.098,0.167,0.05251
LKSP,Unknown,0.03278079,2026-09-18,0.031088115865008925,0.0007151624625304739,10.420742,0.098,0.167,0.05251
MYCO,Unknown,0.032764472,2026-09-18,-0.014210656857606696,0.003342484994021382,10.420742,0.098,0.167,0.05251
FCEF,Unknown,0.032754593,2026-09-21,0.0915480641910742,0.004209979008368436,10.420742,0.098,0.167,0.05251
RDAG,Unknown,0.032655362,2026-09-18,0.01857287806056762,0.0009159036314678114,10.420742,0.098,0.167,0.05251
NEWTP,Unknown,0.03258043,2026-09-21,0.1543991530992137,0.005825881451398194,10.420742,0.098,0.167,0.05251
EMIS,Unknown,0.032573715,2026-09-21,0.031088115865008925,0.0011261617229268218,10.420742,0.098,0.167,0.05251
AGGA,Unknown,0.03256107,2026-09-21,0.013046010136858133,0.00180617543380374,10.420742,0.098,0.167,0.05251
BLZR,Financial Services,0.032504182,2026-09-18,0.031088115865008925,0.0009148393323641103,10.420742,0.098,0.167,0.05251
AXIN,Financial Services,0.032481324,2026-09-21,0.03610828957224599,0.0010366423908481069,10.420742,0.098,2.037,0.05251
QYLD,Unknown,0.03240838,2026-09-21,0.22792473566049587,0.004685443159856898,10.420742,0.098,0.167,0.05251
AVGB,Unknown,0.032399524,2026-09-21,0.011800965608488978,0.0017306425860638159,10.420742,0.098,0.167,0.05251
BLUWU,Financial Services,0.032394454,2026-09-18,0.04270112395304171,6.790419634134406e-10,10.420742,0.098,0.653,0.05251
MLAA,Unknown,0.03239354,2026-09-18,0.031088115865008925,0.0011727410805757882,10.420742,0.098,0.167,0.05251
UYSC,Unknown,0.03238374,2026-09-18,0.08588350204644568,0.0030416779039933637,10.420742,0.098,0.167,0.05251
LCCC,Unknown,0.032358028,2026-09-18,0.04572564800792511,0.0008894666646313657,10.420742,0.098,0.167,0.05251
KTWO,Unknown,0.032312628,2026-09-18,0.031088115865008925,0.0009733576369789766,10.420742,0.098,0.167,0.05251
VNME,Unknown,0.032191068,2026-09-18,0.0393542229392263,0.0011093462028312533,10.420742,0.098,0.167,0.05251
MESHU,Unknown,0.032191068,2026-09-18,0.031088115865008925,0.0023186080016931606,10.420742,0.098,0.167,0.05251
HNDL,Unknown,0.032134235,2026-09-21,0.07057858483562196,0.0051646083318765265,10.420742,0.098,0.167,0.05251
SPCT,Unknown,0.031960774,2026-09-21,0.031088115865008925,0.005088525411610905,10.420742,0.098,0.167,0.05251
MYMH,Unknown,0.03179633,2026-09-18,0.018395081083628195,0.001462654750927787,10.420742,0.098,0.167,0.05251
MYMJ,Unknown,0.03170524,2026-09-18,0.009730375263035773,0.0014535265049971534,10.420742,0.098,0.167,0.05251
ACAA,Financial Services,0.031704124,2026-09-18,0.031088115865008925,0.0014131528007300686,10.420742,0.098,0.167,0.05251
SUMA,Unknown,0.03169387,2026-09-21,0.031088115865008925,0.001492278141601322,10.420742,0.098,0.167,0.05251
LANDP,Unknown,0.0316692,2026-09-21,0.0812328047241282,0.004144439923695239,10.420742,0.098,0.167,0.05251
BEAGU,Financial Services,0.031555105,2026-09-18,0.05849055313648166,0.0032789209857386334,10.420742,0.098,-0.604,0.05251
CCAQ,Financial Services,0.03148468,2026-09-18,0.0604558619873552,0.002224811578737883,10.420742,0.098,-0.666,0.05251
OXLCL,Unknown,0.03144064,2026-09-21,0.07905878965969104,0.005240570232616031,10.420742,0.098,0.167,0.05251
NCPB,Unknown,0.031393167,2026-09-21,0.007074011037659256,0.002348983424855116,10.420742,0.098,0.167,0.05251
BSMZ,Unknown,0.031356674,2026-09-21,-0.0108891332673694,0.003053255933558658,10.420742,0.098,0.167,0.05251
MKLY,Unknown,0.031242779,2026-09-21,0.031088115865008925,0.0009047629946922796,10.420742,0.098,0.167,0.05251
BDVL,Unknown,0.031221043,2026-09-21,0.1001908548450201,0.00539612427454714,10.420742,0.098,0.167,0.05251
DSAC,Unknown,0.031116303,2026-09-21,0.031088115865008925,0.0012623697548849963,10.420742,0.098,0.167,0.05251
RNW,Unknown,0.031097822,2026-09-21,-0.11463727669644241,0.002096148652230912,10.420742,0.098,0.167,0.05251
GEW,Unknown,0.030977735,2026-09-18,0.031088115865008925,0.005992360640639166,10.420742,0.098,0.167,0.05251
YLDE,Unknown,0.030934708,2026-09-21,0.10901085860246051,0.004974616026519939,10.420742,0.098,0.167,0.05251
BSMY,Unknown,0.030890623,2026-09-21,-0.011526220402860776,0.002512379072380145,10.420742,0.098,0.167,0.05251
PECEU,Unknown,0.030783663,2026-09-18,0.031088115865008925,0.002168306196083812,10.420742,0.098,0.167,0.05251
ALLW,Unknown,0.030728064,2026-09-21,0.12839434101668323,0.00615703115243874,10.420742,0.098,0.167,0.05251
FMUN,Unknown,0.030676104,2026-09-21,-0.007303578568178426,0.002742124094262314,10.420742,0.098,0.167,0.05251
CEPF,Financial Services,0.030606043,2026-09-21,0.012782705355523616,0.001963917363288811,10.420742,0.098,0.167,0.05251
SCPQ,Unknown,0.03044298,2026-09-21,0.031088115865008925,0.0007425195595584758,10.420742,0.098,0.167,0.05251
KBON,Unknown,0.030401349,2026-09-21,0.031088115865008925,0.0019365332629892968,10.420742,0.098,0.167,0.05251
MOOD,Unknown,0.030310795,2026-09-21,0.2578285201491428,0.002164176509784733,10.420742,0.098,0.167,0.05251
RTAC,Unknown,0.030248605,2026-09-21,-0.03410145863822345,0.003174963215322722,10.420742,0.098,0.167,0.05251
PQJA,Unknown,0.030198788,2026-09-18,0.1666210058143769,0.0031536226652595784,10.420742,0.098,0.167,0.05251
PFF,Unknown,0.030041339,2026-09-21,-0.009249164669190901,0.004830661575136964,10.420742,0.098,0.167,0.05251
NUTR,Unknown,0.029917918,2026-09-18,0.031088115865008925,9.499015697602578e-10,10.420742,0.098,0.167,0.05251
JOYT,Unknown,0.029867724,2026-09-21,0.1697366511317695,0.00529852116272023,10.420742,0.098,0.167,0.05251
SKOR,Unknown,0.029863985,2026-09-21,0.005936799924785019,0.0020789962280305476,10.420742,0.098,0.167,0.05251
OST,Unknown,0.029805867,2026-09-18,0.0,0.0,10.420742,0.098,0.167,0.05251
MMTXU,Unknown,0.029805867,2026-09-18,0.031088115865008925,0.0,10.420742,0.098,0.167,0.05251
FACTU,Unknown,0.029805867,2026-09-18,0.04234837014861803,0.0,10.420742,0.098,0.167,0.05251
TDWDU,Unknown,0.029805867,2026-09-18,0.031088115865008925,1.2397253697703418e-10,10.420742,0.098,0.167,0.05251
PLTS,Unknown,0.029805867,2026-09-18,0.031088115865008925,0.0,10.420742,0.098,0.167,0.05251
MCTA,Unknown,0.029805867,2026-09-18,0.031088115865008925,0.0,10.420742,0.098,0.167,0.05251
FTHI,Unknown,0.029787313,2026-09-21,0.10233695552084687,0.005206327799119823,10.420742,0.098,0.167,0.05251
SATA,Unknown,0.029763157,2026-09-21,0.031088115865008925,0.001285280662160662,10.420742,0.098,0.167,0.05251
BSMW,Unknown,0.02971322,2026-09-21,-0.009609319481042156,0.0024634187350960107,10.420742,0.098,0.167,0.05251
ADAMN,Real Estate,0.029582735,2026-09-21,0.22270048539025988,0.0054070467197407344,10.420742,1.298,0.167,0.16438
NSTS,Unknown,0.029415438,2026-09-21,0.1949152672506549,0.002211089352754166,10.420742,0.098,0.167,0.05251
BSCZ,Unknown,0.029266523,2026-09-21,-0.014642185644969219,0.0032004256519188746,10.420742,0.098,0.167,0.05251
ABI,Unknown,0.029242309,2026-09-21,0.044055457677260046,0.0010851938667155677,10.420742,0.098,0.167,0.05251
KFIIU,Unknown,0.029137345,2026-09-18,0.03344931576817167,0.0,10.420742,0.098,0.167,0.05251
FMB,Unknown,0.028979382,2026-09-21,-0.0021299256180450366,0.001912707803760741,10.420742,0.098,0.167,0.05251
AVOS,Unknown,0.028964821,2026-09-21,0.031088115865008925,0.006020556079951358,10.420742,0.098,0.167,0.05251
WTG,Unknown,0.028881451,2026-09-18,0.05221278991508638,0.0017868204326827104,10.420742,0.098,0.167,0.05251
MYMG,Unknown,0.028727934,2026-09-18,0.02463929687914157,0.0018786295842948223,10.420742,0.098,0.167,0.05251
ALF,Financial Services,0.028714633,2026-09-18,0.03605314191804898,0.0032169098725975446,10.420742,0.098,-0.636,0.05251
XSLLU,Unknown,0.02870501,2026-09-21,0.031088115865008925,0.004774547096733703,10.420742,0.098,0.167,0.05251
ACGC,Financial Services,0.02859177,2026-09-21,0.031088115865008925,0.000848873559269878,10.420742,0.098,0.167,0.05251
DAK,Unknown,0.02856292,2026-09-18,0.15635325406236844,0.0053320890296609325,10.420742,0.098,0.167,0.05251
EGHA,Unknown,0.028553171,2026-09-21,0.037924066208217644,0.0006043044833304212,10.420742,0.098,0.167,0.05251
TMNL,Unknown,0.028543299,2026-09-18,0.031088115865008925,0.004255083033195454,10.420742,0.098,0.167,0.05251
AMAN,Financial Services,0.0284983,2026-09-21,0.031088115865008925,0.0034697740785079698,10.420742,0.098,0.167,0.05251
MEVO,Unknown,0.028473768,2026-09-21,0.031088115865008925,0.0015275612173814928,10.420742,0.098,0.167,0.05251
BPYPP,Real Estate,0.02843191,2026-09-21,0.14753938297595015,0.005901512957309104,10.420742,0.053,0.167,-0.00273
BEAG,Financial Services,0.028349249,2026-09-21,0.050096290785769826,0.0043908151379332926,10.420742,0.098,-0.604,0.05251
BPOPM,Unknown,0.028341461,2026-09-18,0.060991123268044456,0.0051358738122587455,10.420742,0.098,0.167,0.05251
PCPI,Unknown,0.028313922,2026-09-21,0.031088115865008925,0.0005114143717953367,10.420742,0.098,0.167,0.05251
BSCW,Unknown,0.028252736,2026-09-21,-0.008373758560706435,0.0026605285853486867,10.420742,0.098,0.167,0.05251
MYMI,Unknown,0.028232098,2026-09-18,0.0016214950679591666,0.0017532943057148825,10.420742,0.098,0.167,0.05251
SPXD,Unknown,0.028210396,2026-09-18,0.1645489309698449,0.005339433599007284,10.420742,0.098,0.167,0.05251
OXLCM,Unknown,0.028174346,2026-09-21,0.031088115865008925,0.002531592267526376,10.420742,0.098,0.167,0.05251
HVMC,Unknown,0.028122572,2026-09-18,0.031088115865008925,0.0010454241093521815,10.420742,0.098,0.167,0.05251
GPAT,Unknown,0.027952047,2026-09-21,0.03686203649670161,0.005200121836969096,10.420742,0.098,0.167,0.05251
TECY,Unknown,0.027897988,2026-09-18,0.031088115865008925,0.005529979846594809,10.420742,0.098,0.167,0.05251
CCNEP,Financial Services,0.027891155,2026-09-18,0.06010400272377536,0.004345146099758865,10.420742,0.51,0.492,0.124180004
HCMA,Unknown,0.027848251,2026-09-21,0.031088115865008925,0.0008696592664874917,10.420742,0.098,0.167,0.05251
SUSC,Unknown,0.027700176,2026-09-21,-0.005780174350222711,0.002991255480783847,10.420742,0.098,0.167,0.05251
BUFC,Unknown,0.027693713,2026-09-21,0.07363477767111748,0.002444129867561827,10.420742,0.098,0.167,0.05251
QADR,Unknown,0.027684713,2026-09-18,0.031088115865008925,0.0010727966039318847,10.420742,0.098,0.167,0.05251
PMBS,Unknown,0.027677955,2026-09-21,0.004013244035838692,0.0037106382656747635,10.420742,0.098,0.167,0.05251
BNDX,Unknown,0.0275872,2026-09-21,-0.00025651004311555425,0.0026388611888477197,10.420742,0.098,0.167,0.05251
DFGX,Unknown,0.0275872,2026-09-21,0.000306526500121862,0.002807024237388236,10.420742,0.098,0.167,0.05251
BHAVU,Financial Services,0.027574778,2026-09-18,0.031088115865008925,0.0033676857444318153,10.420742,0.098,0.167,0.05251
FCAL,Unknown,0.027549298,2026-09-21,0.00044456017583005547,0.0025010865324670314,10.420742,0.098,0.167,0.05251
EYEG,Unknown,0.027376868,2026-09-18,-0.014839678795117717,0.002870395127086559,10.420742,0.098,0.167,0.05251
NMP,Unknown,0.02737668,2026-09-18,0.04737905881190252,0.0009455739131691977,10.420742,0.098,0.167,0.05251
SHY,Unknown,0.02734197,2026-09-21,0.015991426686555066,0.0009560323783855503,10.420742,0.098,0.167,0.05251
LWAC,Unknown,0.027337333,2026-09-21,0.04317272123783855,0.0018009394484226151,10.420742,0.098,0.167,0.05251
NEWTH,Unknown,0.027326424,2026-09-21,0.011600036621093768,0.0024986230485221127,10.420742,0.098,0.167,0.05251
BSMU,Unknown,0.027324378,2026-09-21,-0.012829718198908546,0.0022563123341076707,10.420742,0.098,0.167,0.05251
UCRD,Unknown,0.027226193,2026-09-21,-0.004029178686802637,0.002802263107080142,10.420742,0.098,0.167,0.05251
BSMV,Unknown,0.027224222,2026-09-21,-0.012085997561804951,0.0019176078905976956,10.420742,0.098,0.167,0.05251
BSSX,Unknown,0.027172055,2026-09-21,-0.005805955995652701,0.0033391978020146378,10.420742,0.098,0.167,0.05251
IBTQ,Unknown,0.02715886,2026-09-21,-0.01940049145380285,0.003335581169588913,10.420742,0.098,0.167,0.05251
CHPG,Financial Services,0.027156303,2026-09-21,0.03984059960658093,0.0021137112474471716,10.420742,0.098,0.167,0.05251
BPYPN,Real Estate,0.02707945,2026-09-21,0.10232172387347838,0.006680538192696997,10.420742,0.053,0.167,-0.00273
ZTRE,Unknown,0.027076367,2026-09-21,0.0149596144625046,0.0014208175494859372,10.420742,0.098,0.167,0.05251
TAXE,Unknown,0.027049951,2026-09-21,0.00601347549092468,0.0015198856194145168,10.420742,0.098,0.167,0.05251
VLYPN,Unknown,0.027002528,2026-09-21,0.06289031619652041,0.004689324528502219,10.420742,0.098,0.167,0.05251
CCSB,Unknown,0.026941609,2026-09-21,0.0026825069724276673,0.0023381844642671964,10.420742,0.098,0.167,0.05251
FMUB,Unknown,0.02693623,2026-09-21,0.002926285899501835,0.002454339714562875,10.420742,0.098,0.167,0.05251
GOVI,Unknown,0.026852686,2026-09-21,-0.027102804736546582,0.00402659994808837,10.420742,0.098,0.167,0.05251
IEF,Unknown,0.026827917,2026-09-21,-0.02004399815986513,0.003288093082731791,10.420742,0.098,0.167,0.05251
WTMY,Unknown,0.026755104,2026-09-21,-0.006678203721682596,0.0020755005625485838,10.420742,0.098,0.167,0.05251
UYLD,Unknown,0.026724298,2026-09-21,0.03953967808648784,0.0005780149549297392,10.420742,0.098,0.167,0.05251
BSCY,Unknown,0.026640268,2026-09-21,-0.01013777827620288,0.00299865656727177,10.420742,0.098,0.167,0.05251
FINY,Unknown,0.02662569,2026-09-21,0.031088115865008925,0.00521978895702743,10.420742,0.098,0.167,0.05251
TDACU,Unknown,0.026583666,2026-09-18,0.20865386114318052,0.0,10.420742,0.098,0.167,0.05251
DNMXU,Unknown,0.02657819,2026-09-21,0.031088115865008925,0.0011072961474767689,10.420742,0.098,0.167,0.05251
LATA,Unknown,0.026569499,2026-09-21,0.031088115865008925,0.0008629531157456344,10.420742,0.098,0.167,0.05251
OCCIN,Unknown,0.02655691,2026-09-21,0.07778325728558633,0.0015103628576984382,10.420742,0.098,0.167,0.05251
MBS,Unknown,0.026534187,2026-09-21,0.014274139431301958,0.0025751070925687757,10.420742,0.098,0.167,0.05251
NMFCZ,Unknown,0.026518015,2026-09-21,0.08659725917639349,0.0023196957833002655,10.420742,0.098,0.167,0.05251
DYFI,Unknown,0.026477609,2026-09-21,0.005577919343461746,0.0014638858422888362,10.420742,0.098,0.167,0.05251
MBNKO,Unknown,0.026464509,2026-09-21,0.0975008788607572,0.003628498249041078,10.420742,0.098,0.167,0.05251
TQQY,Unknown,0.026438808,2026-09-21,0.01927332836619522,0.004853297462675088,10.420742,0.098,0.167,0.05251
IBTJ,Unknown,0.026416479,2026-09-21,0.004706227862889323,0.0012234728501602362,10.420742,0.098,0.167,0.05251
TAXI,Unknown,0.026415767,2026-09-21,0.003637452156308507,0.00140209679505762,10.420742,0.098,0.167,0.05251
PQAP,Unknown,0.026377834,2026-09-18,0.17768011641142278,0.002711360944203463,10.420742,0.098,0.167,0.05251
OXLCZ,Unknown,0.026376523,2026-09-21,0.08302057740066915,0.0017237514896168403,10.420742,0.098,0.167,0.05251
DMAA,Unknown,0.026316319,2026-09-21,0.054309341713298265,0.001057012241407133,10.420742,0.098,0.167,0.05251
UTEN,Unknown,0.026243266,2026-09-21,-0.021759649160087102,0.0036258518964555667,10.420742,0.098,0.167,0.05251
UFIV,Unknown,0.026189616,2026-09-21,-0.013399524245817362,0.002171497178040239,10.420742,0.098,0.167,0.05251
IBTP,Unknown,0.026162896,2026-09-21,-0.01847417876616253,0.0030938711730980305,10.420742,0.098,0.167,0.05251
BSMT,Unknown,0.026136452,2026-09-21,-0.002867422966919997,0.0023498834343780154,10.420742,0.098,0.167,0.05251
USVN,Unknown,0.026094703,2026-09-18,-0.0233796152018656,0.0027733876845758513,10.420742,0.098,0.167,0.05251
DGCB,Unknown,0.02609193,2026-09-21,0.005238365827686886,0.0029859821074041367,10.420742,0.098,0.167,0.05251
HIDE,Unknown,0.02607583,2026-09-21,0.10445459679413194,0.0020706528820718636,10.420742,0.098,0.167,0.05251
VGIT,Unknown,0.026069783,2026-09-21,-0.009514293757635461,0.0023818144190198886,10.420742,0.098,0.167,0.05251
MACIU,Unknown,0.026058635,2026-09-18,0.07244997573539735,0.0,10.420742,0.098,0.167,0.05251
BEDY,Unknown,0.026053486,2026-09-21,0.031088115865008925,0.005289859439208781,10.420742,0.098,0.167,0.05251
IBTK,Unknown,0.026047183,2026-09-21,-0.0043876926216454,0.0017538065153483533,10.420742,0.098,0.167,0.05251
WABF,Unknown,0.026009848,2026-09-18,-0.012302943993405369,0.0028383071461660736,10.420742,0.098,0.167,0.05251
BSCX,Unknown,0.02598279,2026-09-21,-0.010898537445070966,0.0026977961980011907,10.420742,0.098,0.167,0.05251
MYCJ,Unknown,0.025979688,2026-09-21,0.006211229504795135,0.0018615903659435062,10.420742,0.098,0.167,0.05251
UBND,Unknown,0.025946528,2026-09-21,0.0010012395004384,0.0025491445786069303,10.420742,0.098,0.167,0.05251
MYCK,Unknown,0.025930105,2026-09-21,0.0005987949153505312,0.0022071589249330415,10.420742,0.098,0.167,0.05251
BSCV,Unknown,0.025924776,2026-09-21,-0.004741298898030433,0.0022672266429430753,10.420742,0.098,0.167,0.05251
FID,Unknown,0.025865804,2026-09-21,0.19750479282875366,0.004248334382647268,10.420742,0.098,0.167,0.05251
UEVM,Unknown,0.025751896,2026-09-21,0.11007660489283966,0.005548159227599978,10.420742,0.098,0.167,0.05251
VCRB,Unknown,0.02574768,2026-09-21,0.0009390222311322916,0.002580554216927333,10.420742,0.098,0.167,0.05251
FVAV,Unknown,0.025736408,2026-09-18,0.031088115865008925,0.004854569508266268,10.420742,0.098,0.167,0.05251
DFGP,Unknown,0.02573455,2026-09-21,0.0031382380942543975,0.0030517380738533575,10.420742,0.098,0.167,0.05251
OXLCO,Unknown,0.025720749,2026-09-21,0.08425839789293055,0.0031267951711100514,10.420742,0.098,0.167,0.05251
WTBN,Unknown,0.0257115,2026-09-21,-0.011179215036886236,0.0029038094561872284,10.420742,0.098,0.167,0.05251
NDAA,Unknown,0.025667189,2026-09-21,0.15105148594713014,0.004867330181524509,10.420742,0.098,0.167,0.05251
TMB,Unknown,0.025644608,2026-09-21,0.012686904320511339,0.0017763639893963424,10.420742,0.098,0.167,0.05251
USIG,Unknown,0.025615588,2026-09-21,-0.0028795495621295464,0.0028831396126455917,10.420742,0.098,0.167,0.05251
DUKH,Unknown,0.025613362,2026-09-21,0.005358599719674784,0.0023178611036314316,10.420742,0.098,0.167,0.05251
BSCU,Unknown,0.025609352,2026-09-21,0.002569438261478707,0.001923748723112125,10.420742,0.098,0.167,0.05251
ISHG,Unknown,0.025593197,2026-09-21,-0.004579905734530043,0.003024566144116031,10.420742,0.098,0.167,0.05251
AIRTP,Industrials,0.0255912,2026-09-21,0.0870136074201242,0.003951132417890221,10.420742,0.629,0.167,1.5743401
TMTS,Unknown,0.025542565,2026-09-21,0.031088115865008925,0.00036415973445561364,10.420742,0.098,0.167,0.05251
BND,Unknown,0.025522614,2026-09-21,-0.001761140292723784,0.002657780303922742,10.420742,0.098,0.167,0.05251
CZR,Unknown,0.025521792,2026-09-21,0.12367429333996482,0.001211068759635247,10.420742,0.098,0.167,0.05251
VMBS,Unknown,0.025488103,2026-09-21,0.008162947937681242,0.003269105038207279,10.420742,0.098,0.167,0.05251
TAXT,Unknown,0.025459914,2026-09-21,0.005137865005522935,0.002182308335954422,10.420742,0.098,0.167,0.05251
IEI,Unknown,0.025457276,2026-09-21,-0.008143625931809062,0.002133363543395146,10.420742,0.098,0.167,0.05251
VCIT,Unknown,0.025322054,2026-09-21,-0.005634477312176034,0.0030217052123646597,10.420742,0.098,0.167,0.05251
TDSB,Unknown,0.02530964,2026-09-21,0.10130247864471942,0.0037131229912561654,10.420742,0.098,0.167,0.05251
ALISU,Financial Services,0.025293171,2026-09-18,0.031088115865008925,0.0,10.420742,0.098,0.167,3.8968399
IBTM,Unknown,0.025274599,2026-09-21,-0.013280522220044166,0.002447457789474744,10.420742,0.098,0.167,0.05251
MBB,Unknown,0.025262596,2026-09-21,0.006151028317317397,0.003467710948217167,10.420742,0.098,0.167,0.05251
IBTL,Unknown,0.025259145,2026-09-21,-0.009772625991980921,0.002158718480951118,10.420742,0.098,0.167,0.05251
BGRN,Unknown,0.025220284,2026-09-21,0.001873819772847618,0.002038775436866477,10.420742,0.098,0.167,0.05251
IUSB,Unknown,0.025217276,2026-09-21,0.0021591037138883884,0.002634585946169554,10.420742,0.098,0.167,0.05251
IBTO,Unknown,0.025201784,2026-09-21,-0.016769565746292847,0.002923387214064061,10.420742,0.098,0.167,0.05251
UITB,Unknown,0.025157603,2026-09-21,-0.002962372777236988,0.002679374004711213,10.420742,0.098,0.167,0.05251
HISF,Unknown,0.025152972,2026-09-21,0.002791760937726151,0.00243668190896185,10.420742,0.098,0.167,0.05251
PLA,Unknown,0.025152082,2026-09-21,0.031088115865008925,0.002965962010594703,10.420742,0.098,0.167,0.05251
FXACU,Unknown,0.025151042,2026-09-21,0.031088115865008925,0.001344846088624299,10.420742,0.098,0.167,0.05251
VPLS,Unknown,0.025113879,2026-09-21,0.004417742692255366,0.0025672301328594927,10.420742,0.098,0.167,0.05251
UTRE,Unknown,0.025085695,2026-09-21,0.0028502260171723304,0.0014220450665110942,10.420742,0.098,0.167,0.05251
GEGGL,Unknown,0.025069764,2026-09-21,0.0827850040926752,0.004824600935164585,10.420742,0.098,0.167,0.05251
TBPH,Unknown,0.025067387,2026-09-21,0.17899095722998148,0.0011405481616686517,10.420742,0.098,0.167,0.05251
DYNB,Unknown,0.025008395,2026-09-21,0.031088115865008925,0.0021745725396129165,10.420742,0.098,0.167,0.05251
VTC,Unknown,0.024916193,2026-09-21,-0.004767710139554793,0.0028833517708496386,10.420742,0.098,0.167,0.05251
BNDW,Unknown,0.024903348,2026-09-21,-0.0009210394987149151,0.002564994945804588,10.420742,0.098,0.167,0.05251
ALDF,Financial Services,0.024863373,2026-09-21,0.04339438902904824,0.000531690808310332,10.420742,0.098,-0.117,0.05251
BUSEP,Financial Services,0.024832664,2026-09-21,0.019600156625397158,0.004684141367956777,10.420742,-0.009,0.327,0.09634
CHSCP,Consumer Defensive,0.02482999,2026-09-21,-0.06368532091857604,0.003182538623860108,10.420742,0.186,0.167,0.05251
CPLS,Unknown,0.024813145,2026-09-21,-0.006229330957629897,0.002714033408146128,10.420742,0.098,0.167,0.05251
ZTOP,Unknown,0.024784071,2026-09-18,0.03101611947946825,0.001930232320382286,10.420742,0.098,0.167,0.05251
EVYM,Unknown,0.024699407,2026-09-21,0.027625678644424667,0.004088794947178326,10.420742,0.098,0.167,0.05251
OXSQH,Unknown,0.02469579,2026-09-21,0.0820415901839322,0.0037366467291265245,10.420742,0.098,0.167,0.05251
IACO,Unknown,0.024681045,2026-09-21,0.031088115865008925,0.0007257118454167831,10.420742,0.098,0.167,0.05251
QB,Unknown,0.024674447,2026-09-18,0.2064951067002294,0.0031349202693442242,10.420742,0.098,0.167,0.05251
MYCM,Unknown,0.024669105,2026-09-18,-0.006573814615089657,0.0026665376489401972,10.420742,0.098,0.167,0.05251
GSHR,Unknown,0.024607306,2026-09-21,0.04142012446483956,0.0016752706123023286,10.420742,0.098,0.167,0.05251
MYCL,Unknown,0.024554426,2026-09-18,-0.006597730232327903,0.002579740903163569,10.420742,0.098,0.167,0.05251
GTR,Unknown,0.024544233,2026-09-21,0.13222579675000268,0.0040684504085341435,10.420742,0.098,0.167,0.05251
GAINZ,Unknown,0.024532797,2026-09-21,0.04881910518288035,0.00354281536153487,10.420742,0.098,0.167,0.05251
IGIB,Unknown,0.024528088,2026-09-21,-0.004790193002807253,0.0030108875119527127,10.420742,0.098,0.167,0.05251
FIXD,Unknown,0.02450514,2026-09-21,-0.004364965582839275,0.0029237590455004703,10.420742,0.098,0.167,0.05251
WTMU,Unknown,0.024390316,2026-09-18,-0.011543970193827469,0.0019417552516532253,10.420742,0.098,0.167,0.05251
SCII,Unknown,0.024372848,2026-09-18,0.031088115865008925,0.001240803701603431,10.420742,0.098,0.167,0.05251
ONCHU,Unknown,0.024344869,2026-09-21,-0.007611790862402823,0.0024902502144406257,10.420742,0.098,0.167,0.05251
PFM,Unknown,0.024333077,2026-09-21,0.12164677028286941,0.004452241897081624,10.420742,0.098,0.167,0.05251
TRBF,Unknown,0.024264172,2026-09-18,0.031088115865008925,0.0026260990440476048,10.420742,0.098,0.167,0.05251
EVOX,Unknown,0.02424614,2026-09-18,0.031088115865008925,0.0006337124274013821,10.420742,0.098,0.167,0.05251
GIX,Unknown,0.02424614,2026-09-18,0.031088115865008925,0.0011636530728667937,10.420742,0.098,0.167,0.05251
LWACU,Unknown,0.02424614,2026-09-18,0.03496497700225398,0.0,10.420742,0.098,0.167,0.05251
AES,Utilities,0.024228608,2026-09-21,0.2017761388998045,0.0014114677944974615,6.256064,0.199,0.167,0.095740005
TPLS,Unknown,0.024177842,2026-09-18,-0.003061673967756695,0.0029440272575678352,10.420742,0.098,0.167,0.05251
FIGX,Unknown,0.024147281,2026-09-18,0.03406815312455436,0.0011196536624773952,10.420742,0.098,0.167,0.05251
IGOV,Unknown,0.024139453,2026-09-21,-0.03554718682436053,0.004414440175849593,10.420742,0.098,0.167,0.05251
THYM,Unknown,0.024124859,2026-09-21,0.031088115865008925,0.0032612502648367353,10.420742,0.098,0.167,0.05251
LQ,Unknown,0.024113473,2026-09-21,0.031088115865008925,0.004685303469182556,10.420742,0.098,0.167,0.05251
GIW,Unknown,0.024092807,2026-09-21,0.031088115865008925,0.0007472248037167795,10.420742,0.098,0.167,0.05251
MYCN,Unknown,0.024091657,2026-09-18,-0.009256013721240075,0.002954425715032726,10.420742,0.098,0.167,0.05251
CTAAU,Unknown,0.024085734,2026-09-18,0.031088115865008925,0.0006418105904468615,10.420742,0.098,0.167,0.05251
TWLV,Unknown,0.024049597,2026-09-21,0.031088115865008925,0.0022870178641968943,10.420742,0.098,0.167,0.05251
MBVI,Unknown,0.024002032,2026-09-21,0.031088115865008925,0.0008164401478380004,10.420742,0.098,0.167,0.05251
ZKP,Unknown,0.024002032,2026-09-21,0.031088115865008925,0.0010381254936920464,10.420742,0.098,0.167,0.05251
ENDW,Unknown,0.023991784,2026-09-21,0.18702493856673885,0.00447426555390914,10.420742,0.098,0.167,0.05251
MYMK,Unknown,0.02396576,2026-09-18,-0.0009381154993575169,0.001551361485736383,10.420742,0.098,0.167,0.05251
DMII,Unknown,0.023960691,2026-09-21,0.031088115865008925,0.001217262482418151,10.420742,0.098,0.167,0.05251
SSAC,Unknown,0.023942286,2026-09-21,0.031088115865008925,0.0011357554728314264,10.420742,0.098,0.167,0.05251
GNMA,Unknown,0.023853486,2026-09-21,0.006343056410094805,0.003780961255683356,10.420742,0.098,0.167,0.05251
MYHE,Unknown,0.023840986,2026-09-18,0.031088115865008925,0.0022265912714514256,10.420742,0.098,0.167,0.05251
DBCA,Unknown,0.023831785,2026-09-21,0.031088115865008925,0.0015007504657335111,10.420742,0.098,0.167,0.05251
OBA,Unknown,0.023806244,2026-09-21,0.03927486179886208,0.0009508336593143937,10.420742,0.098,0.167,0.05251
TDAC,Unknown,0.023788514,2026-09-21,0.05125722680367106,0.001706990009485425,10.420742,0.098,0.167,0.05251
MESH,Unknown,0.023738498,2026-09-21,0.031088115865008925,0.0012003571562445197,10.420742,0.098,0.167,0.05251
FIGXU,Unknown,0.02373116,2026-09-18,0.029820996475860673,0.00021602954846041986,10.420742,0.098,0.167,0.05251
ADACU,Financial Services,0.02373116,2026-09-18,0.031088115865008925,0.0004153021788124366,10.420742,0.098,0.167,0.05251
CCIIU,Financial Services,0.023708563,2026-09-21,0.017492741092621555,0.0023248271418304677,10.420742,0.098,0.167,0.05251
SPEG,Unknown,0.023687404,2026-09-21,0.042211063753273104,0.0011670816699656211,10.420742,0.098,0.167,0.05251
SVCC,Unknown,0.023678027,2026-09-18,0.0359572290506065,0.0007728168499272253,10.420742,0.098,0.167,0.05251
DYNC,Unknown,0.02366561,2026-09-21,0.018656698160751883,0.002295185880508836,10.420742,0.098,0.167,0.05251
RREV,Unknown,0.02352522,2026-09-18,0.031088115865008925,0.0003976088827683601,10.420742,0.098,0.167,0.05251
OCCIM,Unknown,0.023523623,2026-09-18,0.07003201597975228,0.0007882863826291761,10.420742,0.098,0.167,0.05251
IEAG,Unknown,0.023522597,2026-09-18,0.031088115865008925,0.0025280094884473185,10.420742,0.098,0.167,0.05251
SZZL,Unknown,0.023520045,2026-09-21,0.039225468692585475,0.0016907239309442894,10.420742,0.098,0.167,0.05251
HCMAU,Unknown,0.023517586,2026-09-21,0.03152715867243261,0.0,10.420742,0.098,0.167,0.05251
IRHO,Unknown,0.023498196,2026-09-21,0.031088115865008925,0.0007149285868415597,10.420742,0.098,0.167,0.05251
FBYY,Unknown,0.02344801,2026-09-18,0.031088115865008925,0.0034497857527196973,10.420742,0.098,0.167,0.05251
SDSI,Unknown,0.023417464,2026-09-21,0.02469197456878902,0.0011154839608924617,10.420742,0.098,0.167,0.05251
FLDB,Unknown,0.023417458,2026-09-21,0.036744474275675065,0.0005135569086143199,10.420742,0.098,0.167,0.05251
SSACU,Unknown,0.02341017,2026-09-21,0.031088115865008925,0.0017985550466992043,10.420742,0.098,0.167,0.05251
WENNU,Unknown,0.023354074,2026-09-21,0.0076923006385032355,0.00042753585561185946,10.420742,0.098,0.167,0.05251
XCBE,Unknown,0.023342479,2026-09-18,0.031088115865008925,0.0004474359470235434,10.420742,0.098,0.167,0.05251
FMHI,Unknown,0.023305677,2026-09-21,0.01093481356288084,0.0032784354061646346,10.420742,0.098,0.167,0.05251
CUB,Unknown,0.023281518,2026-09-21,0.03523808433896014,0.0009183947602430218,10.420742,0.098,0.167,0.05251
VBCB,Unknown,0.02326767,2026-09-21,0.031088115865008925,0.0008455056272302383,10.420742,0.098,0.167,0.05251
RWAYL,Unknown,0.023220386,2026-09-21,0.07624436904418719,0.000997159999328111,10.420742,0.098,0.167,0.05251
CPAG,Unknown,0.02320429,2026-09-21,-0.010191557865187884,0.002735050198131368,10.420742,0.098,0.167,0.05251
BSCR,Unknown,0.02313543,2026-09-21,0.03150562265429224,0.0008402501011671595,10.420742,0.098,0.167,0.05251
MDIV,Unknown,0.023033809,2026-09-21,0.08266762798860561,0.0030744449855358517,10.420742,0.098,0.167,0.05251
SSEA,Unknown,0.022999754,2026-09-21,0.031088115865008925,0.002200888606196122,10.420742,0.098,0.167,0.05251
AMUN,Unknown,0.022991933,2026-09-21,0.031088115865008925,0.0005362951971259433,10.420742,0.098,0.167,0.05251
HCAC,Unknown,0.02296221,2026-09-21,0.031088115865008925,0.0006544992028347498,10.420742,0.098,0.167,0.05251
WTFCN,Unknown,0.022939714,2026-09-21,0.05453171552876612,0.002239144855216689,10.420742,0.098,0.167,0.05251
PTOR,Unknown,0.022929333,2026-09-21,0.031088115865008925,0.0007896032028999522,10.420742,0.098,0.167,0.05251
BSMQ,Unknown,0.022845995,2026-09-21,0.016551054347279104,0.0008445786694064749,10.420742,0.098,0.167,0.05251
FEMB,Unknown,0.02274745,2026-09-21,0.04949270091138103,0.004308401462583857,10.420742,0.098,0.167,0.05251
BSCQ,Unknown,0.02271259,2026-09-21,0.036066140135184055,0.0007446375834183236,10.420742,0.098,0.167,0.05251
TVAI,Unknown,0.022661498,2026-09-21,0.033864557159334785,0.0005943334492396616,10.420742,0.098,0.167,0.05251
MYHD,Unknown,0.022653237,2026-09-21,0.031088115865008925,0.0018964009082560469,10.420742,0.098,0.167,0.05251
XSLL,Unknown,0.022649575,2026-09-21,0.031088115865008925,0.0009814094772079237,10.420742,0.098,0.167,0.05251
OBIL,Unknown,0.022608258,2026-09-21,0.030176958834136514,0.00041222991087316846,10.420742,0.098,0.167,0.05251
ZMUN,Unknown,0.022593403,2026-09-21,0.031088115865008925,0.000825868079712908,10.420742,0.098,0.167,0.05251
MYHB,Unknown,0.022563169,2026-09-18,0.031088115865008925,0.0009373346291371853,10.420742,0.098,0.167,0.05251
MYHC,Unknown,0.02254988,2026-09-18,0.031088115865008925,0.0014441490315615741,10.420742,0.098,0.167,0.05251
PMTR,Unknown,0.02252495,2026-09-21,0.01863014859309242,0.0009957207671803228,10.420742,0.098,0.167,0.05251
DMAAU,Unknown,0.022483855,2026-09-18,0.021780258816000764,0.0,10.420742,0.098,0.167,0.05251
GSRFU,Unknown,0.022483855,2026-09-18,0.04752470535713771,0.0,10.420742,0.098,0.167,0.05251
BSCT,Unknown,0.022480153,2026-09-21,0.01115981538270705,0.0014959406918484733,10.420742,0.098,0.167,0.05251
EVPF,Unknown,0.022472123,2026-09-21,0.031088115865008925,0.00258893034676677,10.420742,0.098,0.167,0.05251
EVOXU,Unknown,0.022466125,2026-09-21,0.031088115865008925,0.0007641243635219798,10.420742,0.098,0.167,0.05251
FTSM,Unknown,0.022455687,2026-09-21,0.0356880644778621,0.0002697839565100933,10.420742,0.098,0.167,0.05251
USSH,Unknown,0.022452375,2026-09-21,0.01433526060007706,0.0009019102429040352,10.420742,0.098,0.167,0.05251
USIN,Unknown,0.022445312,2026-09-18,-0.02704690077189298,0.003143401827262412,10.420742,0.098,0.167,0.05251
SOCA,Unknown,0.022441722,2026-09-18,0.038114353486789154,0.0006390139555361741,10.420742,0.098,0.167,0.05251
SAAQ,Unknown,0.022406945,2026-09-21,0.031088115865008925,0.0012785307916085289,10.420742,0.098,0.167,0.05251
GUACU,Unknown,0.022378573,2026-09-21,0.031088115865008925,0.0016208140686083678,10.420742,0.098,0.167,0.05251
RBIL,Unknown,0.022350576,2026-09-21,0.03778890490423059,0.00044322742191258644,10.420742,0.098,0.167,0.05251
IPFX,Unknown,0.022328798,2026-09-21,0.031088115865008925,0.0011317249423458819,10.420742,0.098,0.167,0.05251
VBCA,Unknown,0.022278715,2026-09-21,0.031088115865008925,0.0002977121602118281,10.420742,0.098,0.167,0.05251
MCAHU,Unknown,0.022240635,2026-09-18,0.031088115865008925,0.0,10.420742,0.098,0.167,0.05251
FMACU,Unknown,0.022240635,2026-09-18,0.031088115865008925,0.0,10.420742,0.098,0.167,0.05251
IBTR,Unknown,0.022221744,2026-09-21,0.031088115865008925,0.0033462361311391137,10.420742,0.098,0.167,0.05251
SVIV,Unknown,0.022219248,2026-09-21,0.031088115865008925,0.0008929061089699594,10.420742,0.098,0.167,0.05251
LKSPU,Unknown,0.022212146,2026-09-18,0.031088115865008925,0.0,10.420742,0.098,0.167,0.05251
OACCU,Unknown,0.022212146,2026-09-18,0.03764143394465047,0.0,10.420742,0.098,0.167,0.05251
LPAAU,Unknown,0.022212146,2026-09-18,0.05069030451287082,0.0,10.420742,0.098,0.167,0.05251
SJLD,Unknown,0.02217958,2026-09-18,0.03252882912246213,0.0007333969199769295,10.420742,0.098,0.167,0.05251
NUSB,Unknown,0.022160249,2026-09-21,0.03854508741324558,0.00016263882898178984,10.420742,0.098,0.167,0.05251
BDGS,Unknown,0.022153158,2026-09-21,0.11598891392625066,0.004747369903321031,10.420742,0.098,0.167,0.05251
AACIU,Financial Services,0.022060106,2026-09-18,0.031088115865008925,0.0,10.420742,0.098,0.167,0.05251
DSACU,Unknown,0.022060106,2026-09-18,0.031088115865008925,0.0,10.420742,0.098,0.167,0.05251
GSHRU,Unknown,0.022060106,2026-09-18,0.03009703497105143,0.0,10.420742,0.098,0.167,0.05251
SZZLU,Unknown,0.022060106,2026-09-18,0.033333348916247285,0.0,10.420742,0.098,0.167,0.05251
QADRU,Unknown,0.022060106,2026-09-18,0.031088115865008925,0.0,10.420742,0.098,0.167,0.05251
MMTX,Unknown,0.022057233,2026-09-18,0.031088115865008925,0.001646258318164377,10.420742,0.098,0.167,0.05251
CHARU,Financial Services,0.022045348,2026-09-18,0.01016641529150708,0.0,10.420742,0.098,-0.27,0.05251
OACC,Unknown,0.022034427,2026-09-21,0.024320469507933984,0.001884205177706621,10.420742,0.098,0.167,0.05251
BKMI,Unknown,0.022032855,2026-09-21,0.031088115865008925,0.0018477138550523843,10.420742,0.098,0.167,0.05251
LPBBU,Unknown,0.022031842,2026-09-18,0.01591760968504463,0.0,10.420742,0.098,0.167,0.05251
BUFI,Unknown,0.022021992,2026-09-21,0.1111682868495234,0.004641959946106901,10.420742,0.098,0.167,0.05251
RFAM,Unknown,0.021979675,2026-09-18,0.031088115865008925,0.0025906810362187117,10.420742,0.098,0.167,0.05251
PFXNZ,Unknown,0.021964451,2026-09-21,0.06985343291109603,0.0021834848035158106,10.420742,0.098,0.167,0.05251
ILLUU,Unknown,0.021933911,2026-09-18,0.031088115865008925,0.0,10.420742,0.098,0.167,0.05251
MBINL,Unknown,0.021929467,2026-09-21,0.1343002595849574,0.0031667037358681926,10.420742,0.098,0.167,0.05251
MULT,Unknown,0.02191973,2026-09-18,0.012130207357213152,0.002340571684715635,10.420742,0.098,0.167,0.05251
WSBCO,Unknown,0.021886108,2026-09-21,0.06424527267823876,0.002895460775145858,10.420742,0.098,0.167,0.05251
IBTI,Unknown,0.021822194,2026-09-21,0.015647558883755464,0.0007861380237330806,10.420742,0.098,0.167,0.05251
MYHA,Unknown,0.02180304,2026-09-18,0.031088115865008925,0.0006367523755263078,10.420742,0.098,0.167,0.05251
FRMEP,Unknown,0.02179635,2026-09-18,0.060534861287618424,0.004486208830462594,10.420742,0.098,0.167,0.05251
SUSB,Unknown,0.021783218,2026-09-21,0.014732659803388115,0.001366889066369356,10.420742,0.098,0.167,0.05251
EVSD,Unknown,0.021780776,2026-09-21,0.01999717104017984,0.001189514354844062,10.420742,0.098,0.167,0.05251
USAF,Unknown,0.021771364,2026-09-18,0.06364042978463735,0.002932290029829966,10.420742,0.098,0.167,0.05251
OXLCG,Unknown,0.02176709,2026-09-21,0.08180323802410516,0.002327548331083664,10.420742,0.098,0.167,0.05251
KCHV,Unknown,0.021762349,2026-09-18,0.04281008928622421,0.0004180612209838333,10.420742,0.098,0.167,0.05251
VWOB,Unknown,0.02176147,2026-09-21,0.0330066814497707,0.0030465276246823014,10.420742,0.098,0.167,0.05251
HBANL,Unknown,0.021761458,2026-09-21,0.0366381987406732,0.0030323785596678135,10.420742,0.098,0.167,0.05251
LOTI,Unknown,0.021704769,2026-09-21,0.031088115865008925,0.0032891924381390158,10.420742,0.098,0.167,0.05251
VTIP,Unknown,0.02167633,2026-09-21,0.014471128678395173,0.001263964119081349,10.420742,0.098,0.167,0.05251
MYCG,Unknown,0.021666747,2026-09-21,0.03693816160551844,0.0002556407419550188,10.420742,0.098,0.167,0.05251
QUMS,Unknown,0.021665255,2026-09-21,0.031088115865008925,0.0006280194863565982,10.420742,0.098,0.167,0.05251
NPAC,Unknown,0.021658832,2026-09-21,0.03560837018563068,0.0011065403362387192,10.420742,0.098,0.167,0.05251
LFAC,Unknown,0.021622151,2026-09-21,0.031088115865008925,0.0005071627562103355,10.420742,0.098,0.167,0.05251
DAAQ,Unknown,0.021612817,2026-09-21,0.023506343802298657,0.0007887370698061363,10.420742,0.098,0.167,0.05251
KOYN,Unknown,0.021604793,2026-09-21,0.031088115865008925,0.0007312242701314278,10.420742,0.098,0.167,0.05251
WENN,Unknown,0.021559704,2026-09-21,0.023118510335381037,0.000416017098800035,10.420742,0.098,0.167,0.05251
ONBPO,Unknown,0.021547645,2026-09-21,0.05598212780021039,0.0031227237116879906,10.420742,0.098,0.167,0.05251
PONOU,Unknown,0.021533433,2026-09-18,0.031088115865008925,0.0,10.420742,0.098,0.167,0.05251
ZHOG,Unknown,0.021528406,2026-09-21,0.016095200405036314,0.001154022944813555,10.420742,0.098,0.167,0.05251
RAA,Unknown,0.021527562,2026-09-21,0.1517027250998595,0.004444696626826995,10.420742,0.098,0.167,0.05251
IGSB,Unknown,0.02151855,2026-09-21,0.017204581245181316,0.0015216992443529052,10.420742,0.098,0.167,0.05251
NMPAU,Unknown,0.021513667,2026-09-18,0.023738944900356218,0.0,10.420742,0.098,0.167,0.05251
ALOVU,Financial Services,0.021513667,2026-09-18,0.031088115865008925,0.0,10.420742,0.098,0.167,0.05251
WLIIU,Unknown,0.021513667,2026-09-18,0.031088115865008925,0.0,10.420742,0.098,0.167,0.05251
TAVI,Unknown,0.021508407,2026-09-21,0.04061896229168127,0.0016086736751890667,10.420742,0.098,0.167,0.05251
INBKZ,Unknown,0.021493694,2026-09-21,0.10383759465638986,0.002743841816872531,10.420742,0.098,0.167,0.05251
TRINZ,Unknown,0.021491505,2026-09-18,0.031088115865008925,0.0019084262973202266,10.420742,0.098,0.167,0.05251
CHECU,Financial Services,0.02148375,2026-09-18,0.027054155325459073,0.0,10.420742,0.098,0.167,0.05251
PALOU,Unknown,0.02148375,2026-09-18,0.031088115865008925,0.0,10.420742,0.098,0.167,0.05251
PCAP,Unknown,0.02147309,2026-09-21,0.014677066008911277,0.0006623277787965004,10.420742,0.098,0.167,0.05251
GAING,Unknown,0.021461742,2026-09-21,0.031088115865008925,0.003910248568255291,10.420742,0.098,0.167,0.05251
SJCP,Unknown,0.021458952,2026-09-18,0.024445061548798108,0.0007350024550981521,10.420742,0.098,0.167,0.05251
TWLVU,Unknown,0.021416476,2026-09-18,0.031088115865008925,0.0,10.420742,0.098,0.167,0.05251
QRMI,Unknown,0.021406578,2026-09-21,0.07513922210889556,0.0042690998450565145,10.420742,0.098,0.167,0.05251
HACQ,Unknown,0.021405265,2026-09-21,0.031088115865008925,0.0005583089879483689,10.420742,0.098,0.167,0.05251
LAFA,Unknown,0.02140482,2026-09-21,0.031088115865008925,0.0005022767465855581,10.420742,0.098,0.167,0.05251
BUFM,Unknown,0.02140129,2026-09-21,0.09009489109923385,0.004206746199344267,10.420742,0.098,0.167,0.05251
HBDC,Unknown,0.021397555,2026-09-21,0.01734912174085701,0.001960454540001458,10.420742,0.098,0.167,0.05251
SPEGU,Unknown,0.021395799,2026-09-18,0.03455078221533925,0.0,10.420742,0.098,0.167,0.05251
ORIQU,Unknown,0.02138373,2026-09-18,0.026785759901514217,0.0,10.420742,0.098,0.167,0.05251
OIMAU,Unknown,0.02138373,2026-09-18,0.031088115865008925,0.0,10.420742,0.098,0.167,0.05251
GPATU,Unknown,0.02138373,2026-09-18,0.032833056893025736,0.0,10.420742,0.098,0.167,0.05251
ACGCU,Financial Services,0.02138373,2026-09-18,0.031088115865008925,0.0,10.420742,0.098,0.167,0.05251
CHPGU,Financial Services,0.02138373,2026-09-18,0.02845927122620351,0.0,10.420742,0.098,0.167,0.05251
TRGSU,Unknown,0.02138373,2026-09-18,0.031088115865008925,0.0,10.420742,0.098,0.167,0.05251
IGACU,Unknown,0.02138373,2026-09-18,0.031088115865008925,0.0,10.420742,0.098,0.167,0.05251
GIXXU,Unknown,0.02138373,2026-09-18,0.031088115865008925,0.0,10.420742,0.098,0.167,0.05251
QETAU,Unknown,0.02138373,2026-09-18,0.06180812424933335,0.0,10.420742,0.098,0.167,0.05251
MYXXU,Unknown,0.02138373,2026-09-18,0.031088115865008925,0.0,10.420742,0.098,0.167,0.05251
LCCCU,Unknown,0.02138373,2026-09-18,0.03917723967049769,0.0,10.420742,0.098,0.167,0.05251
BSJW,Unknown,0.021375854,2026-09-21,0.02039059841257651,0.0022909782997240944,10.420742,0.098,0.167,0.05251
MUZE,Unknown,0.021368558,2026-09-21,0.031088115865008925,0.0016991770514075111,10.420742,0.098,0.167,0.05251
OXLCP,Unknown,0.021356316,2026-09-18,0.07049509215155703,4.360721232303097e-10,10.420742,0.098,0.167,0.05251
FALN,Unknown,0.021280786,2026-09-21,0.02226340247489267,0.0026455230065879094,10.420742,0.098,0.167,0.05251
BSMS,Unknown,0.021269025,2026-09-21,0.006219174704419128,0.0009996541238404743,10.420742,0.098,0.167,0.05251
WHFCL,Unknown,0.0212676,2026-09-21,0.07793837512784951,0.001036450827011285,10.420742,0.098,0.167,0.05251
LEND,Unknown,0.021259548,2026-09-21,0.031088115865008925,0.0019433520855325131,10.420742,0.098,0.167,0.05251
VRIG,Unknown,0.021232374,2026-09-21,0.041324041109431775,0.0007990336031068203,10.420742,0.098,0.167,0.05251
DNMX,Unknown,0.021228936,2026-09-21,0.031088115865008925,0.0008037874287624711,10.420742,0.098,0.167,0.05251
SVAQU,Unknown,0.021223864,2026-09-18,0.031088115865008925,0.0,10.420742,0.098,0.167,0.05251
BSJQ,Unknown,0.02121866,2026-09-21,0.026195415645831277,0.001026477575688796,10.420742,0.098,0.167,0.05251
BSJX,Unknown,0.021213906,2026-09-21,0.021087553751211408,0.002326580303987539,10.420742,0.098,0.167,0.05251
GAINI,Unknown,0.021187343,2026-09-21,0.05086111401976301,0.0018521273815150236,10.420742,0.098,0.167,0.05251
VBCI,Unknown,0.021176137,2026-09-21,0.031088115865008925,0.0032889003614957105,10.420742,0.098,0.167,0.05251
QALT,Unknown,0.0211746,2026-09-21,0.08828376134014926,0.0030918137172609773,10.420742,0.098,0.167,0.05251
RANGU,Unknown,0.0211586,2026-09-18,0.02863632548939088,0.0,10.420742,0.098,0.167,0.05251
NPFI,Unknown,0.02114796,2026-09-21,0.03145091791210053,0.0022979883632290392,10.420742,0.098,0.167,0.05251
HYLS,Unknown,0.021134404,2026-09-21,0.01690922757151525,0.002052168481531377,10.420742,0.098,0.167,0.05251
BWBBP,Financial Services,0.021113908,2026-09-18,0.03941118140618305,0.00484598330857465,10.420742,0.184,0.184,0.11003
BRTR,Unknown,0.021109385,2026-09-21,-0.0004800748565807478,0.002601774322338135,10.420742,0.098,0.167,0.05251
CARY,Unknown,0.021105489,2026-09-21,0.024935139217338698,0.001507615029084067,10.420742,0.098,0.167,0.05251
MYCH,Unknown,0.02110486,2026-09-21,0.02437056810508964,0.0008632986911548832,10.420742,0.098,0.167,0.05251
METCZ,Unknown,0.021064855,2026-09-21,-0.0003956646332821112,0.0017343791894347638,10.420742,0.098,0.167,0.05251
WSTNU,Unknown,0.021051321,2026-09-18,0.031088115865008925,0.0,10.420742,0.098,0.167,0.05251
ASEC,Unknown,0.021027902,2026-09-18,0.031088115865008925,0.0012555339738057963,10.420742,0.098,0.167,0.05251
ZTWO,Unknown,0.021025222,2026-09-21,0.02491029454361504,0.0013954023009143787,10.420742,0.098,0.167,0.05251
RANG,Unknown,0.021019487,2026-09-18,0.055555524571985204,0.0012989677889035966,10.420742,0.098,0.167,0.05251
IBTH,Unknown,0.021014389,2026-09-21,0.028762794717368312,0.0003461498920709291,10.420742,0.098,0.167,0.05251
TACO,Unknown,0.02101328,2026-09-21,0.020507816683675628,0.0012373635009795265,10.420742,0.098,0.167,0.05251
VNMEU,Unknown,0.02098922,2026-09-21,0.032967024591458616,0.0008683750693638019,10.420742,0.098,0.167,0.05251
MKAM,Unknown,0.020952124,2026-09-18,0.09162564181272037,0.003130522099702148,10.420742,0.098,0.167,0.05251
CPHY,Unknown,0.020935457,2026-09-21,0.012157696364750947,0.0019410696476983235,10.420742,0.098,0.167,0.05251
SPAQ,Unknown,0.020929452,2026-09-18,0.08994974798468158,0.0018310924321370268,10.420742,0.098,0.167,0.05251
HCIC,Unknown,0.02091153,2026-09-21,0.031088115865008925,0.0009334398395564664,10.420742,0.098,0.167,0.05251
CALI,Unknown,0.020869663,2026-09-21,0.013959895433356628,0.0008022457106302663,10.420742,0.098,0.167,0.05251
USFI,Unknown,0.02080739,2026-09-18,0.002871268020365747,0.001970147569252814,10.420742,0.098,0.167,0.05251
VGUS,Unknown,0.020785673,2026-09-21,0.03626258193049248,0.00013522792830286174,10.420742,0.098,0.167,0.05251
QSEA,Unknown,0.020777289,2026-09-21,0.05034553041660872,0.0009732722429921971,10.420742,0.098,0.167,0.05251
MBINN,Unknown,0.020742431,2026-09-21,0.014228268107878916,0.0038676023447256256,10.420742,0.098,0.167,0.05251
BPYPO,Real Estate,0.020733213,2026-09-21,0.12003752928570033,0.0030189881316102503,10.420742,0.053,0.167,-0.00273
CHSCN,Consumer Defensive,0.020704996,2026-09-21,0.052704979758599446,0.004040380543011816,10.420742,0.186,0.167,0.05251
SAAQU,Unknown,0.020696899,2026-09-18,0.031088115865008925,0.0028401184223467097,10.420742,0.098,0.167,0.05251
TAXS,Unknown,0.020671472,2026-09-21,0.011173047509288825,0.0008214959765860517,10.420742,0.098,0.167,0.05251
BSJT,Unknown,0.020651866,2026-09-21,0.0312166503072151,0.001687743565799895,10.420742,0.098,0.167,0.05251
OYSEU,Unknown,0.02063832,2026-09-18,0.047151230633292185,0.0,10.420742,0.098,0.167,0.05251
VGSH,Unknown,0.02060613,2026-09-21,0.017090717057835825,0.0008857938910336614,10.420742,0.098,0.167,0.05251
HYXF,Unknown,0.02059497,2026-09-21,0.025485322602240457,0.0017960088821688642,10.420742,0.098,0.167,0.05251
BMOP,Unknown,0.020583075,2026-09-21,0.031088115865008925,0.0030789964404539755,10.420742,0.098,0.167,0.05251
GTOQ,Unknown,0.020570284,2026-09-21,0.025743342038854422,0.002161202165018031,10.420742,0.098,0.167,0.05251
ANGL,Unknown,0.020551266,2026-09-21,0.026509125228620034,0.002554561198353527,10.420742,0.098,0.167,0.05251
MACI,Unknown,0.020546628,2026-09-21,0.04739336407207895,0.0014320097101084674,10.420742,0.098,0.167,0.05251
TMSF,Unknown,0.020544976,2026-09-21,0.031088115865008925,0.002009439070421253,10.420742,0.098,0.167,0.05251
BSJS,Unknown,0.020514978,2026-09-21,0.03522605091683739,0.0015740610111236236,10.420742,0.098,0.167,0.05251
VCSH,Unknown,0.0204881,2026-09-21,0.016848820118601893,0.0014580286432624302,10.420742,0.098,0.167,0.05251
ISTB,Unknown,0.020474091,2026-09-21,0.014200707305932925,0.0014184262188630203,10.420742,0.098,0.167,0.05251
ONBPP,Unknown,0.020466633,2026-09-21,0.054343742351531166,0.0035400745650540646,10.420742,0.098,0.167,0.05251
LDSF,Unknown,0.020431397,2026-09-21,0.017845556624619174,0.0013476846123098717,10.420742,0.098,0.167,0.05251
UTWO,Unknown,0.0203988,2026-09-21,0.014022231806456231,0.0009697058621036624,10.420742,0.098,0.167,0.05251
XBIL,Unknown,0.020370562,2026-09-21,0.036127555254096055,0.00015639100870424327,10.420742,0.098,0.167,0.05251
BSJR,Unknown,0.020363554,2026-09-21,0.029638114164415974,0.000958044411680783,10.420742,0.098,0.167,0.05251
VBCC,Unknown,0.020362137,2026-09-21,0.031088115865008925,0.0014293797121400968,10.420742,0.098,0.167,0.05251
VBCE,Unknown,0.020337915,2026-09-21,0.031088115865008925,0.0022706615740526815,10.420742,0.098,0.167,0.05251
BSJU,Unknown,0.020261917,2026-09-21,0.030759094165464962,0.0018910109484478802,10.420742,0.098,0.167,0.05251
LVIG,Unknown,0.020247959,2026-09-21,0.031088115865008925,0.0025203905859342715,10.420742,0.098,0.167,0.05251
PACH,Unknown,0.020246895,2026-09-21,0.038190967007564414,0.0007496792563734002,10.420742,0.098,0.167,0.05251
HYBI,Unknown,0.020188993,2026-09-21,0.03189429240962105,0.00166849801503899,10.420742,0.098,0.167,0.05251
BCLO,Unknown,0.020160755,2026-09-21,0.06193253636969209,0.0005671670243006752,10.420742,0.098,0.167,0.05251
VBCF,Unknown,0.02012427,2026-09-21,0.031088115865008925,0.002661577792455571,10.420742,0.098,0.167,0.05251
EMCB,Unknown,0.020111326,2026-09-21,0.019326700338410552,0.002161869276476936,10.420742,0.098,0.167,0.05251
GECCI,Unknown,0.020111108,2026-09-21,0.069910236457007,0.0024442599554702076,10.420742,0.098,0.167,0.05251
VBCJ,Unknown,0.019935403,2026-09-21,0.031088115865008925,0.0034550219279947045,10.420742,0.098,0.167,0.05251
CCAQU,Financial Services,0.019908983,2026-09-18,0.04603332666726501,0.0,10.420742,0.098,-0.666,0.05251
CRACU,Financial Services,0.01984157,2026-09-18,0.031088115865008925,0.001963380089481732,10.420742,0.098,5230.917,0.05251
MYCI,Unknown,0.019809686,2026-09-21,0.01614120947900921,0.0012872838044343169,10.420742,0.098,0.167,0.05251
ALFUU,Financial Services,0.01980733,2026-09-18,0.019626172139286746,0.0,10.420742,0.098,-0.636,0.05251
BSMR,Unknown,0.019758372,2026-09-21,0.013002462809433402,0.0010696347963635201,10.420742,0.098,0.167,0.05251
BSCS,Unknown,0.019726401,2026-09-21,0.02089823828060844,0.0012056024149909026,10.420742,0.098,0.167,0.05251
FGIIU,Unknown,0.019715954,2026-09-18,0.031088115865008925,0.0013349540489017784,10.420742,0.098,0.167,0.05251
USTB,Unknown,0.019609373,2026-09-21,0.0279946238596529,0.0008809265028868022,10.420742,0.098,0.167,0.05251
CAPNU,Financial Services,0.019601412,2026-09-18,0.07655504357287835,0.0016014795557717438,10.420742,0.098,-0.469,0.05251
SORN,Unknown,0.019546403,2026-09-18,0.031088115865008925,0.0009819220586004698,10.420742,0.098,0.167,0.05251
THRV,Unknown,0.019521695,2026-09-21,0.031088115865008925,0.0015753140175028533,10.420742,0.098,0.167,0.05251
VBCD,Unknown,0.019510316,2026-09-21,0.031088115865008925,0.0017455331325705494,10.420742,0.098,0.167,0.05251
BNDP,Unknown,0.019500941,2026-09-21,0.031088115865008925,0.002516152505028839,10.420742,0.098,0.167,0.05251
VBCG,Unknown,0.019483289,2026-09-21,0.031088115865008925,0.00274288918554404,10.420742,0.098,0.167,0.05251
BKMS,Unknown,0.01948246,2026-09-21,0.031088115865008925,0.000962674296848272,10.420742,0.098,0.167,0.05251
RFAMU,Unknown,0.019480286,2026-09-21,0.031088115865008925,0.0038479578387418424,10.420742,0.098,0.167,0.05251
VBCH,Unknown,0.019431029,2026-09-21,0.031088115865008925,0.0029081553065838247,10.420742,0.098,0.167,0.05251
LMBS,Unknown,0.01941616,2026-09-21,0.025950963149879325,0.0012750163853082676,10.420742,0.098,0.167,0.05251
RWAYI,Unknown,0.019339193,2026-09-21,0.031088115865008925,0.0030916325393945806,10.420742,0.098,0.167,0.05251
MYCF,Unknown,0.019290825,2026-09-21,0.04019592428293284,0.0003949826550311812,10.420742,0.098,0.167,0.05251
BSJV,Unknown,0.019283673,2026-09-21,0.0176106224871444,0.0019341359604692005,10.420742,0.098,0.167,0.05251
DINE,Unknown,0.019175168,2026-09-21,0.031088115865008925,0.002338660475876389,10.420742,0.098,0.167,0.05251
SDHI,Unknown,0.01916035,2026-09-18,0.04090684505937503,0.0011965301998703103,10.420742,0.098,0.167,0.05251
INAC,Unknown,0.019063838,2026-09-18,0.04020106330375217,0.0008876981771752529,10.420742,0.098,0.167,0.05251
YSPY,Unknown,0.019060975,2026-09-21,0.09987175867947906,0.004300063898787815,10.420742,0.098,0.167,0.05251
PBQQ,Unknown,0.018968487,2026-09-21,0.15675661592861645,0.004109035296054743,10.420742,0.098,0.167,0.05251
ALTY,Unknown,0.018959895,2026-09-21,0.09841369605930539,0.0035903858788415384,10.420742,0.098,0.167,0.05251
TMNS,Unknown,0.018956972,2026-09-18,0.031088115865008925,0.0012987883632054717,10.420742,0.098,0.167,0.05251
IBTG,Unknown,0.01895118,2026-09-21,0.037113669240741665,0.00021656313994139955,10.420742,0.098,0.167,0.05251
IALT,Unknown,0.018931454,2026-09-21,0.031088115865008925,0.004396995157445446,10.420742,0.098,0.167,0.05251
EMB,Unknown,0.01892314,2026-09-21,0.03762593078541898,0.0033059719477301426,10.420742,0.098,0.167,0.05251
SLQD,Unknown,0.018906897,2026-09-21,0.02167662203784282,0.0011280502060709127,10.420742,0.098,0.167,0.05251
PQOC,Unknown,0.018684294,2026-09-21,0.1596891484391938,0.0027241595614061914,10.420742,0.098,0.167,0.05251
ATLCZ,Unknown,0.018614218,2026-09-21,0.08957086276763304,0.0015813388781633212,10.420742,0.098,0.167,0.05251
ANV,Unknown,0.018538073,2026-09-21,0.031088115865008925,0.0030665227557469957,10.420742,0.098,0.167,0.05251
DYOR,Unknown,0.018536776,2026-09-18,0.031088115865008925,0.0003248097411270511,10.420742,0.098,0.167,0.05251
CHSCM,Consumer Defensive,0.018498125,2026-09-21,0.029371733580536352,0.0040842710466511695,10.420742,0.186,0.167,0.05251
VLYPP,Unknown,0.018458879,2026-09-21,0.06605489916262108,0.0026184106497327314,10.420742,0.098,0.167,0.05251
OBAWU,Unknown,0.018252393,2026-09-18,0.04195804862043051,0.0011747255921660256,10.420742,0.098,0.167,0.05251
GECCH,Unknown,0.01804253,2026-09-21,0.06972938809191676,0.0032662061266163014,10.420742,0.098,0.167,0.05251
ITHA,Unknown,0.01801052,2026-09-18,0.031088115865008925,0.002384719381731891,10.420742,0.098,0.167,0.05251
BRHY,Unknown,0.01798966,2026-09-21,0.03192948249604699,0.0026545016554996824,10.420742,0.098,0.167,0.05251
BREM,Unknown,0.017960783,2026-09-18,0.031088115865008925,0.0025160895749579376,10.420742,0.098,0.167,0.05251
LPBB,Unknown,0.017852984,2026-09-21,0.03639847985769418,0.0006139700134897166,10.420742,0.098,0.167,0.05251
FAAA,Unknown,0.017770967,2026-09-21,0.031088115865008925,0.00062784928366986,10.420742,0.098,0.167,0.05251
TBIL,Unknown,0.017714148,2026-09-21,0.03737654993041106,0.00017962960938713125,10.420742,0.098,0.167,0.05251
OXLCN,Unknown,0.017678846,2026-09-21,0.08158179048071701,0.003337145889743309,10.420742,0.098,0.167,0.05251
GTERA,Unknown,0.017523728,2026-09-21,0.046138417836177226,0.000644600037679233,10.420742,0.098,0.167,0.05251
METCI,Unknown,0.017510083,2026-09-21,0.07836882880921747,0.002964564262124987,10.420742,0.098,0.167,0.05251
SVAQ,Unknown,0.017469611,2026-09-21,0.031088115865008925,0.0008073404339041002,10.420742,0.098,0.167,0.05251
GPACU,Unknown,0.017453128,2026-09-18,0.031088115865008925,0.0007227014983191297,10.420742,0.098,0.167,0.05251
CMBO,Unknown,0.017450895,2026-09-21,0.031088115865008925,0.0001267920157457785,10.420742,0.098,0.167,0.05251
ATLCL,Unknown,0.017409246,2026-09-21,0.06771809876866275,0.001142098050940533,10.420742,0.098,0.167,0.05251
SPKL,Unknown,0.017394237,2026-09-21,0.043165512666415884,0.0009450837797156858,10.420742,0.098,0.167,0.05251
PCAPU,Unknown,0.017292453,2026-09-21,0.020211745063312803,0.003281875970288836,10.420742,0.098,0.167,0.05251
WRTH,Unknown,0.017189343,2026-09-21,0.031088115865008925,0.0011810172015002138,10.420742,0.098,0.167,0.05251
FTAIM,Unknown,0.017168572,2026-09-21,0.12752646090271047,0.0036529864800759456,10.420742,0.098,0.167,0.05251
MYMF,Unknown,0.017140064,2026-09-18,0.02061010916074113,0.00048684062739276263,10.420742,0.098,0.167,0.05251
OHACU,Unknown,0.017095122,2026-09-21,0.031088115865008925,0.0025438173785836612,10.420742,0.098,0.167,0.05251
QBUF,Unknown,0.017055474,2026-09-21,0.08691098793270768,0.003944757801729123,10.420742,0.098,0.167,0.05251
NEWTG,Unknown,0.017011156,2026-09-21,0.10054390093146925,0.0028552339520015366,10.420742,0.098,0.167,0.05251
FIYY,Unknown,0.01690262,2026-09-18,0.031088115865008925,0.0031250863213755065,10.420742,0.098,0.167,0.05251
DMIIU,Unknown,0.016877828,2026-09-21,0.031088115865008925,0.00109623309930819,10.420742,0.098,0.167,0.05251
IGAC,Unknown,0.016728045,2026-09-21,0.031088115865008925,0.0009253263708452898,10.420742,0.098,0.167,0.05251
OXSQG,Unknown,0.016656604,2026-09-21,0.07127119890052858,0.0031679392900312935,10.420742,0.098,0.167,0.05251
CNOBP,Financial Services,0.016564125,2026-09-21,0.1204290594880677,0.0022508121843971963,10.420742,1.342,0.167,0.102460004
TACH,Unknown,0.01656039,2026-09-21,0.038537583768085915,0.0012703047678580565,10.420742,0.098,0.167,0.05251
ADAMI,Unknown,0.01652734,2026-09-21,0.09578603397551988,0.0035783189876560603,10.420742,0.098,0.167,0.05251
SWKHL,Unknown,0.016514804,2026-09-21,0.07378824358773772,0.0020164306007897643,10.420742,0.098,0.167,0.05251
FTSL,Unknown,0.016482586,2026-09-21,0.039443335546235136,0.0008866753683002345,10.420742,0.098,0.167,0.05251
HYZD,Unknown,0.016461348,2026-09-21,0.06491641455547659,0.0012577361480959086,10.420742,0.098,0.167,0.05251
NEWTI,Unknown,0.016461348,2026-09-21,0.09801047542344676,0.0034619539818471967,10.420742,0.098,0.167,0.05251
MBINM,Unknown,0.016454255,2026-09-21,0.10725114024647042,0.0034574233441497975,10.420742,0.098,0.167,0.05251
OXLCI,Unknown,0.016454032,2026-09-21,0.0786406014617771,0.0021825811333439095,10.420742,0.098,0.167,0.05251
VLYPO,Unknown,0.016336342,2026-09-21,0.0750976292147012,0.002103547046324024,10.420742,0.098,0.167,0.05251
XRPN,Unknown,0.016059522,2026-09-21,0.026213543600924094,0.0014559410973534763,10.420742,0.098,0.167,0.05251
VBIL,Unknown,0.015965113,2026-09-21,0.03785921499902334,0.00015257474590663636,10.420742,0.098,0.167,0.05251
USDX,Unknown,0.015951082,2026-09-21,0.05801887640562864,0.0013461055663363405,10.420742,0.098,0.167,0.05251
CHSCL,Consumer Defensive,0.015782738,2026-09-21,0.04862108344694893,0.00400693600359934,10.420742,0.186,0.167,0.05251
AGZD,Unknown,0.015781013,2026-09-21,0.047776995492483154,0.0009454927726295414,10.420742,0.098,0.167,0.05251
PCMM,Unknown,0.015714157,2026-09-21,0.053943667895476555,0.0007231366619421698,10.420742,0.098,0.167,0.05251
ADAMO,Unknown,0.01569841,2026-09-21,0.031088115865008925,0.0023626546132490874,10.420742,0.098,0.167,0.05251
TRINI,Unknown,0.015665656,2026-09-18,0.031088115865008925,0.0013549520261112256,10.420742,0.098,0.167,0.05251
PAAC,Unknown,0.01543228,2026-09-21,0.031088115865008925,0.0028729513849687334,10.420742,0.098,0.167,0.05251
CLOA,Unknown,0.015390604,2026-09-21,0.05018528730136085,0.00026146658607515105,10.420742,0.098,0.167,0.05251
CHSCO,Consumer Defensive,0.015150531,2026-09-21,0.03502005093615357,0.0034168760820030308,10.420742,0.186,0.167,0.05251
TDWD,Unknown,0.015007374,2026-09-21,0.031088115865008925,0.0008571254264571938,10.420742,0.098,0.167,0.05251
FCLO,Unknown,0.0149544105,2026-09-21,0.031088115865008925,0.0003908274600307456,10.420742,0.098,0.167,0.05251
ADAMG,,0.014799861,2026-09-21,0.1074126572961176,0.0029147751118132922,10.420742,1.298,0.167,0.16438
AOHY,Unknown,0.014450352,2026-09-21,0.03651968371909797,0.0015958487131233002,10.420742,0.098,0.167,0.05251
ADAML,Real Estate,0.012834897,2026-09-21,0.18267373396980813,0.0023144063422016192,10.420742,1.298,0.167,0.16438
ADAMM,Real Estate,0.012346644,2026-09-21,0.14115568081850016,0.0022993036758739397,10.420742,1.298,0.167,0.16438
ADAMH,,0.010740511,2026-09-21,0.1077501220990178,0.001385762538605737,10.420742,1.298,0.167,0.16438
AGNCO,Real Estate,0.0103817275,2026-09-21,0.0958010587648872,0.001359045860482647,10.420742,0.098,0.167,0.19799
AGNCL,Real Estate,0.0103619695,2026-09-21,0.0884180041570728,0.00361226398026749,10.420742,0.098,0.167,0.19799
AGNCN,Real Estate,0.010274875,2026-09-21,0.09431769476239693,0.0016016787432028446,10.420742,0.098,0.167,0.19799
AGNCP,Real Estate,0.010108382,2026-09-21,0.09670002728313198,0.0015517403851632475,10.420742,0.098,0.167,0.19799
AGNCZ,Real Estate,0.009634239,2026-09-21,0.07234019005121817,0.0031605730797505593,10.420742,0.098,0.167,0.19799
AGNCM,Real Estate,0.008141919,2026-09-21,0.10106579312954933,0.001604906286051089,10.420742,0.098,0.167,0.19799
